order_id,customer_id,order_date,status
1,1,2024-09-04,completed
2,1,2024-09-25,completed
3,1,2024-12-26,completed
4,2,2024-09-28,completed
5,2,2024-09-06,completed
6,3,2024-10-14,completed
7,4,2023-10-08,completed
8,4,2023-10-08,completed
9,4,2023-10-08,cancelled
10,4,2024-10-10,completed
11,4,2024-11-20,completed
12,5,2023-10-25,completed
13,5,2023-10-08,completed
14,5,2023-10-25,completed
15,5,2024-07-27,completed
16,5,2024-07-11,completed
17,5,2024-07-11,completed
18,5,2024-07-20,completed
19,6,2024-04-23,completed
20,6,2024-09-16,completed
21,6,2024-10-11,completed
22,6,2024-10-09,completed
23,6,2024-11-14,completed
24,8,2024-06-09,completed
25,8,2024-09-23,completed
26,8,2024-09-21,completed
27,8,2024-09-20,completed
28,9,2023-12-06,completed
29,9,2024-03-18,completed
30,9,2024-03-16,completed
31,9,2024-05-19,completed
32,9,2024-05-27,completed
33,10,2023-07-09,completed
34,10,2023-07-09,completed
35,10,2023-11-16,completed
36,10,2023-11-14,completed
37,10,2023-11-24,completed
38,10,2023-11-21,completed
39,10,2023-12-13,refunded
40,10,2023-12-02,completed
41,10,2024-03-03,completed
42,10,2024-03-23,completed
43,10,2024-07-13,completed
44,10,2024-11-09,completed
45,10,2024-11-09,completed
46,10,2024-11-19,completed
47,11,2024-10-25,completed
48,11,2024-10-27,completed
49,11,2024-10-28,cancelled
50,11,2024-11-21,completed
51,11,2024-11-15,completed
52,11,2024-11-15,completed
53,11,2024-12-08,completed
54,11,2024-12-12,completed
55,11,2024-12-10,completed
56,12,2024-01-11,refunded
57,12,2024-03-23,completed
58,13,2024-10-18,completed
59,13,2024-10-22,completed
60,13,2024-10-13,completed
61,13,2024-12-26,completed
62,13,2024-12-28,completed
63,13,2024-12-05,completed
64,15,2023-12-25,completed
65,15,2023-12-08,completed
66,15,2024-04-18,completed
67,15,2024-04-22,completed
68,15,2024-04-02,completed
69,15,2024-04-14,completed
70,15,2024-05-20,completed
71,15,2024-05-27,completed
72,15,2024-05-06,completed
73,15,2024-05-17,completed
74,15,2024-05-21,completed
75,15,2024-07-25,cancelled
76,15,2024-10-24,completed
77,15,2024-12-11,completed
78,16,2023-06-12,completed
79,16,2023-08-25,completed
80,16,2023-08-23,completed
81,16,2023-10-17,completed
82,16,2023-10-28,completed
83,16,2023-11-13,completed
84,16,2023-11-25,refunded
85,16,2023-11-23,completed
86,16,2024-11-15,completed
87,16,2024-11-04,completed
88,17,2023-10-23,completed
89,17,2024-08-14,completed
90,17,2024-08-10,completed
91,17,2024-08-19,completed
92,17,2024-09-09,completed
93,18,2024-04-04,completed
94,18,2024-04-18,completed
95,18,2024-04-22,completed
96,19,2024-09-15,completed
97,19,2024-09-01,completed
98,19,2024-09-10,completed
99,19,2024-10-14,completed
100,19,2024-11-01,refunded
101,19,2024-11-28,completed
102,19,2024-11-20,completed
103,19,2024-12-03,completed
104,19,2024-12-16,completed
105,19,2024-12-25,completed
106,21,2024-03-15,completed
107,21,2024-03-26,completed
108,21,2024-05-25,completed
109,21,2024-07-17,completed
110,21,2024-07-08,completed
111,21,2024-09-17,completed
112,21,2024-09-20,completed
113,21,2024-11-17,completed
114,21,2024-12-28,completed
115,22,2024-10-01,completed
116,22,2024-10-21,cancelled
117,23,2024-12-10,completed
118,23,2024-12-06,completed
119,23,2024-12-04,completed
120,24,2024-05-05,completed
121,24,2024-05-23,completed
122,24,2024-06-13,completed
123,24,2024-06-17,completed
124,24,2024-08-26,completed
125,24,2024-11-15,completed
126,24,2024-11-16,completed
127,24,2024-12-23,completed
128,24,2024-12-01,completed
129,25,2024-01-03,completed
130,25,2024-03-20,completed
131,25,2024-03-25,completed
132,26,2024-09-01,completed
133,26,2024-09-03,completed
134,26,2024-09-25,completed
135,26,2024-10-21,completed
136,26,2024-11-04,refunded
137,26,2024-11-14,completed
138,26,2024-12-21,completed
139,26,2024-12-25,completed
140,27,2024-02-21,completed
141,27,2024-04-16,cancelled
142,28,2023-11-25,completed
143,28,2024-01-17,completed
144,28,2024-01-12,completed
145,28,2024-02-22,completed
146,28,2024-02-18,completed
147,28,2024-05-12,completed
148,28,2024-06-25,completed
149,28,2024-06-01,completed
150,28,2024-11-14,completed
151,28,2024-11-16,refunded
152,28,2024-12-27,completed
153,28,2024-12-22,completed
154,29,2024-04-26,completed
155,29,2024-04-18,completed
156,29,2024-04-20,completed
157,29,2024-05-11,completed
158,29,2024-05-08,completed
159,29,2024-09-09,completed
160,30,2024-10-05,completed
161,31,2024-09-01,completed
162,31,2024-09-05,completed
163,31,2024-12-11,completed
164,31,2024-12-20,completed
165,32,2023-05-22,completed
166,32,2023-10-23,completed
167,32,2023-10-06,completed
168,32,2023-11-21,completed
169,32,2023-11-12,completed
170,32,2023-12-15,completed
171,32,2023-12-06,refunded
172,32,2024-06-14,completed
173,32,2024-06-19,completed
174,32,2024-10-02,completed
175,32,2024-10-20,completed
176,36,2023-12-05,completed
177,36,2023-12-01,completed
178,36,2024-05-26,completed
179,36,2024-07-18,completed
180,36,2024-07-08,completed
181,36,2024-10-04,completed
182,36,2024-10-21,completed
183,36,2024-10-11,completed
184,36,2024-10-22,completed
185,36,2024-11-03,completed
186,36,2024-11-24,completed
187,36,2024-12-13,completed
188,36,2024-12-09,completed
189,37,2023-09-02,completed
190,37,2023-12-07,completed
191,37,2024-01-14,completed
192,37,2024-01-20,completed
193,37,2024-01-13,completed
194,37,2024-04-22,cancelled
195,37,2024-04-06,completed
196,37,2024-04-13,completed
197,37,2024-11-17,completed
198,38,2024-09-22,completed
199,38,2024-09-03,completed
200,38,2024-10-21,completed
201,38,2024-10-13,completed
202,38,2024-11-22,completed
203,38,2024-12-18,completed
204,38,2024-12-10,completed
205,38,2024-12-20,refunded
206,39,2024-09-18,completed
207,39,2024-09-17,completed
208,39,2024-09-07,completed
209,39,2024-09-27,completed
210,39,2024-11-17,completed
211,40,2023-03-22,completed
212,40,2023-03-28,completed
213,40,2023-12-22,completed
214,40,2023-12-01,completed
215,41,2023-06-09,completed
216,41,2023-06-09,completed
217,41,2023-08-27,completed
218,41,2023-08-24,completed
219,41,2023-08-02,completed
220,41,2024-05-13,completed
221,41,2024-06-15,completed
222,41,2024-06-17,completed
223,41,2024-10-02,completed
224,41,2024-10-13,completed
225,41,2024-12-12,completed
226,41,2024-12-07,completed
227,42,2023-07-21,completed
228,42,2023-07-10,refunded
229,42,2023-07-20,completed
230,42,2023-08-17,completed
231,42,2023-12-16,completed
232,42,2023-12-02,completed
233,42,2024-02-24,completed
234,42,2024-12-03,completed
235,42,2024-12-09,completed
236,43,2024-11-04,completed
237,44,2024-02-04,completed
238,44,2024-02-04,completed
239,44,2024-10-13,completed
240,45,2024-04-03,completed
241,45,2024-04-16,completed
242,45,2024-05-28,completed
243,45,2024-06-04,completed
244,45,2024-07-08,completed
245,45,2024-07-23,completed
246,45,2024-08-21,completed
247,45,2024-08-27,completed
248,45,2024-10-22,completed
249,45,2024-10-15,completed
250,45,2024-10-08,completed
251,45,2024-11-10,completed
252,45,2024-11-16,completed
253,45,2024-12-10,completed
254,45,2024-12-22,completed
255,45,2024-12-07,completed
256,46,2024-08-11,completed
257,46,2024-08-22,completed
258,46,2024-08-18,completed
259,46,2024-10-23,completed
260,46,2024-11-05,completed
261,46,2024-11-20,completed
262,46,2024-11-12,completed
263,47,2024-09-28,completed
264,47,2024-09-05,completed
265,47,2024-11-28,completed
266,47,2024-11-19,completed
267,48,2023-02-19,cancelled
268,48,2023-02-07,completed
269,48,2023-04-05,completed
270,48,2023-04-02,completed
271,48,2023-05-26,completed
272,48,2023-05-03,completed
273,48,2023-08-15,completed
274,48,2023-08-25,cancelled
275,48,2023-10-01,completed
276,48,2023-10-13,completed
277,48,2023-10-10,refunded
278,48,2023-11-09,completed
279,48,2023-11-24,completed
280,48,2024-05-15,completed
281,48,2024-05-09,completed
282,48,2024-05-08,completed
283,48,2024-09-03,completed
284,48,2024-11-01,refunded
285,49,2023-12-11,completed
286,49,2023-12-14,completed
287,49,2023-12-02,completed
288,49,2024-01-26,completed
289,49,2024-01-18,completed
290,49,2024-04-01,completed
291,49,2024-06-19,completed
292,49,2024-06-17,completed
293,49,2024-12-15,completed
294,49,2024-12-28,completed
295,50,2024-10-18,completed
296,51,2023-10-17,completed
297,51,2024-01-16,refunded
298,51,2024-01-21,completed
299,51,2024-01-10,completed
300,51,2024-03-25,completed
301,51,2024-03-23,completed
302,51,2024-03-28,completed
303,51,2024-03-07,completed
304,51,2024-03-20,completed
305,51,2024-06-24,completed
306,51,2024-06-20,completed
307,51,2024-08-22,completed
308,51,2024-08-26,completed
309,51,2024-08-22,completed
310,51,2024-08-15,completed
311,51,2024-08-09,completed
312,51,2024-10-15,completed
313,51,2024-11-14,completed
314,52,2024-06-07,completed
315,52,2024-07-08,completed
316,52,2024-07-17,completed
317,52,2024-07-13,completed
318,52,2024-12-14,completed
319,53,2023-07-04,completed
320,53,2023-07-14,completed
321,53,2024-07-09,completed
322,53,2024-07-07,refunded
323,54,2023-11-11,completed
324,54,2023-12-10,completed
325,54,2024-02-16,completed
326,54,2024-04-21,refunded
327,54,2024-09-16,completed
328,54,2024-09-19,completed
329,54,2024-11-03,completed
330,54,2024-11-05,completed
331,54,2024-11-25,completed
332,54,2024-11-20,refunded
333,54,2024-11-05,completed
334,54,2024-12-11,refunded
335,55,2023-08-24,completed
336,55,2023-08-13,completed
337,55,2023-08-21,completed
338,55,2023-08-23,completed
339,55,2023-09-01,completed
340,55,2023-11-05,completed
341,55,2023-11-20,completed
342,55,2024-02-18,completed
343,55,2024-02-28,completed
344,55,2024-02-17,completed
345,55,2024-04-07,completed
346,55,2024-04-28,completed
347,55,2024-06-10,completed
348,55,2024-07-22,completed
349,55,2024-07-20,completed
350,55,2024-11-08,completed
351,55,2024-11-26,completed
352,55,2024-12-17,completed
353,55,2024-12-01,completed
354,55,2024-12-20,completed
355,56,2023-11-17,completed
356,56,2023-11-12,completed
357,56,2024-01-19,completed
358,56,2024-01-19,completed
359,57,2023-04-18,completed
360,57,2023-05-18,completed
361,57,2023-05-05,completed
362,57,2023-06-04,completed
363,57,2023-06-05,completed
364,57,2023-07-01,completed
365,57,2023-07-16,cancelled
366,57,2023-07-24,refunded
367,57,2023-08-28,completed
368,57,2023-08-02,completed
369,57,2023-09-17,completed
370,57,2023-09-02,completed
371,57,2023-10-08,completed
372,57,2023-10-25,completed
373,57,2023-11-18,completed
374,57,2023-11-15,completed
375,57,2023-11-15,completed
376,57,2024-02-11,completed
377,57,2024-05-20,completed
378,57,2024-05-02,completed
379,57,2024-06-01,completed
380,57,2024-06-01,completed
381,57,2024-06-09,completed
382,57,2024-07-26,completed
383,57,2024-07-26,completed
384,57,2024-07-17,completed
385,57,2024-10-14,completed
386,57,2024-11-08,completed
387,57,2024-11-12,completed
388,57,2024-11-28,completed
389,57,2024-12-23,completed
390,57,2024-12-08,completed
391,58,2023-12-13,completed
392,58,2023-12-18,completed
393,58,2024-01-08,completed
394,58,2024-01-12,completed
395,58,2024-01-15,completed
396,58,2024-02-26,completed
397,58,2024-02-08,completed
398,58,2024-05-03,completed
399,58,2024-05-27,completed
400,59,2024-04-16,cancelled
401,59,2024-04-19,completed
402,59,2024-07-28,completed
403,59,2024-07-09,completed
404,59,2024-08-09,completed
405,59,2024-08-23,completed
406,59,2024-11-01,completed
407,59,2024-11-20,completed
408,59,2024-11-18,completed
409,60,2023-10-04,cancelled
410,60,2023-10-24,completed
411,60,2023-11-11,completed
412,60,2023-11-17,completed
413,60,2023-12-17,completed
414,60,2023-12-13,completed
415,60,2024-03-13,completed
416,60,2024-03-05,completed
417,60,2024-09-11,completed
418,60,2024-09-01,completed
419,60,2024-11-23,refunded
420,60,2024-12-17,completed
421,60,2024-12-06,completed
422,61,2023-11-26,completed
423,61,2023-11-27,completed
424,61,2023-11-02,completed
425,61,2024-07-15,completed
426,61,2024-07-10,completed
427,61,2024-08-16,completed
428,61,2024-08-08,completed
429,61,2024-10-10,completed
430,61,2024-10-19,completed
431,62,2024-05-07,refunded
432,62,2024-07-03,completed
433,62,2024-09-11,completed
434,62,2024-09-03,completed
435,63,2024-08-21,completed
436,64,2024-10-07,completed
437,65,2023-12-03,completed
438,65,2023-12-28,completed
439,65,2023-12-19,completed
440,65,2024-04-15,completed
441,65,2024-07-19,completed
442,65,2024-12-08,completed
443,65,2024-12-10,completed
444,65,2024-12-24,completed
445,66,2024-06-22,completed
446,66,2024-06-18,completed
447,68,2024-04-02,completed
448,68,2024-06-07,completed
449,68,2024-11-03,completed
450,69,2023-07-03,cancelled
451,69,2023-09-07,completed
452,69,2023-09-04,completed
453,69,2023-12-09,cancelled
454,69,2023-12-06,completed
455,69,2024-07-17,completed
456,69,2024-07-27,completed
457,69,2024-10-20,refunded
458,69,2024-10-28,completed
459,69,2024-10-07,completed
460,71,2024-09-24,completed
461,71,2024-09-11,completed
462,72,2023-10-20,completed
463,72,2023-10-22,completed
464,72,2023-10-18,completed
465,72,2024-01-06,completed
466,72,2024-01-23,completed
467,72,2024-01-07,completed
468,74,2023-09-07,completed
469,74,2023-09-10,completed
470,74,2023-09-24,completed
471,74,2023-10-22,completed
472,74,2023-11-06,completed
473,74,2023-11-19,completed
474,74,2024-06-26,completed
475,74,2024-06-08,completed
476,74,2024-09-14,completed
477,74,2024-12-28,completed
478,74,2024-12-04,completed
479,75,2023-10-18,cancelled
480,75,2024-09-24,completed
481,75,2024-10-16,completed
482,75,2024-10-23,completed
483,75,2024-10-04,completed
484,76,2024-11-21,completed
485,76,2024-12-05,completed
486,76,2024-12-05,completed
487,77,2023-11-12,completed
488,77,2024-03-26,completed
489,77,2024-03-03,cancelled
490,77,2024-03-16,completed
491,78,2023-08-27,completed
492,78,2023-08-22,completed
493,78,2023-08-06,refunded
494,78,2023-09-15,completed
495,78,2023-09-20,completed
496,78,2023-09-26,completed
497,78,2023-10-13,completed
498,78,2023-11-03,completed
499,78,2023-11-19,completed
500,78,2023-12-09,completed
501,78,2024-09-28,completed
502,78,2024-09-03,completed
503,78,2024-10-01,refunded
504,78,2024-10-02,completed
505,78,2024-10-18,completed
506,79,2024-11-28,completed
507,80,2024-11-28,completed
508,81,2023-05-02,completed
509,81,2023-07-10,completed
510,81,2023-08-07,completed
511,81,2024-02-22,completed
512,81,2024-02-12,completed
513,81,2024-02-11,completed
514,81,2024-04-19,completed
515,81,2024-04-06,completed
516,81,2024-09-10,completed
517,81,2024-09-01,completed
518,81,2024-12-11,completed
519,82,2024-09-13,completed
520,82,2024-09-16,completed
521,82,2024-11-24,completed
522,83,2024-10-08,completed
523,83,2024-10-12,completed
524,83,2024-11-15,completed
525,83,2024-11-25,completed
526,83,2024-11-18,completed
527,83,2024-11-27,completed
528,85,2023-10-01,completed
529,85,2023-10-20,completed
530,85,2023-12-14,completed
531,85,2024-01-18,completed
532,85,2024-01-13,completed
533,85,2024-01-13,completed
534,85,2024-04-13,completed
535,85,2024-04-27,completed
536,85,2024-04-06,completed
537,85,2024-05-11,refunded
538,85,2024-05-19,completed
539,85,2024-05-23,completed
540,85,2024-06-18,completed
541,86,2023-10-05,completed
542,86,2023-10-03,completed
543,86,2023-10-05,completed
544,86,2023-10-15,completed
545,86,2024-03-13,cancelled
546,86,2024-03-10,completed
547,86,2024-03-28,completed
548,86,2024-03-07,completed
549,86,2024-03-01,completed
550,86,2024-04-10,cancelled
551,86,2024-12-07,completed
552,87,2023-05-26,completed
553,87,2023-05-27,completed
554,87,2023-05-05,completed
555,87,2023-05-11,completed
556,87,2023-09-22,completed
557,87,2023-09-17,completed
558,87,2023-09-22,completed
559,87,2023-11-03,refunded
560,87,2023-11-03,completed
561,87,2024-03-06,completed
562,87,2024-04-17,completed
563,87,2024-04-10,completed
564,87,2024-04-27,completed
565,87,2024-06-26,completed
566,87,2024-06-10,completed
567,87,2024-08-08,completed
568,87,2024-08-07,completed
569,87,2024-11-11,completed
570,87,2024-11-03,completed
571,87,2024-11-16,completed
572,88,2023-06-18,completed
573,88,2023-06-01,completed
574,88,2023-08-10,completed
575,88,2023-08-09,completed
576,88,2023-08-08,completed
577,88,2023-08-27,completed
578,88,2023-09-04,completed
579,88,2023-09-28,cancelled
580,88,2023-10-23,completed
581,88,2023-10-01,completed
582,88,2023-11-19,completed
583,88,2023-12-22,completed
584,88,2023-12-05,completed
585,88,2024-02-07,completed
586,88,2024-03-13,completed
587,88,2024-03-05,completed
588,88,2024-03-25,completed
589,88,2024-04-03,completed
590,88,2024-04-03,completed
591,88,2024-04-19,completed
592,88,2024-05-18,completed
593,88,2024-08-23,completed
594,88,2024-08-11,refunded
595,88,2024-09-25,completed
596,88,2024-10-24,completed
597,88,2024-10-03,completed
598,88,2024-11-19,completed
599,88,2024-11-20,completed
600,88,2024-11-19,completed
601,88,2024-11-28,completed
602,88,2024-12-01,completed
603,88,2024-12-01,completed
604,88,2024-12-13,completed
605,88,2024-12-08,completed
606,89,2024-03-26,completed
607,89,2024-09-01,completed
608,89,2024-09-11,completed
609,89,2024-09-25,completed
610,90,2024-10-28,completed
611,92,2023-10-06,completed
612,92,2023-12-12,completed
613,92,2023-12-08,completed
614,92,2023-12-15,completed
615,92,2023-12-02,completed
616,92,2024-05-22,refunded
617,92,2024-06-08,completed
618,92,2024-07-24,completed
619,92,2024-07-04,completed
620,92,2024-07-24,completed
621,92,2024-08-15,completed
622,92,2024-08-08,completed
623,92,2024-10-09,completed
624,92,2024-10-06,completed
625,92,2024-11-12,completed
626,92,2024-11-03,completed
627,92,2024-11-11,completed
628,93,2023-07-21,completed
629,93,2023-07-03,completed
630,93,2023-07-05,completed
631,93,2023-07-08,completed
632,93,2023-10-02,completed
633,93,2023-10-13,completed
634,93,2023-10-11,completed
635,93,2024-06-15,completed
636,93,2024-06-13,completed
637,93,2024-07-07,completed
638,93,2024-07-08,completed
639,93,2024-12-03,completed
640,93,2024-12-14,completed
641,93,2024-12-07,completed
642,94,2023-07-04,completed
643,95,2023-08-17,completed
644,95,2023-08-01,completed
645,96,2024-05-12,completed
646,96,2024-05-22,completed
647,96,2024-07-23,completed
648,96,2024-07-15,completed
649,96,2024-07-07,completed
650,96,2024-08-25,completed
651,96,2024-11-25,completed
652,96,2024-11-18,completed
653,96,2024-12-18,completed
654,96,2024-12-10,completed
655,97,2023-07-27,completed
656,97,2023-07-27,completed
657,97,2023-07-07,completed
658,97,2023-10-14,completed
659,97,2023-10-27,completed
660,97,2023-11-22,completed
661,97,2024-09-24,completed
662,97,2024-09-04,completed
663,97,2024-09-01,completed
664,98,2024-09-08,completed
665,98,2024-09-01,completed
666,98,2024-09-09,completed
667,98,2024-10-03,refunded
668,99,2023-12-17,completed
669,99,2023-12-10,completed
670,99,2023-12-06,completed
671,99,2024-01-26,completed
672,99,2024-02-26,completed
673,99,2024-02-04,completed
674,99,2024-03-15,completed
675,99,2024-03-21,completed
676,99,2024-03-05,completed
677,99,2024-04-06,completed
678,99,2024-04-04,completed
679,99,2024-05-13,completed
680,99,2024-05-04,completed
681,99,2024-06-14,completed
682,99,2024-07-10,completed
683,99,2024-07-08,completed
684,99,2024-08-13,completed
685,99,2024-08-22,completed
686,99,2024-09-12,completed
687,99,2024-10-22,completed
688,99,2024-11-04,refunded
689,99,2024-11-23,completed
690,99,2024-11-09,completed
691,99,2024-11-27,completed
692,99,2024-11-14,completed
693,99,2024-12-07,completed
694,99,2024-12-11,refunded
695,99,2024-12-05,completed
696,100,2024-08-12,completed
697,100,2024-08-14,completed
698,100,2024-10-25,completed
699,100,2024-10-11,completed
700,100,2024-10-03,completed
701,101,2024-05-16,completed
702,101,2024-05-05,completed
703,101,2024-06-15,completed
704,102,2023-07-02,completed
705,102,2023-10-20,completed
706,102,2023-10-21,completed
707,102,2023-10-22,completed
708,102,2023-11-16,completed
709,102,2023-11-26,completed
710,102,2023-11-04,completed
711,102,2023-11-25,completed
712,102,2024-01-20,completed
713,102,2024-01-27,completed
714,102,2024-01-12,completed
715,104,2023-11-02,completed
716,104,2023-12-06,refunded
717,104,2024-05-23,completed
718,105,2024-01-22,completed
719,105,2024-11-04,completed
720,105,2024-11-25,completed
721,107,2023-08-27,completed
722,107,2023-11-18,completed
723,107,2023-12-21,completed
724,107,2023-12-13,completed
725,107,2024-01-06,completed
726,107,2024-01-27,completed
727,107,2024-01-21,completed
728,107,2024-01-17,completed
729,107,2024-02-13,completed
730,107,2024-02-27,completed
731,107,2024-02-28,cancelled
732,107,2024-03-23,completed
733,107,2024-03-02,completed
734,107,2024-04-02,completed
735,107,2024-04-27,completed
736,107,2024-07-12,completed
737,107,2024-07-01,completed
738,107,2024-08-24,completed
739,107,2024-08-02,refunded
740,107,2024-11-09,completed
741,107,2024-11-18,completed
742,107,2024-11-24,completed
743,107,2024-12-18,completed
744,107,2024-12-19,completed
745,107,2024-12-19,completed
746,108,2023-03-26,completed
747,108,2023-03-14,completed
748,108,2023-03-02,completed
749,108,2023-07-07,completed
750,108,2023-10-19,completed
751,108,2023-10-01,completed
752,108,2024-04-02,completed
753,108,2024-04-01,completed
754,108,2024-04-23,completed
755,108,2024-11-14,completed
756,108,2024-12-28,completed
757,109,2023-01-11,completed
758,109,2023-01-10,completed
759,109,2023-03-03,completed
760,109,2023-03-24,completed
761,109,2023-05-01,completed
762,109,2023-05-19,completed
763,109,2023-05-25,completed
764,109,2023-05-11,completed
765,109,2023-10-19,completed
766,109,2023-10-06,completed
767,109,2023-11-09,completed
768,109,2023-11-19,completed
769,109,2023-11-17,completed
770,109,2023-11-13,completed
771,109,2023-12-25,completed
772,109,2023-12-04,completed
773,109,2023-12-18,completed
774,109,2024-03-04,completed
775,109,2024-03-06,completed
776,109,2024-07-10,completed
777,109,2024-10-08,completed
778,109,2024-10-17,completed
779,109,2024-11-11,completed
780,109,2024-11-14,completed
781,110,2024-09-14,completed
782,110,2024-09-12,completed
783,110,2024-11-01,completed
784,110,2024-11-15,completed
785,110,2024-11-05,completed
786,110,2024-12-22,cancelled
787,110,2024-12-11,completed
788,110,2024-12-04,completed
789,110,2024-12-11,completed
790,110,2024-12-19,completed
791,110,2024-12-14,completed
792,111,2023-12-21,completed
793,111,2024-05-01,completed
794,111,2024-05-04,completed
795,111,2024-06-12,completed
796,111,2024-06-15,completed
797,111,2024-06-11,completed
798,111,2024-06-10,completed
799,111,2024-06-18,completed
800,112,2023-11-03,completed
801,112,2023-12-01,completed
802,112,2023-12-21,completed
803,112,2023-12-02,completed
804,112,2024-01-11,completed
805,112,2024-01-16,completed
806,112,2024-03-26,completed
807,112,2024-03-09,completed
808,112,2024-03-23,completed
809,112,2024-04-17,completed
810,112,2024-09-02,completed
811,112,2024-10-14,completed
812,112,2024-10-25,completed
813,112,2024-10-15,completed
814,114,2023-08-01,completed
815,114,2023-08-11,completed
816,114,2023-12-27,completed
817,114,2023-12-11,completed
818,114,2023-12-16,completed
819,114,2024-01-22,completed
820,114,2024-01-02,completed
821,114,2024-03-16,completed
822,114,2024-03-20,completed
823,114,2024-03-17,completed
824,114,2024-06-01,completed
825,114,2024-06-28,completed
826,114,2024-09-10,completed
827,114,2024-10-09,completed
828,114,2024-10-22,refunded
829,114,2024-10-26,completed
830,114,2024-11-02,completed
831,115,2023-09-11,refunded
832,115,2023-09-25,completed
833,115,2024-01-21,completed
834,115,2024-01-12,completed
835,115,2024-12-18,completed
836,116,2024-11-05,completed
837,116,2024-11-21,completed
838,116,2024-11-21,completed
839,116,2024-11-22,cancelled
840,116,2024-11-07,completed
841,117,2024-04-16,completed
842,117,2024-04-08,completed
843,117,2024-04-27,completed
844,119,2023-09-22,completed
845,119,2023-09-17,completed
846,119,2023-09-27,completed
847,119,2023-10-20,completed
848,119,2023-10-26,completed
849,119,2023-10-28,completed
850,119,2023-11-25,completed
851,119,2023-11-07,completed
852,119,2024-06-06,completed
853,119,2024-06-24,completed
854,119,2024-09-12,completed
855,119,2024-09-16,completed
856,120,2023-02-14,completed
857,120,2023-02-21,completed
858,120,2024-01-15,completed
859,120,2024-01-07,completed
860,120,2024-01-14,completed
861,120,2024-08-07,completed
862,121,2023-06-01,completed
863,121,2023-11-09,completed
864,121,2023-11-13,completed
865,122,2023-04-06,completed
866,122,2023-12-07,completed
867,122,2023-12-08,completed
868,122,2023-12-20,completed
869,122,2024-01-28,refunded
870,122,2024-01-07,completed
871,122,2024-09-03,completed
872,122,2024-10-09,completed
873,122,2024-11-02,completed
874,122,2024-11-07,completed
875,122,2024-11-18,completed
876,122,2024-11-11,completed
877,125,2023-12-27,completed
878,125,2023-12-25,completed
879,125,2023-12-13,completed
880,126,2024-09-13,completed
881,126,2024-09-09,completed
882,126,2024-09-13,cancelled
883,126,2024-09-07,completed
884,127,2024-03-25,completed
885,127,2024-03-19,completed
886,127,2024-08-10,cancelled
887,127,2024-08-20,completed
888,127,2024-12-21,completed
889,127,2024-12-25,completed
890,128,2024-12-09,completed
891,128,2024-12-27,completed
892,129,2023-10-12,completed
893,129,2023-11-01,completed
894,129,2023-11-09,completed
895,129,2024-01-27,completed
896,129,2024-01-24,completed
897,129,2024-01-07,completed
898,129,2024-01-17,completed
899,129,2024-02-05,completed
900,129,2024-02-08,completed
901,129,2024-08-10,completed
902,129,2024-08-13,completed
903,129,2024-12-17,completed
904,129,2024-12-26,completed
905,130,2024-08-02,completed
906,130,2024-08-09,completed
907,130,2024-09-26,completed
908,130,2024-11-09,completed
909,130,2024-12-15,completed
910,130,2024-12-27,completed
911,131,2024-01-27,completed
912,131,2024-01-23,completed
913,131,2024-03-14,completed
914,131,2024-03-26,completed
915,131,2024-05-15,completed
916,131,2024-08-12,completed
917,131,2024-08-14,completed
918,131,2024-09-18,completed
919,131,2024-09-02,completed
920,131,2024-09-15,completed
921,131,2024-09-22,completed
922,131,2024-12-25,completed
923,131,2024-12-06,completed
924,131,2024-12-07,completed
925,131,2024-12-16,completed
926,132,2024-07-14,completed
927,132,2024-11-12,completed
928,133,2023-08-20,completed
929,133,2023-08-12,completed
930,133,2023-11-23,completed
931,133,2024-03-22,cancelled
932,133,2024-03-22,completed
933,133,2024-04-22,completed
934,133,2024-04-14,completed
935,133,2024-04-09,completed
936,133,2024-06-07,completed
937,133,2024-06-03,completed
938,134,2024-06-21,completed
939,134,2024-06-26,completed
940,134,2024-06-09,completed
941,135,2023-05-05,completed
942,135,2023-05-11,refunded
943,135,2024-01-12,completed
944,135,2024-01-19,completed
945,135,2024-03-25,completed
946,135,2024-03-14,completed
947,135,2024-09-06,completed
948,135,2024-09-15,completed
949,135,2024-10-10,completed
950,135,2024-10-16,completed
951,135,2024-11-10,completed
952,135,2024-11-14,completed
953,135,2024-11-01,completed
954,136,2023-10-15,completed
955,136,2023-11-15,completed
956,136,2023-12-06,completed
957,136,2023-12-28,completed
958,136,2024-05-07,completed
959,136,2024-05-20,completed
960,137,2023-12-24,completed
961,137,2023-12-09,completed
962,137,2024-09-18,completed
963,137,2024-11-07,completed
964,137,2024-11-01,completed
965,138,2023-04-04,completed
966,138,2023-04-12,completed
967,138,2023-04-06,cancelled
968,138,2023-05-07,completed
969,138,2023-05-03,completed
970,138,2023-05-22,completed
971,138,2023-11-24,completed
972,138,2023-12-23,completed
973,138,2024-11-18,completed
974,138,2024-11-23,completed
975,138,2024-11-23,completed
976,138,2024-12-17,completed
977,139,2024-07-12,completed
978,139,2024-12-23,completed
979,139,2024-12-16,completed
980,139,2024-12-11,completed
981,139,2024-12-11,completed
982,139,2024-12-11,completed
983,139,2024-12-22,completed
984,140,2024-07-04,completed
985,140,2024-07-23,completed
986,140,2024-12-14,completed
987,141,2024-01-05,completed
988,141,2024-01-11,completed
989,141,2024-06-08,completed
990,141,2024-06-27,completed
991,141,2024-07-16,completed
992,141,2024-07-22,completed
993,141,2024-07-16,completed
994,141,2024-07-20,completed
995,141,2024-11-13,completed
996,141,2024-11-23,completed
997,141,2024-12-20,completed
998,142,2023-07-20,completed
999,142,2023-07-23,completed
1000,142,2023-07-06,completed
1001,142,2023-07-18,completed
1002,142,2023-08-20,completed
1003,142,2023-08-17,completed
1004,142,2023-10-27,completed
1005,142,2023-10-05,completed
1006,142,2024-05-15,completed
1007,142,2024-05-26,completed
1008,142,2024-06-04,completed
1009,142,2024-06-03,refunded
1010,142,2024-11-09,completed
1011,142,2024-11-01,completed
1012,142,2024-12-08,completed
1013,143,2024-03-05,completed
1014,143,2024-03-23,completed
1015,143,2024-03-14,completed
1016,143,2024-07-27,completed
1017,143,2024-07-16,completed
1018,143,2024-07-25,completed
1019,143,2024-07-22,completed
1020,143,2024-08-15,completed
1021,144,2024-02-17,completed
1022,144,2024-02-03,completed
1023,144,2024-02-12,completed
1024,145,2023-12-23,completed
1025,145,2023-12-25,completed
1026,145,2024-01-11,completed
1027,145,2024-01-09,completed
1028,145,2024-03-15,completed
1029,145,2024-03-26,completed
1030,145,2024-06-23,refunded
1031,145,2024-06-08,completed
1032,145,2024-07-25,completed
1033,145,2024-07-17,completed
1034,145,2024-08-03,completed
1035,145,2024-08-27,completed
1036,145,2024-12-26,completed
1037,145,2024-12-07,completed
1038,146,2024-06-28,completed
1039,146,2024-06-24,completed
1040,146,2024-06-25,completed
1041,146,2024-06-20,completed
1042,146,2024-07-12,completed
1043,146,2024-07-05,completed
1044,147,2024-09-18,completed
1045,148,2023-03-13,completed
1046,148,2023-07-02,completed
1047,148,2023-10-15,completed
1048,148,2023-12-16,completed
1049,148,2024-05-12,completed
1050,148,2024-05-18,completed
1051,149,2023-07-20,refunded
1052,149,2023-07-05,completed
1053,149,2024-12-27,completed
1054,150,2024-05-04,completed
1055,150,2024-05-17,completed
1056,150,2024-05-20,completed
1057,150,2024-06-03,completed
1058,150,2024-06-26,completed
1059,150,2024-06-12,completed
1060,151,2023-08-10,completed
1061,151,2023-08-03,completed
1062,151,2023-12-04,completed
1063,151,2023-12-09,completed
1064,152,2024-08-22,completed
1065,152,2024-08-21,completed
1066,152,2024-08-04,completed
1067,152,2024-11-21,completed
1068,152,2024-11-20,completed
1069,152,2024-12-05,completed
1070,153,2023-12-12,completed
1071,153,2023-12-11,completed
1072,153,2024-06-08,completed
1073,154,2024-08-25,completed
1074,155,2024-09-27,completed
1075,155,2024-09-21,completed
1076,155,2024-09-21,refunded
1077,155,2024-09-14,completed
1078,155,2024-10-28,completed
1079,155,2024-11-25,completed
1080,155,2024-11-21,completed
1081,155,2024-11-24,completed
1082,156,2023-11-25,completed
1083,156,2023-11-04,completed
1084,156,2023-11-01,completed
1085,156,2023-12-16,completed
1086,156,2023-12-26,completed
1087,156,2023-12-16,completed
1088,156,2023-12-27,completed
1089,157,2023-03-17,completed
1090,157,2023-03-11,cancelled
1091,157,2023-08-18,completed
1092,157,2023-11-01,completed
1093,157,2023-11-04,completed
1094,157,2023-12-06,completed
1095,157,2023-12-14,completed
1096,157,2024-05-25,completed
1097,157,2024-06-20,completed
1098,157,2024-08-27,completed
1099,157,2024-08-24,completed
1100,158,2024-08-09,completed
1101,158,2024-09-12,completed
1102,158,2024-09-24,completed
1103,158,2024-09-05,completed
1104,158,2024-09-25,completed
1105,158,2024-11-22,completed
1106,158,2024-12-15,completed
1107,158,2024-12-10,completed
1108,159,2023-07-24,completed
1109,159,2023-07-13,completed
1110,159,2023-09-09,completed
1111,159,2024-06-20,completed
1112,159,2024-08-03,completed
1113,159,2024-09-24,completed
1114,159,2024-11-22,completed
1115,160,2023-12-23,completed
1116,160,2023-12-15,completed
1117,160,2024-07-18,completed
1118,160,2024-07-28,completed
1119,160,2024-07-13,completed
1120,160,2024-08-28,completed
1121,160,2024-09-04,completed
1122,160,2024-09-14,completed
1123,163,2023-01-10,refunded
1124,163,2023-01-28,completed
1125,163,2023-11-17,completed
1126,163,2023-11-14,completed
1127,163,2024-03-25,completed
1128,163,2024-07-25,completed
1129,163,2024-07-11,completed
1130,163,2024-08-02,completed
1131,164,2024-07-13,completed
1132,164,2024-11-09,completed
1133,164,2024-11-06,completed
1134,164,2024-11-20,completed
1135,165,2023-09-19,completed
1136,165,2023-10-11,completed
1137,165,2023-10-04,completed
1138,165,2023-12-04,refunded
1139,165,2023-12-28,completed
1140,165,2023-12-19,completed
1141,165,2023-12-01,completed
1142,165,2024-03-12,completed
1143,165,2024-03-06,completed
1144,165,2024-04-27,completed
1145,165,2024-04-10,completed
1146,165,2024-04-25,completed
1147,165,2024-05-15,completed
1148,165,2024-05-20,completed
1149,165,2024-05-04,completed
1150,165,2024-07-17,completed
1151,165,2024-07-25,completed
1152,165,2024-09-17,completed
1153,165,2024-11-13,refunded
1154,165,2024-11-05,completed
1155,165,2024-12-28,completed
1156,165,2024-12-21,completed
1157,165,2024-12-11,completed
1158,165,2024-12-08,completed
1159,166,2024-05-16,completed
1160,166,2024-05-02,completed
1161,166,2024-05-19,cancelled
1162,166,2024-06-12,completed
1163,166,2024-11-02,completed
1164,166,2024-11-15,completed
1165,166,2024-11-13,completed
1166,167,2024-02-01,completed
1167,167,2024-02-17,completed
1168,167,2024-02-12,completed
1169,167,2024-03-18,completed
1170,167,2024-03-05,completed
1171,167,2024-03-05,completed
1172,167,2024-04-28,completed
1173,167,2024-06-17,completed
1174,167,2024-06-11,completed
1175,167,2024-12-07,completed
1176,167,2024-12-06,completed
1177,169,2023-10-13,completed
1178,169,2023-11-03,completed
1179,169,2023-11-12,completed
1180,169,2023-11-05,completed
1181,169,2024-03-17,completed
1182,169,2024-03-05,completed
1183,169,2024-07-01,completed
1184,169,2024-07-19,completed
1185,169,2024-07-10,completed
1186,170,2023-06-07,completed
1187,170,2023-06-09,completed
1188,170,2023-06-21,completed
1189,170,2023-12-09,completed
1190,170,2024-11-15,completed
1191,170,2024-11-16,completed
1192,171,2024-12-11,completed
1193,171,2024-12-22,completed
1194,171,2024-12-18,completed
1195,172,2023-06-10,completed
1196,172,2023-06-20,completed
1197,172,2023-06-12,completed
1198,172,2023-08-26,completed
1199,172,2023-09-14,completed
1200,172,2023-09-25,completed
1201,172,2023-09-22,completed
1202,172,2023-09-11,refunded
1203,172,2023-10-22,completed
1204,172,2023-11-20,completed
1205,172,2023-12-17,completed
1206,172,2023-12-23,completed
1207,172,2023-12-11,completed
1208,172,2023-12-03,completed
1209,172,2024-02-17,completed
1210,172,2024-02-08,completed
1211,172,2024-03-07,completed
1212,172,2024-03-12,completed
1213,172,2024-04-21,completed
1214,172,2024-04-08,completed
1215,172,2024-05-21,completed
1216,172,2024-05-09,completed
1217,172,2024-06-01,completed
1218,172,2024-07-28,completed
1219,172,2024-07-28,completed
1220,172,2024-08-26,completed
1221,172,2024-08-18,completed
1222,172,2024-11-26,completed
1223,172,2024-11-01,completed
1224,172,2024-11-24,completed
1225,172,2024-12-26,completed
1226,172,2024-12-16,completed
1227,172,2024-12-24,completed
1228,172,2024-12-23,completed
1229,172,2024-12-13,completed
1230,172,2024-12-15,completed
1231,173,2023-09-26,completed
1232,173,2023-09-15,completed
1233,173,2023-09-21,completed
1234,173,2024-10-28,completed
1235,173,2024-11-17,completed
1236,173,2024-11-21,completed
1237,174,2024-07-24,completed
1238,174,2024-07-21,completed
1239,174,2024-12-04,cancelled
1240,174,2024-12-23,refunded
1241,175,2024-06-01,completed
1242,175,2024-06-20,completed
1243,175,2024-06-02,completed
1244,175,2024-07-21,completed
1245,175,2024-07-11,completed
1246,175,2024-09-10,completed
1247,175,2024-09-17,completed
1248,175,2024-12-26,completed
1249,175,2024-12-14,completed
1250,176,2023-11-20,completed
1251,176,2023-11-19,completed
1252,176,2024-08-27,completed
1253,176,2024-11-26,completed
1254,176,2024-11-28,completed
1255,177,2023-11-04,completed
1256,177,2023-11-04,completed
1257,177,2023-11-18,completed
1258,177,2023-12-19,completed
1259,177,2024-01-01,completed
1260,177,2024-01-20,completed
1261,177,2024-02-28,completed
1262,177,2024-03-07,completed
1263,177,2024-04-26,completed
1264,177,2024-04-09,completed
1265,177,2024-05-19,completed
1266,177,2024-05-06,completed
1267,177,2024-05-28,completed
1268,177,2024-05-15,completed
1269,177,2024-05-21,completed
1270,177,2024-06-13,completed
1271,177,2024-07-21,completed
1272,177,2024-08-18,completed
1273,177,2024-09-10,completed
1274,177,2024-09-07,completed
1275,177,2024-09-21,completed
1276,177,2024-10-25,completed
1277,177,2024-10-11,completed
1278,177,2024-10-21,completed
1279,177,2024-10-06,completed
1280,177,2024-11-16,completed
1281,177,2024-11-26,completed
1282,177,2024-11-24,completed
1283,177,2024-12-28,completed
1284,178,2024-02-01,completed
1285,178,2024-02-09,cancelled
1286,179,2024-09-21,completed
1287,179,2024-09-05,refunded
1288,179,2024-11-25,completed
1289,179,2024-11-26,completed
1290,179,2024-11-07,completed
1291,180,2023-11-03,completed
1292,180,2023-11-09,completed
1293,180,2023-11-18,completed
1294,180,2024-04-25,completed
1295,180,2024-04-21,completed
1296,180,2024-08-08,completed
1297,180,2024-08-12,completed
1298,181,2024-08-16,completed
1299,181,2024-08-15,completed
1300,181,2024-08-17,completed
1301,181,2024-12-11,completed
1302,181,2024-12-12,completed
1303,182,2024-08-26,completed
1304,182,2024-09-23,completed
1305,182,2024-09-06,completed
1306,182,2024-09-05,completed
1307,183,2024-11-27,completed
1308,183,2024-11-16,completed
1309,184,2024-08-24,completed
1310,185,2024-05-19,completed
1311,185,2024-05-01,completed
1312,185,2024-06-23,completed
1313,185,2024-06-19,completed
1314,185,2024-08-24,completed
1315,185,2024-08-16,completed
1316,185,2024-11-27,completed
1317,185,2024-12-16,completed
1318,186,2023-08-21,completed
1319,186,2023-08-17,completed
1320,186,2024-02-15,completed
1321,186,2024-05-04,completed
1322,186,2024-06-13,completed
1323,186,2024-09-13,completed
1324,186,2024-09-10,completed
1325,186,2024-11-23,completed
1326,186,2024-11-17,completed
1327,187,2024-10-24,refunded
1328,187,2024-11-24,completed
1329,187,2024-11-20,completed
1330,188,2024-04-12,completed
1331,188,2024-04-17,completed
1332,188,2024-05-28,completed
1333,188,2024-05-23,refunded
1334,188,2024-06-15,completed
1335,188,2024-06-05,completed
1336,188,2024-07-12,completed
1337,188,2024-07-16,completed
1338,188,2024-07-11,cancelled
1339,188,2024-09-16,completed
1340,188,2024-10-10,completed
1341,188,2024-10-21,completed
1342,188,2024-11-09,completed
1343,188,2024-12-28,completed
1344,188,2024-12-10,completed
1345,189,2023-07-05,completed
1346,189,2023-07-15,completed
1347,189,2023-12-18,completed
1348,189,2023-12-09,completed
1349,189,2024-02-03,completed
1350,189,2024-02-27,cancelled
1351,189,2024-02-09,completed
1352,189,2024-02-05,completed
1353,189,2024-07-06,completed
1354,189,2024-09-05,completed
1355,189,2024-09-06,completed
1356,189,2024-09-22,completed
1357,189,2024-09-18,refunded
1358,189,2024-11-18,completed
1359,190,2024-07-26,completed
1360,190,2024-07-24,completed
1361,190,2024-09-27,completed
1362,190,2024-09-16,completed
1363,191,2023-11-15,completed
1364,191,2023-11-14,completed
1365,191,2024-04-26,completed
1366,191,2024-04-16,completed
1367,193,2024-05-07,completed
1368,193,2024-05-07,completed
1369,193,2024-05-12,completed
1370,193,2024-05-17,completed
1371,193,2024-05-14,completed
1372,193,2024-08-10,completed
1373,193,2024-08-14,completed
1374,193,2024-09-16,completed
1375,193,2024-09-04,completed
1376,193,2024-11-15,completed
1377,194,2023-05-07,completed
1378,194,2023-05-21,completed
1379,194,2023-09-28,completed
1380,194,2023-12-03,completed
1381,194,2023-12-02,completed
1382,194,2024-02-22,completed
1383,194,2024-02-16,completed
1384,194,2024-02-19,completed
1385,194,2024-10-02,cancelled
1386,194,2024-12-13,completed
1387,195,2023-10-20,completed
1388,195,2023-10-18,completed
1389,195,2023-12-08,completed
1390,195,2023-12-24,completed
1391,195,2024-08-21,completed
1392,195,2024-08-02,completed
1393,195,2024-08-08,completed
1394,195,2024-08-01,completed
1395,195,2024-08-20,cancelled
1396,195,2024-09-26,completed
1397,195,2024-09-02,completed
1398,195,2024-09-05,completed
1399,195,2024-09-16,completed
1400,195,2024-12-25,completed
1401,195,2024-12-18,refunded
1402,196,2024-06-09,completed
1403,196,2024-06-17,completed
1404,196,2024-06-14,completed
1405,197,2023-11-26,completed
1406,197,2023-11-03,completed
1407,197,2023-11-15,completed
1408,197,2023-11-14,completed
1409,197,2023-12-28,completed
1410,197,2023-12-21,completed
1411,197,2024-02-17,completed
1412,197,2024-02-10,completed
1413,197,2024-03-25,completed
1414,197,2024-03-01,completed
1415,197,2024-04-23,completed
1416,197,2024-06-13,completed
1417,197,2024-06-23,completed
1418,197,2024-06-28,completed
1419,197,2024-10-19,completed
1420,197,2024-10-10,completed
1421,197,2024-12-03,completed
1422,197,2024-12-10,cancelled
1423,197,2024-12-25,completed
1424,197,2024-12-12,completed
1425,199,2023-05-27,completed
1426,199,2023-05-13,cancelled
1427,199,2023-06-18,completed
1428,199,2023-06-01,completed
1429,199,2023-12-18,completed
1430,199,2023-12-08,completed
1431,199,2024-04-14,completed
1432,200,2024-11-03,completed
1433,201,2024-07-28,completed
1434,201,2024-07-25,completed
1435,201,2024-09-11,completed
1436,201,2024-09-20,completed
1437,201,2024-10-12,completed
1438,201,2024-10-06,completed
1439,201,2024-10-27,cancelled
1440,201,2024-12-14,completed
1441,202,2024-09-03,completed
1442,203,2024-06-24,completed
1443,203,2024-09-14,completed
1444,203,2024-11-19,refunded
1445,203,2024-11-27,completed
1446,204,2024-10-14,completed
1447,204,2024-11-23,refunded
1448,204,2024-11-23,completed
1449,204,2024-12-10,completed
1450,204,2024-12-22,completed
1451,204,2024-12-07,completed
1452,205,2024-02-25,completed
1453,205,2024-03-03,completed
1454,205,2024-03-26,completed
1455,205,2024-03-05,completed
1456,205,2024-03-14,completed
1457,206,2023-08-06,completed
1458,206,2023-08-18,completed
1459,206,2023-08-25,refunded
1460,206,2024-01-26,cancelled
1461,206,2024-01-25,completed
1462,206,2024-01-16,completed
1463,206,2024-05-13,completed
1464,206,2024-05-02,refunded
1465,206,2024-05-05,completed
1466,206,2024-12-28,completed
1467,206,2024-12-05,completed
1468,207,2024-04-03,completed
1469,207,2024-04-18,completed
1470,207,2024-04-18,completed
1471,207,2024-04-17,completed
1472,207,2024-07-07,completed
1473,207,2024-07-01,completed
1474,208,2024-02-20,completed
1475,208,2024-02-28,completed
1476,208,2024-02-09,completed
1477,208,2024-03-11,completed
1478,208,2024-03-18,completed
1479,208,2024-03-11,completed
1480,208,2024-03-22,cancelled
1481,208,2024-03-19,completed
1482,208,2024-05-18,completed
1483,208,2024-06-01,completed
1484,208,2024-06-26,completed
1485,208,2024-06-03,completed
1486,208,2024-08-24,completed
1487,208,2024-08-24,completed
1488,208,2024-11-23,completed
1489,209,2024-08-15,completed
1490,209,2024-08-13,completed
1491,209,2024-08-04,completed
1492,209,2024-08-23,completed
1493,209,2024-08-08,completed
1494,209,2024-10-27,completed
1495,209,2024-10-23,completed
1496,209,2024-12-24,completed
1497,210,2023-11-14,completed
1498,210,2023-11-08,completed
1499,210,2023-11-02,refunded
1500,210,2023-11-02,completed
1501,210,2023-11-02,completed
1502,210,2024-02-23,completed
1503,210,2024-02-05,completed
1504,210,2024-02-18,cancelled
1505,210,2024-02-10,completed
1506,210,2024-06-21,completed
1507,210,2024-06-23,completed
1508,210,2024-11-23,cancelled
1509,210,2024-11-23,completed
1510,210,2024-12-20,cancelled
1511,210,2024-12-04,completed
1512,210,2024-12-18,completed
1513,211,2023-02-17,completed
1514,211,2023-02-13,completed
1515,211,2023-02-26,completed
1516,211,2023-04-16,completed
1517,211,2023-04-08,completed
1518,211,2023-05-18,completed
1519,211,2023-05-28,completed
1520,211,2023-05-17,cancelled
1521,211,2023-08-10,completed
1522,211,2023-08-26,completed
1523,211,2023-11-22,completed
1524,211,2023-11-01,completed
1525,211,2023-12-12,completed
1526,211,2023-12-08,completed
1527,211,2024-02-13,completed
1528,211,2024-02-27,completed
1529,211,2024-02-26,completed
1530,211,2024-06-05,completed
1531,211,2024-06-14,completed
1532,211,2024-06-09,completed
1533,211,2024-10-01,completed
1534,211,2024-10-07,completed
1535,211,2024-10-17,completed
1536,211,2024-12-20,completed
1537,212,2024-09-02,completed
1538,212,2024-09-03,completed
1539,212,2024-10-15,completed
1540,212,2024-10-10,completed
1541,212,2024-11-14,completed
1542,212,2024-11-08,completed
1543,212,2024-12-27,completed
1544,212,2024-12-08,completed
1545,212,2024-12-23,completed
1546,212,2024-12-28,completed
1547,213,2024-09-25,refunded
1548,213,2024-09-27,completed
1549,213,2024-09-02,completed
1550,213,2024-09-14,completed
1551,213,2024-09-23,completed
1552,214,2023-10-06,refunded
1553,214,2024-04-24,completed
1554,214,2024-06-17,completed
1555,214,2024-06-22,completed
1556,214,2024-07-02,completed
1557,214,2024-07-12,completed
1558,214,2024-07-25,completed
1559,214,2024-09-15,completed
1560,215,2024-08-24,completed
1561,215,2024-08-09,completed
1562,215,2024-08-28,completed
1563,215,2024-09-15,completed
1564,215,2024-09-10,completed
1565,215,2024-10-20,cancelled
1566,215,2024-10-25,completed
1567,215,2024-11-11,completed
1568,215,2024-11-01,cancelled
1569,215,2024-12-21,completed
1570,216,2024-01-08,completed
1571,216,2024-01-10,completed
1572,216,2024-06-09,completed
1573,216,2024-06-10,completed
1574,216,2024-08-15,completed
1575,216,2024-08-01,cancelled
1576,216,2024-08-22,completed
1577,217,2024-02-06,completed
1578,217,2024-11-28,completed
1579,217,2024-11-22,completed
1580,217,2024-11-13,completed
1581,217,2024-12-12,refunded
1582,218,2024-11-11,completed
1583,218,2024-11-27,cancelled
1584,218,2024-11-20,completed
1585,218,2024-12-21,completed
1586,218,2024-12-02,completed
1587,218,2024-12-10,completed
1588,219,2023-03-07,completed
1589,219,2024-02-27,completed
1590,219,2024-03-09,completed
1591,219,2024-03-12,completed
1592,219,2024-09-21,refunded
1593,219,2024-09-07,completed
1594,219,2024-09-10,completed
1595,219,2024-12-27,completed
1596,220,2023-07-04,completed
1597,220,2023-07-21,completed
1598,220,2023-11-10,completed
1599,220,2023-11-10,completed
1600,220,2023-12-09,completed
1601,220,2024-03-27,completed
1602,220,2024-03-02,completed
1603,220,2024-05-26,completed
1604,220,2024-05-14,completed
1605,220,2024-07-07,completed
1606,220,2024-07-26,completed
1607,221,2024-07-01,completed
1608,221,2024-11-21,completed
1609,222,2024-06-04,completed
1610,222,2024-06-20,completed
1611,222,2024-09-28,completed
1612,222,2024-09-23,completed
1613,222,2024-12-10,completed
1614,222,2024-12-04,completed
1615,223,2024-01-02,completed
1616,223,2024-01-02,completed
1617,223,2024-04-17,completed
1618,223,2024-04-20,completed
1619,223,2024-06-23,completed
1620,223,2024-06-08,completed
1621,223,2024-06-26,completed
1622,223,2024-06-17,completed
1623,223,2024-07-10,completed
1624,223,2024-07-13,completed
1625,224,2023-11-03,completed
1626,224,2023-11-08,completed
1627,224,2023-11-16,completed
1628,224,2024-03-23,completed
1629,224,2024-10-06,completed
1630,224,2024-10-16,completed
1631,224,2024-12-16,completed
1632,224,2024-12-23,completed
1633,224,2024-12-16,completed
1634,225,2024-02-12,completed
1635,225,2024-02-16,completed
1636,225,2024-03-17,completed
1637,225,2024-08-16,completed
1638,225,2024-08-27,completed
1639,225,2024-11-17,completed
1640,225,2024-11-22,completed
1641,226,2024-09-18,completed
1642,226,2024-09-03,completed
1643,226,2024-10-05,completed
1644,226,2024-10-15,completed
1645,226,2024-10-15,completed
1646,226,2024-11-21,completed
1647,226,2024-11-21,completed
1648,226,2024-11-05,completed
1649,226,2024-11-14,completed
1650,226,2024-12-27,completed
1651,226,2024-12-14,cancelled
1652,226,2024-12-19,completed
1653,228,2024-11-23,completed
1654,228,2024-11-22,completed
1655,229,2024-11-06,completed
1656,229,2024-11-27,completed
1657,229,2024-11-09,completed
1658,230,2024-06-08,completed
1659,231,2024-01-08,completed
1660,231,2024-02-13,completed
1661,231,2024-02-17,completed
1662,231,2024-02-27,completed
1663,231,2024-06-03,completed
1664,231,2024-09-15,completed
1665,231,2024-11-18,completed
1666,231,2024-11-07,completed
1667,231,2024-11-13,completed
1668,231,2024-12-25,completed
1669,231,2024-12-16,completed
1670,231,2024-12-19,completed
1671,232,2024-10-17,completed
1672,232,2024-12-16,completed
1673,232,2024-12-16,completed
1674,233,2023-12-28,completed
1675,233,2023-12-28,completed
1676,233,2024-06-28,completed
1677,233,2024-06-02,completed
1678,233,2024-06-12,completed
1679,233,2024-06-18,completed
1680,233,2024-06-16,completed
1681,233,2024-08-24,completed
1682,233,2024-08-24,completed
1683,234,2023-08-05,completed
1684,234,2023-09-26,completed
1685,234,2023-10-25,completed
1686,234,2023-10-23,completed
1687,234,2023-10-16,completed
1688,234,2023-11-25,completed
1689,234,2023-11-13,completed
1690,234,2023-12-28,completed
1691,234,2024-01-21,completed
1692,234,2024-02-24,completed
1693,234,2024-02-08,completed
1694,234,2024-03-21,completed
1695,234,2024-03-12,completed
1696,234,2024-03-17,completed
1697,234,2024-04-11,completed
1698,234,2024-04-08,completed
1699,234,2024-04-28,completed
1700,234,2024-04-08,completed
1701,234,2024-05-16,completed
1702,234,2024-06-09,completed
1703,234,2024-06-11,completed
1704,234,2024-06-26,completed
1705,234,2024-07-18,completed
1706,234,2024-07-26,completed
1707,234,2024-09-27,completed
1708,234,2024-10-08,completed
1709,234,2024-11-05,completed
1710,234,2024-11-27,completed
1711,234,2024-11-24,completed
1712,234,2024-12-24,completed
1713,235,2024-08-04,completed
1714,235,2024-08-21,completed
1715,235,2024-08-20,completed
1716,235,2024-09-07,completed
1717,235,2024-10-09,completed
1718,235,2024-10-19,completed
1719,235,2024-10-14,refunded
1720,235,2024-12-05,completed
1721,235,2024-12-01,completed
1722,236,2024-01-25,completed
1723,236,2024-04-21,completed
1724,236,2024-04-10,completed
1725,236,2024-05-24,completed
1726,236,2024-07-17,completed
1727,236,2024-07-09,completed
1728,236,2024-07-28,completed
1729,236,2024-09-10,completed
1730,236,2024-12-09,completed
1731,237,2024-03-09,completed
1732,237,2024-03-13,completed
1733,237,2024-10-01,completed
1734,237,2024-10-01,completed
1735,238,2024-04-04,completed
1736,238,2024-04-24,completed
1737,238,2024-11-27,completed
1738,238,2024-11-15,completed
1739,238,2024-11-23,completed
1740,238,2024-12-27,completed
1741,238,2024-12-05,completed
1742,239,2024-09-08,completed
1743,239,2024-11-13,completed
1744,239,2024-11-25,completed
1745,239,2024-11-11,completed
1746,240,2024-10-05,completed
1747,240,2024-10-08,completed
1748,242,2023-03-15,completed
1749,242,2023-04-02,refunded
1750,242,2023-04-28,refunded
1751,242,2023-09-08,completed
1752,242,2023-09-23,completed
1753,242,2023-09-15,completed
1754,242,2023-09-10,completed
1755,242,2024-01-11,completed
1756,242,2024-12-03,completed
1757,242,2024-12-01,completed
1758,242,2024-12-01,completed
1759,242,2024-12-11,completed
1760,243,2023-11-17,refunded
1761,243,2023-11-12,completed
1762,243,2023-11-04,completed
1763,243,2023-12-03,completed
1764,243,2024-05-25,refunded
1765,243,2024-05-07,completed
1766,243,2024-09-16,completed
1767,243,2024-09-22,completed
1768,243,2024-09-22,completed
1769,243,2024-10-13,completed
1770,243,2024-11-05,completed
1771,243,2024-11-01,completed
1772,244,2024-02-03,completed
1773,244,2024-02-05,completed
1774,244,2024-02-01,completed
1775,244,2024-07-10,completed
1776,245,2024-08-10,completed
1777,245,2024-08-24,completed
1778,245,2024-08-17,completed
1779,247,2023-08-18,completed
1780,247,2024-07-17,completed
1781,247,2024-07-02,completed
1782,247,2024-11-02,completed
1783,247,2024-12-14,completed
1784,247,2024-12-10,completed
1785,248,2024-08-02,completed
1786,248,2024-08-11,completed
1787,248,2024-08-23,completed
1788,248,2024-08-23,completed
1789,249,2024-01-23,completed
1790,249,2024-01-20,completed
1791,249,2024-03-18,completed
1792,249,2024-03-10,completed
1793,249,2024-03-15,completed
1794,249,2024-06-18,completed
1795,249,2024-06-24,cancelled
1796,249,2024-10-20,completed
1797,249,2024-11-13,completed
1798,249,2024-12-24,completed
1799,249,2024-12-22,completed
1800,249,2024-12-18,completed
1801,249,2024-12-13,completed
1802,250,2023-11-24,completed
1803,250,2023-12-24,completed
1804,250,2024-04-21,completed
1805,250,2024-09-20,completed
1806,250,2024-09-11,completed
1807,251,2024-01-01,completed
1808,251,2024-01-25,completed
1809,251,2024-01-12,completed
1810,251,2024-01-08,completed
1811,251,2024-01-27,completed
1812,252,2023-04-25,completed
1813,252,2023-04-12,completed
1814,252,2023-04-12,completed
1815,252,2024-01-12,completed
1816,252,2024-01-10,completed
1817,252,2024-08-03,completed
1818,252,2024-08-26,completed
1819,252,2024-08-04,completed
1820,252,2024-08-27,completed
1821,252,2024-09-23,cancelled
1822,253,2023-10-09,completed
1823,253,2023-11-28,completed
1824,253,2023-11-02,completed
1825,253,2023-11-27,completed
1826,253,2023-11-06,completed
1827,253,2024-02-13,completed
1828,253,2024-02-20,completed
1829,253,2024-07-12,completed
1830,253,2024-07-20,completed
1831,253,2024-08-27,completed
1832,253,2024-10-04,completed
1833,253,2024-10-21,completed
1834,253,2024-10-17,completed
1835,253,2024-10-10,refunded
1836,253,2024-10-26,completed
1837,253,2024-10-20,refunded
1838,253,2024-11-07,completed
1839,253,2024-11-28,completed
1840,253,2024-11-03,completed
1841,253,2024-12-22,completed
1842,253,2024-12-07,completed
1843,253,2024-12-26,completed
1844,253,2024-12-26,completed
1845,253,2024-12-09,completed
1846,254,2023-08-09,completed
1847,254,2023-08-26,completed
1848,254,2024-02-04,completed
1849,254,2024-02-02,completed
1850,254,2024-03-18,completed
1851,254,2024-07-09,completed
1852,254,2024-07-14,completed
1853,254,2024-07-11,completed
1854,254,2024-09-11,completed
1855,254,2024-09-22,completed
1856,254,2024-11-11,completed
1857,254,2024-12-13,completed
1858,255,2024-07-20,completed
1859,255,2024-07-06,completed
1860,256,2024-07-16,completed
1861,256,2024-07-03,completed
1862,256,2024-08-13,completed
1863,256,2024-10-19,completed
1864,256,2024-10-15,completed
1865,256,2024-10-18,completed
1866,256,2024-10-22,completed
1867,256,2024-12-04,completed
1868,256,2024-12-21,completed
1869,257,2024-04-15,completed
1870,257,2024-04-05,completed
1871,257,2024-10-28,completed
1872,257,2024-12-16,completed
1873,257,2024-12-19,completed
1874,258,2023-03-27,cancelled
1875,258,2023-03-28,completed
1876,258,2023-03-04,completed
1877,258,2023-09-26,completed
1878,258,2023-11-27,completed
1879,258,2024-01-28,completed
1880,258,2024-01-16,completed
1881,258,2024-02-16,completed
1882,258,2024-02-28,completed
1883,258,2024-04-01,completed
1884,258,2024-04-01,completed
1885,258,2024-05-28,completed
1886,258,2024-08-05,completed
1887,258,2024-11-04,completed
1888,258,2024-12-19,completed
1889,258,2024-12-02,completed
1890,259,2024-06-13,completed
1891,259,2024-06-05,completed
1892,259,2024-06-23,completed
1893,259,2024-07-01,completed
1894,259,2024-07-03,completed
1895,259,2024-08-20,completed
1896,259,2024-08-25,completed
1897,259,2024-08-27,completed
1898,259,2024-10-07,completed
1899,259,2024-10-28,completed
1900,259,2024-11-02,completed
1901,259,2024-11-12,completed
1902,259,2024-12-12,completed
1903,259,2024-12-25,completed
1904,261,2023-10-09,completed
1905,261,2023-10-25,completed
1906,261,2023-10-16,completed
1907,261,2024-02-05,completed
1908,261,2024-02-04,completed
1909,261,2024-08-07,completed
1910,261,2024-10-02,completed
1911,261,2024-10-05,completed
1912,261,2024-11-23,completed
1913,261,2024-11-10,completed
1914,261,2024-11-06,completed
1915,261,2024-11-06,completed
1916,261,2024-12-16,completed
1917,261,2024-12-20,completed
1918,262,2024-09-27,completed
1919,262,2024-09-01,completed
1920,262,2024-09-17,completed
1921,263,2024-07-19,completed
1922,263,2024-09-15,completed
1923,263,2024-09-28,completed
1924,263,2024-10-27,refunded
1925,263,2024-11-16,completed
1926,263,2024-12-12,completed
1927,264,2023-09-16,completed
1928,264,2023-09-04,cancelled
1929,264,2023-11-16,completed
1930,264,2024-02-17,completed
1931,265,2023-11-07,completed
1932,265,2024-01-25,completed
1933,265,2024-01-19,completed
1934,265,2024-01-20,completed
1935,265,2024-10-25,completed
1936,265,2024-10-20,completed
1937,265,2024-10-27,completed
1938,266,2024-09-11,refunded
1939,266,2024-10-24,completed
1940,266,2024-12-23,completed
1941,266,2024-12-11,completed
1942,267,2024-04-02,completed
1943,267,2024-08-14,completed
1944,267,2024-08-06,completed
1945,267,2024-10-19,completed
1946,267,2024-10-21,completed
1947,267,2024-10-25,completed
1948,268,2023-12-25,completed
1949,268,2023-12-18,completed
1950,268,2023-12-10,completed
1951,268,2024-06-25,refunded
1952,268,2024-09-10,completed
1953,269,2023-12-11,cancelled
1954,269,2024-02-14,completed
1955,269,2024-02-07,completed
1956,269,2024-03-26,completed
1957,269,2024-03-20,completed
1958,269,2024-03-04,completed
1959,271,2023-10-26,completed
1960,271,2023-10-19,completed
1961,271,2023-11-24,completed
1962,271,2023-11-28,completed
1963,271,2023-11-18,completed
1964,271,2024-01-20,completed
1965,271,2024-01-26,refunded
1966,271,2024-01-03,completed
1967,272,2024-08-22,completed
1968,272,2024-08-27,completed
1969,272,2024-10-05,completed
1970,272,2024-11-25,completed
1971,272,2024-11-22,completed
1972,272,2024-11-16,cancelled
1973,273,2024-08-03,completed
1974,273,2024-09-26,completed
1975,273,2024-10-04,completed
1976,274,2024-07-21,completed
1977,274,2024-08-19,completed
1978,274,2024-09-10,completed
1979,274,2024-09-15,completed
1980,274,2024-10-25,completed
1981,274,2024-11-23,completed
1982,274,2024-11-11,completed
1983,274,2024-12-23,completed
1984,274,2024-12-18,completed
1985,274,2024-12-26,completed
1986,275,2023-09-26,completed
1987,275,2023-09-12,completed
1988,275,2023-09-14,refunded
1989,275,2024-03-25,completed
1990,276,2023-06-23,cancelled
1991,276,2023-09-22,completed
1992,276,2023-09-05,completed
1993,276,2023-12-23,completed
1994,276,2023-12-06,completed
1995,276,2023-12-22,completed
1996,276,2024-01-23,completed
1997,276,2024-01-14,completed
1998,276,2024-04-20,completed
1999,278,2024-02-12,completed
2000,278,2024-02-16,completed
2001,278,2024-02-07,completed
2002,278,2024-05-24,completed
2003,278,2024-05-24,completed
2004,278,2024-05-18,completed
2005,279,2023-09-25,completed
2006,279,2023-09-07,completed
2007,279,2023-10-13,completed
2008,279,2023-10-06,completed
2009,279,2023-11-24,completed
2010,279,2023-11-11,completed
2011,279,2023-11-17,completed
2012,279,2023-12-07,completed
2013,279,2024-01-08,completed
2014,279,2024-02-04,completed
2015,279,2024-02-12,completed
2016,279,2024-04-14,completed
2017,279,2024-04-02,completed
2018,279,2024-04-25,completed
2019,279,2024-06-09,completed
2020,279,2024-07-04,completed
2021,279,2024-07-12,completed
2022,279,2024-08-20,completed
2023,279,2024-08-17,completed
2024,279,2024-11-25,completed
2025,279,2024-11-12,completed
2026,279,2024-11-23,completed
2027,281,2024-11-05,completed
2028,281,2024-11-11,completed
2029,281,2024-11-10,completed
2030,282,2023-09-08,completed
2031,282,2023-09-06,completed
2032,282,2023-10-21,completed
2033,282,2023-11-14,completed
2034,283,2024-11-02,completed
2035,283,2024-11-04,completed
2036,283,2024-11-12,completed
2037,284,2023-10-22,completed
2038,284,2023-10-03,completed
2039,284,2024-11-26,completed
2040,284,2024-11-01,completed
2041,285,2023-11-22,completed
2042,285,2023-11-04,completed
2043,286,2023-01-15,completed
2044,286,2023-01-13,completed
2045,286,2023-01-02,completed
2046,286,2023-01-01,completed
2047,286,2023-03-02,completed
2048,286,2023-04-06,completed
2049,286,2023-05-24,completed
2050,286,2023-05-23,completed
2051,286,2023-08-17,completed
2052,286,2023-08-25,completed
2053,286,2023-11-13,completed
2054,286,2023-11-21,completed
2055,286,2024-01-25,completed
2056,286,2024-04-04,completed
2057,286,2024-05-23,completed
2058,286,2024-05-05,completed
2059,286,2024-05-04,completed
2060,286,2024-06-17,completed
2061,286,2024-06-13,completed
2062,286,2024-06-25,completed
2063,286,2024-07-14,completed
2064,286,2024-07-21,completed
2065,286,2024-07-18,completed
2066,286,2024-07-17,completed
2067,286,2024-07-07,completed
2068,286,2024-09-08,cancelled
2069,286,2024-11-03,completed
2070,287,2024-03-23,completed
2071,287,2024-03-03,completed
2072,287,2024-03-28,completed
2073,287,2024-03-16,completed
2074,289,2024-01-19,completed
2075,289,2024-06-01,completed
2076,289,2024-06-02,completed
2077,289,2024-08-02,completed
2078,289,2024-08-28,completed
2079,289,2024-10-05,completed
2080,289,2024-10-11,completed
2081,289,2024-11-13,completed
2082,289,2024-11-21,completed
2083,289,2024-12-19,completed
2084,290,2024-04-06,completed
2085,290,2024-04-01,completed
2086,290,2024-07-02,completed
2087,290,2024-07-01,completed
2088,290,2024-09-19,completed
2089,290,2024-12-05,completed
2090,290,2024-12-17,completed
2091,290,2024-12-17,completed
2092,290,2024-12-13,completed
2093,291,2023-09-10,completed
2094,291,2023-11-26,completed
2095,291,2023-12-03,completed
2096,291,2024-05-27,completed
2097,291,2024-05-07,completed
2098,291,2024-05-02,cancelled
2099,292,2024-07-11,completed
2100,292,2024-07-23,completed
2101,294,2024-07-26,completed
2102,294,2024-07-07,completed
2103,294,2024-09-09,completed
2104,294,2024-09-05,completed
2105,294,2024-12-23,completed
2106,295,2024-12-03,completed
2107,295,2024-12-14,completed
2108,296,2024-08-04,completed
2109,296,2024-08-08,completed
2110,296,2024-08-03,completed
2111,297,2023-08-11,completed
2112,297,2024-03-05,completed
2113,297,2024-04-06,completed
2114,297,2024-10-04,completed
2115,297,2024-10-05,completed
2116,297,2024-11-05,completed
2117,298,2023-11-01,completed
2118,298,2023-11-04,completed
2119,298,2023-11-23,completed
2120,298,2024-03-04,completed
2121,298,2024-08-24,completed
2122,298,2024-08-25,completed
2123,298,2024-09-23,completed
2124,298,2024-09-02,completed
2125,298,2024-09-27,completed
2126,298,2024-09-15,completed
2127,298,2024-09-16,cancelled
2128,300,2023-10-20,completed
2129,300,2023-10-24,completed
2130,300,2024-03-19,completed
2131,300,2024-03-15,completed
2132,300,2024-04-02,completed
2133,300,2024-08-12,completed
2134,300,2024-08-15,completed
2135,300,2024-08-21,completed
2136,301,2023-12-20,completed
2137,301,2024-12-26,completed
2138,301,2024-12-04,completed
2139,302,2024-02-01,completed
2140,302,2024-02-20,completed
2141,302,2024-04-20,completed
2142,302,2024-12-18,completed
2143,303,2023-12-22,completed
2144,303,2023-12-23,completed
2145,303,2024-04-22,completed
2146,303,2024-04-22,completed
2147,303,2024-04-13,completed
2148,303,2024-10-01,completed
2149,303,2024-10-06,completed
2150,303,2024-10-13,cancelled
2151,303,2024-10-14,completed
2152,303,2024-12-23,completed
2153,303,2024-12-07,completed
2154,303,2024-12-18,completed
2155,303,2024-12-16,completed
2156,304,2023-05-12,completed
2157,304,2023-05-13,completed
2158,304,2023-08-22,completed
2159,304,2023-11-27,completed
2160,304,2023-11-13,completed
2161,304,2023-11-12,cancelled
2162,304,2024-01-07,completed
2163,304,2024-01-19,completed
2164,304,2024-01-06,completed
2165,304,2024-02-08,completed
2166,304,2024-02-16,completed
2167,304,2024-04-21,completed
2168,304,2024-08-14,completed
2169,304,2024-11-11,completed
2170,305,2023-02-03,completed
2171,305,2023-02-08,completed
2172,305,2023-07-22,completed
2173,305,2023-07-20,completed
2174,305,2023-07-15,completed
2175,305,2023-08-26,completed
2176,305,2023-09-25,completed
2177,305,2023-09-21,completed
2178,305,2023-10-23,completed
2179,305,2023-10-05,completed
2180,305,2024-01-18,completed
2181,305,2024-01-13,completed
2182,305,2024-01-24,completed
2183,305,2024-06-11,completed
2184,307,2024-11-10,completed
2185,307,2024-11-16,completed
2186,308,2024-07-13,completed
2187,308,2024-07-15,completed
2188,308,2024-09-14,completed
2189,308,2024-09-08,completed
2190,308,2024-09-02,completed
2191,308,2024-11-24,completed
2192,308,2024-11-22,completed
2193,308,2024-12-01,completed
2194,308,2024-12-02,completed
2195,308,2024-12-11,completed
2196,309,2023-05-09,completed
2197,309,2023-05-18,completed
2198,309,2023-08-22,completed
2199,309,2023-10-15,completed
2200,309,2023-10-01,completed
2201,309,2023-11-20,completed
2202,310,2023-10-05,completed
2203,310,2023-12-16,completed
2204,310,2023-12-28,completed
2205,310,2023-12-15,completed
2206,310,2023-12-12,completed
2207,310,2024-04-18,completed
2208,310,2024-04-11,completed
2209,310,2024-04-02,completed
2210,310,2024-04-14,completed
2211,310,2024-04-02,completed
2212,310,2024-07-10,cancelled
2213,310,2024-07-03,completed
2214,310,2024-12-09,completed
2215,310,2024-12-14,completed
2216,311,2024-09-09,completed
2217,311,2024-09-12,completed
2218,311,2024-09-21,completed
2219,311,2024-09-06,completed
2220,311,2024-11-13,completed
2221,311,2024-12-12,completed
2222,311,2024-12-17,completed
2223,312,2024-11-12,completed
2224,312,2024-11-05,cancelled
2225,313,2024-05-28,completed
2226,313,2024-05-04,completed
2227,313,2024-08-15,completed
2228,313,2024-08-03,completed
2229,313,2024-08-02,completed
2230,313,2024-08-13,completed
2231,314,2024-12-22,refunded
2232,314,2024-12-25,completed
2233,315,2023-07-06,completed
2234,315,2023-07-22,completed
2235,315,2023-07-05,completed
2236,315,2023-07-28,completed
2237,315,2024-01-07,completed
2238,315,2024-08-16,completed
2239,315,2024-08-05,completed
2240,316,2024-09-22,completed
2241,316,2024-09-02,completed
2242,316,2024-09-16,completed
2243,316,2024-12-01,completed
2244,317,2023-04-03,completed
2245,317,2023-04-19,refunded
2246,317,2023-04-11,completed
2247,317,2023-04-06,completed
2248,317,2024-12-26,completed
2249,317,2024-12-04,completed
2250,317,2024-12-07,completed
2251,318,2024-09-11,completed
2252,318,2024-09-01,completed
2253,318,2024-09-17,completed
2254,318,2024-09-26,completed
2255,318,2024-11-25,completed
2256,318,2024-11-18,completed
2257,318,2024-11-28,completed
2258,318,2024-11-03,completed
2259,318,2024-11-12,completed
2260,319,2024-03-24,completed
2261,319,2024-03-01,completed
2262,319,2024-03-03,completed
2263,319,2024-05-06,completed
2264,319,2024-05-04,completed
2265,319,2024-08-25,completed
2266,319,2024-08-08,completed
2267,319,2024-08-05,completed
2268,319,2024-08-08,completed
2269,319,2024-11-08,refunded
2270,319,2024-11-01,completed
2271,320,2024-12-12,completed
2272,320,2024-12-28,completed
2273,320,2024-12-27,completed
2274,323,2024-06-12,completed
2275,323,2024-07-07,cancelled
2276,323,2024-07-25,completed
2277,323,2024-09-12,completed
2278,323,2024-10-01,refunded
2279,323,2024-11-21,completed
2280,323,2024-12-17,completed
2281,323,2024-12-26,completed
2282,324,2023-06-12,completed
2283,324,2023-08-23,completed
2284,324,2023-08-02,completed
2285,324,2023-12-07,completed
2286,324,2023-12-16,completed
2287,324,2024-03-17,completed
2288,324,2024-04-22,completed
2289,324,2024-04-01,completed
2290,324,2024-04-16,completed
2291,324,2024-09-12,completed
2292,326,2023-06-12,completed
2293,326,2023-08-07,completed
2294,326,2023-08-14,completed
2295,326,2023-08-14,completed
2296,326,2023-08-19,completed
2297,326,2023-08-09,completed
2298,326,2023-10-13,completed
2299,326,2023-11-27,completed
2300,326,2023-12-06,completed
2301,326,2023-12-07,completed
2302,326,2023-12-14,completed
2303,326,2023-12-27,completed
2304,326,2024-03-15,completed
2305,326,2024-03-06,completed
2306,326,2024-05-25,completed
2307,326,2024-05-15,completed
2308,326,2024-05-19,completed
2309,326,2024-05-07,completed
2310,326,2024-07-27,completed
2311,326,2024-08-04,completed
2312,326,2024-11-08,completed
2313,327,2023-09-07,completed
2314,327,2023-09-07,completed
2315,327,2024-08-12,completed
2316,327,2024-08-27,completed
2317,327,2024-11-19,completed
2318,328,2023-02-07,completed
2319,328,2023-02-12,completed
2320,328,2023-02-07,completed
2321,328,2023-03-28,completed
2322,328,2023-05-26,completed
2323,328,2023-05-27,completed
2324,328,2023-05-24,completed
2325,328,2023-06-19,completed
2326,328,2023-06-12,completed
2327,328,2023-09-01,completed
2328,328,2023-11-09,completed
2329,328,2023-11-05,completed
2330,328,2023-12-01,completed
2331,328,2023-12-24,completed
2332,328,2024-03-04,completed
2333,328,2024-03-24,completed
2334,328,2024-03-14,completed
2335,328,2024-10-07,completed
2336,328,2024-11-05,completed
2337,328,2024-11-14,completed
2338,328,2024-11-03,completed
2339,329,2023-09-10,completed
2340,329,2023-09-09,completed
2341,329,2023-10-13,completed
2342,329,2023-10-27,completed
2343,329,2023-10-10,completed
2344,329,2024-01-26,completed
2345,329,2024-01-27,cancelled
2346,329,2024-01-22,completed
2347,329,2024-01-03,completed
2348,329,2024-03-07,completed
2349,329,2024-04-15,completed
2350,329,2024-04-03,completed
2351,329,2024-04-11,completed
2352,329,2024-04-17,completed
2353,329,2024-09-19,completed
2354,329,2024-09-08,completed
2355,330,2023-10-17,completed
2356,330,2023-10-16,completed
2357,330,2023-10-20,completed
2358,330,2023-10-15,completed
2359,330,2023-11-09,completed
2360,330,2023-11-21,completed
2361,330,2023-11-07,completed
2362,330,2023-11-22,completed
2363,330,2024-08-20,completed
2364,330,2024-08-01,completed
2365,331,2023-11-14,completed
2366,331,2023-11-22,completed
2367,331,2023-12-24,completed
2368,331,2023-12-18,completed
2369,331,2024-03-15,completed
2370,331,2024-03-04,completed
2371,331,2024-03-08,completed
2372,331,2024-10-26,completed
2373,331,2024-10-05,completed
2374,332,2023-02-17,completed
2375,332,2023-02-04,completed
2376,332,2023-03-23,completed
2377,332,2023-03-09,completed
2378,332,2023-03-21,completed
2379,332,2023-04-23,completed
2380,332,2023-05-21,completed
2381,332,2023-05-28,completed
2382,332,2023-05-22,completed
2383,332,2023-05-03,completed
2384,332,2023-05-03,completed
2385,332,2024-01-24,completed
2386,332,2024-01-11,completed
2387,332,2024-06-24,completed
2388,332,2024-06-22,completed
2389,332,2024-07-21,completed
2390,332,2024-08-09,completed
2391,332,2024-08-04,completed
2392,332,2024-09-06,completed
2393,332,2024-11-18,completed
2394,332,2024-11-04,completed
2395,333,2023-02-21,completed
2396,333,2023-03-27,completed
2397,333,2023-04-28,completed
2398,333,2023-04-04,completed
2399,333,2023-05-25,completed
2400,333,2023-06-22,completed
2401,333,2023-07-06,completed
2402,333,2023-07-08,completed
2403,333,2023-07-23,completed
2404,333,2023-07-14,completed
2405,333,2023-08-09,completed
2406,333,2023-08-03,completed
2407,333,2023-09-08,completed
2408,333,2023-09-16,completed
2409,333,2023-10-06,completed
2410,333,2023-10-03,completed
2411,333,2023-11-13,completed
2412,333,2023-11-01,completed
2413,333,2023-11-08,completed
2414,333,2023-11-10,completed
2415,333,2023-12-10,completed
2416,333,2023-12-12,completed
2417,333,2024-02-08,refunded
2418,333,2024-02-25,completed
2419,333,2024-02-07,completed
2420,333,2024-03-23,completed
2421,333,2024-03-03,completed
2422,333,2024-05-06,completed
2423,333,2024-05-01,completed
2424,333,2024-06-19,completed
2425,333,2024-07-28,refunded
2426,333,2024-07-17,completed
2427,333,2024-07-07,completed
2428,333,2024-08-12,completed
2429,333,2024-08-10,completed
2430,333,2024-10-01,refunded
2431,333,2024-10-14,completed
2432,333,2024-11-04,completed
2433,333,2024-11-24,completed
2434,333,2024-11-16,completed
2435,333,2024-11-27,completed
2436,333,2024-12-23,completed
2437,333,2024-12-05,completed
2438,334,2024-09-04,completed
2439,334,2024-11-26,completed
2440,334,2024-11-17,completed
2441,335,2023-07-08,completed
2442,335,2024-09-03,completed
2443,335,2024-09-13,completed
2444,335,2024-09-20,completed
2445,336,2023-04-22,completed
2446,336,2023-04-28,completed
2447,336,2023-06-02,completed
2448,336,2023-12-12,completed
2449,336,2023-12-24,completed
2450,336,2024-01-02,completed
2451,336,2024-01-22,completed
2452,336,2024-05-18,completed
2453,336,2024-08-09,completed
2454,336,2024-09-04,completed
2455,336,2024-09-18,completed
2456,336,2024-09-07,completed
2457,336,2024-10-12,refunded
2458,336,2024-10-18,completed
2459,337,2023-03-18,completed
2460,337,2023-06-14,completed
2461,337,2023-06-14,completed
2462,337,2023-06-25,completed
2463,337,2023-08-05,completed
2464,337,2023-08-10,completed
2465,337,2023-08-12,completed
2466,337,2023-09-22,completed
2467,337,2023-10-21,completed
2468,337,2024-02-11,completed
2469,337,2024-02-22,completed
2470,337,2024-03-27,completed
2471,337,2024-03-14,completed
2472,337,2024-03-05,completed
2473,337,2024-04-05,completed
2474,337,2024-07-28,completed
2475,337,2024-11-10,completed
2476,337,2024-11-28,completed
2477,337,2024-11-28,completed
2478,337,2024-12-20,completed
2479,338,2023-03-21,completed
2480,338,2023-03-21,completed
2481,338,2023-05-01,completed
2482,338,2023-05-12,completed
2483,338,2023-06-04,completed
2484,338,2023-06-06,completed
2485,338,2023-12-22,completed
2486,338,2023-12-11,completed
2487,338,2024-04-08,completed
2488,338,2024-04-14,completed
2489,338,2024-04-19,refunded
2490,338,2024-05-01,completed
2491,338,2024-07-05,completed
2492,338,2024-07-15,completed
2493,338,2024-07-04,completed
2494,338,2024-09-10,completed
2495,338,2024-09-20,completed
2496,338,2024-11-13,completed
2497,338,2024-11-26,cancelled
2498,338,2024-11-28,completed
2499,339,2024-04-17,refunded
2500,339,2024-04-13,completed
2501,339,2024-09-12,completed
2502,339,2024-09-05,completed
2503,339,2024-11-16,completed
2504,340,2024-08-13,completed
2505,340,2024-08-25,completed
2506,340,2024-10-24,completed
2507,340,2024-10-13,completed
2508,340,2024-10-18,completed
2509,340,2024-12-24,refunded
2510,340,2024-12-25,completed
2511,341,2024-04-18,completed
2512,341,2024-10-17,completed
2513,342,2024-01-01,completed
2514,342,2024-02-15,completed
2515,342,2024-02-09,completed
2516,342,2024-03-08,completed
2517,342,2024-03-16,cancelled
2518,342,2024-03-06,completed
2519,342,2024-04-24,completed
2520,342,2024-04-26,completed
2521,342,2024-05-21,completed
2522,342,2024-05-25,completed
2523,342,2024-06-04,completed
2524,342,2024-06-28,completed
2525,342,2024-06-26,completed
2526,342,2024-07-03,completed
2527,342,2024-07-20,completed
2528,342,2024-07-04,completed
2529,342,2024-08-18,refunded
2530,342,2024-09-02,completed
2531,342,2024-09-16,completed
2532,342,2024-09-26,completed
2533,342,2024-10-16,completed
2534,342,2024-10-05,completed
2535,342,2024-10-19,completed
2536,342,2024-11-15,completed
2537,342,2024-12-10,completed
2538,342,2024-12-03,completed
2539,343,2023-04-09,completed
2540,343,2023-07-24,completed
2541,343,2023-07-13,completed
2542,343,2023-07-06,completed
2543,343,2023-12-02,completed
2544,343,2024-03-10,completed
2545,343,2024-03-25,completed
2546,343,2024-03-18,completed
2547,344,2024-09-13,completed
2548,344,2024-09-16,completed
2549,344,2024-10-04,completed
2550,344,2024-10-28,completed
2551,345,2023-01-15,completed
2552,345,2023-11-19,completed
2553,345,2023-11-02,completed
2554,345,2023-12-27,completed
2555,345,2023-12-04,completed
2556,345,2024-03-19,completed
2557,345,2024-03-27,completed
2558,345,2024-07-06,completed
2559,345,2024-07-09,completed
2560,345,2024-11-08,completed
2561,345,2024-11-14,completed
2562,347,2023-11-12,completed
2563,347,2023-11-25,completed
2564,347,2024-06-08,completed
2565,347,2024-06-05,completed
2566,347,2024-11-26,completed
2567,349,2024-08-14,completed
2568,350,2024-07-23,completed
2569,350,2024-12-21,completed
2570,350,2024-12-27,completed
2571,350,2024-12-22,completed
2572,351,2024-11-17,completed
2573,352,2023-11-11,completed
2574,352,2023-11-19,completed
2575,352,2023-11-16,completed
2576,352,2023-11-07,completed
2577,352,2023-12-24,completed
2578,352,2023-12-17,cancelled
2579,352,2023-12-01,completed
2580,352,2024-01-11,completed
2581,352,2024-01-05,completed
2582,352,2024-07-06,completed
2583,352,2024-07-01,completed
2584,352,2024-07-05,completed
2585,352,2024-08-22,completed
2586,352,2024-10-11,completed
2587,352,2024-10-20,completed
2588,352,2024-10-24,completed
2589,352,2024-10-19,completed
2590,352,2024-11-09,completed
2591,352,2024-12-23,completed
2592,352,2024-12-23,completed
2593,352,2024-12-28,completed
2594,352,2024-12-15,completed
2595,353,2024-11-16,completed
2596,353,2024-11-23,completed
2597,353,2024-12-07,completed
2598,354,2024-06-27,completed
2599,354,2024-06-22,completed
2600,354,2024-06-09,completed
2601,354,2024-07-27,completed
2602,354,2024-08-22,completed
2603,354,2024-08-03,completed
2604,354,2024-10-28,completed
2605,354,2024-11-21,completed
2606,354,2024-11-05,completed
2607,355,2023-12-09,completed
2608,355,2023-12-11,completed
2609,355,2024-09-08,completed
2610,355,2024-09-27,completed
2611,355,2024-09-22,completed
2612,356,2023-10-08,completed
2613,356,2023-11-06,completed
2614,356,2023-11-13,completed
2615,356,2023-12-01,completed
2616,356,2024-05-13,completed
2617,356,2024-06-12,completed
2618,356,2024-06-23,completed
2619,356,2024-07-01,completed
2620,356,2024-07-25,completed
2621,356,2024-10-13,completed
2622,357,2024-08-25,completed
2623,357,2024-08-10,completed
2624,358,2023-09-19,completed
2625,358,2023-12-22,completed
2626,358,2023-12-21,completed
2627,358,2024-01-07,completed
2628,358,2024-03-24,completed
2629,358,2024-03-07,completed
2630,358,2024-04-21,completed
2631,358,2024-06-09,completed
2632,358,2024-06-22,completed
2633,358,2024-07-18,completed
2634,358,2024-07-19,refunded
2635,358,2024-07-14,completed
2636,358,2024-09-05,completed
2637,358,2024-12-06,completed
2638,358,2024-12-08,completed
2639,358,2024-12-19,completed
2640,358,2024-12-11,completed
2641,359,2023-07-22,completed
2642,359,2023-07-26,completed
2643,359,2023-11-17,completed
2644,359,2024-07-25,completed
2645,359,2024-07-27,completed
2646,359,2024-10-02,completed
2647,360,2024-02-03,completed
2648,360,2024-12-12,completed
2649,360,2024-12-21,completed
2650,360,2024-12-13,completed
2651,361,2023-03-09,refunded
2652,361,2023-03-18,completed
2653,361,2023-03-16,completed
2654,361,2023-04-19,completed
2655,361,2023-04-01,completed
2656,361,2023-05-20,completed
2657,361,2023-05-04,completed
2658,361,2023-08-19,completed
2659,361,2023-08-27,completed
2660,361,2023-08-03,completed
2661,361,2024-02-07,completed
2662,361,2024-02-05,completed
2663,361,2024-02-21,completed
2664,361,2024-07-14,completed
2665,361,2024-07-11,cancelled
2666,361,2024-07-18,completed
2667,361,2024-08-06,completed
2668,361,2024-08-28,completed
2669,361,2024-10-07,completed
2670,361,2024-10-19,completed
2671,362,2023-04-14,completed
2672,363,2024-02-16,refunded
2673,363,2024-02-18,completed
2674,363,2024-02-21,completed
2675,363,2024-10-14,completed
2676,363,2024-10-07,completed
2677,363,2024-10-13,completed
2678,363,2024-10-09,refunded
2679,364,2024-05-13,completed
2680,364,2024-06-25,cancelled
2681,364,2024-07-04,completed
2682,364,2024-07-03,completed
2683,364,2024-08-04,completed
2684,364,2024-08-28,completed
2685,364,2024-10-12,completed
2686,364,2024-10-18,completed
2687,364,2024-10-11,completed
2688,364,2024-11-18,completed
2689,364,2024-11-06,completed
2690,364,2024-11-24,completed
2691,364,2024-11-07,completed
2692,364,2024-12-24,completed
2693,364,2024-12-17,completed
2694,366,2023-07-17,completed
2695,366,2023-07-10,completed
2696,366,2023-09-14,completed
2697,366,2023-09-28,completed
2698,366,2023-10-28,completed
2699,366,2023-10-12,completed
2700,366,2024-01-13,completed
2701,366,2024-01-08,completed
2702,366,2024-02-18,completed
2703,366,2024-02-07,completed
2704,366,2024-02-13,completed
2705,366,2024-03-10,completed
2706,366,2024-04-18,completed
2707,366,2024-04-28,completed
2708,366,2024-12-11,refunded
2709,367,2023-11-19,completed
2710,367,2023-11-24,completed
2711,367,2023-11-12,completed
2712,367,2023-12-02,completed
2713,367,2023-12-21,completed
2714,367,2023-12-11,completed
2715,367,2024-01-12,completed
2716,367,2024-01-06,refunded
2717,367,2024-01-27,completed
2718,367,2024-01-10,completed
2719,367,2024-04-09,completed
2720,367,2024-04-09,completed
2721,367,2024-04-10,completed
2722,367,2024-08-09,completed
2723,367,2024-09-06,completed
2724,367,2024-10-25,completed
2725,367,2024-12-21,completed
2726,367,2024-12-12,completed
2727,367,2024-12-14,completed
2728,368,2023-06-19,completed
2729,368,2023-08-11,completed
2730,368,2023-11-17,completed
2731,368,2023-11-19,completed
2732,368,2023-11-16,completed
2733,368,2023-12-13,completed
2734,368,2023-12-11,completed
2735,368,2023-12-09,completed
2736,368,2024-01-18,completed
2737,368,2024-01-28,completed
2738,368,2024-01-18,completed
2739,368,2024-04-03,completed
2740,368,2024-07-21,completed
2741,368,2024-07-23,completed
2742,368,2024-11-04,completed
2743,368,2024-12-02,completed
2744,369,2024-11-17,completed
2745,369,2024-11-08,completed
2746,369,2024-12-10,completed
2747,369,2024-12-26,completed
2748,369,2024-12-19,completed
2749,371,2024-07-22,completed
2750,371,2024-09-26,completed
2751,371,2024-09-12,completed
2752,371,2024-09-26,completed
2753,371,2024-11-19,completed
2754,371,2024-11-09,completed
2755,371,2024-11-11,completed
2756,371,2024-12-12,completed
2757,371,2024-12-15,completed
2758,371,2024-12-26,completed
2759,373,2024-03-02,completed
2760,373,2024-03-03,completed
2761,373,2024-04-01,completed
2762,373,2024-06-14,completed
2763,373,2024-06-10,completed
2764,373,2024-06-10,completed
2765,373,2024-07-20,completed
2766,373,2024-07-04,completed
2767,373,2024-07-05,completed
2768,373,2024-08-25,completed
2769,373,2024-08-21,completed
2770,373,2024-11-15,completed
2771,373,2024-11-15,completed
2772,373,2024-11-07,completed
2773,373,2024-12-11,completed
2774,373,2024-12-24,completed
2775,374,2024-01-09,completed
2776,374,2024-03-11,completed
2777,374,2024-03-26,completed
2778,374,2024-04-05,completed
2779,374,2024-04-02,completed
2780,374,2024-08-20,completed
2781,374,2024-09-18,completed
2782,374,2024-09-10,completed
2783,374,2024-09-24,completed
2784,375,2024-08-05,completed
2785,375,2024-08-25,completed
2786,375,2024-08-20,completed
2787,375,2024-09-03,completed
2788,375,2024-09-07,completed
2789,375,2024-11-19,completed
2790,375,2024-12-21,completed
2791,375,2024-12-04,completed
2792,378,2024-08-20,completed
2793,378,2024-08-08,completed
2794,379,2024-07-22,completed
2795,379,2024-07-21,completed
2796,379,2024-07-05,completed
2797,379,2024-08-07,completed
2798,379,2024-12-12,completed
2799,380,2023-11-05,completed
2800,380,2023-11-18,completed
2801,380,2023-12-09,completed
2802,380,2023-12-13,refunded
2803,380,2024-04-16,completed
2804,380,2024-04-16,completed
2805,380,2024-05-22,cancelled
2806,381,2024-12-28,completed
2807,381,2024-12-01,completed
2808,382,2024-05-19,completed
2809,382,2024-05-05,completed
2810,382,2024-06-25,completed
2811,382,2024-06-15,completed
2812,382,2024-06-04,completed
2813,382,2024-07-12,completed
2814,382,2024-07-23,completed
2815,382,2024-08-06,completed
2816,382,2024-09-08,completed
2817,382,2024-11-03,completed
2818,382,2024-12-16,completed
2819,382,2024-12-05,completed
2820,383,2023-10-04,completed
2821,383,2023-10-03,completed
2822,383,2024-01-12,cancelled
2823,383,2024-03-10,completed
2824,383,2024-04-21,completed
2825,383,2024-04-03,completed
2826,383,2024-04-27,completed
2827,383,2024-06-27,completed
2828,383,2024-10-27,completed
2829,383,2024-10-03,completed
2830,384,2023-07-15,completed
2831,384,2023-07-16,completed
2832,384,2023-07-08,completed
2833,384,2023-10-13,completed
2834,384,2023-10-02,completed
2835,384,2023-11-23,completed
2836,384,2023-11-07,completed
2837,384,2023-11-11,completed
2838,384,2023-12-23,completed
2839,384,2024-06-26,completed
2840,384,2024-06-09,completed
2841,384,2024-06-24,completed
2842,384,2024-09-02,completed
2843,384,2024-09-08,completed
2844,384,2024-11-21,completed
2845,385,2024-06-13,completed
2846,385,2024-06-03,completed
2847,385,2024-10-21,completed
2848,385,2024-11-13,completed
2849,385,2024-11-22,completed
2850,385,2024-12-28,completed
2851,385,2024-12-10,completed
2852,385,2024-12-20,completed
2853,386,2023-05-03,completed
2854,386,2023-05-11,completed
2855,386,2023-06-20,completed
2856,386,2023-07-17,completed
2857,386,2023-10-26,completed
2858,386,2023-10-25,completed
2859,386,2023-10-15,completed
2860,386,2023-10-19,completed
2861,386,2023-11-08,completed
2862,386,2023-11-01,completed
2863,386,2023-12-17,completed
2864,386,2023-12-24,completed
2865,386,2024-01-23,completed
2866,386,2024-01-13,completed
2867,386,2024-04-12,cancelled
2868,386,2024-05-07,completed
2869,386,2024-05-11,completed
2870,386,2024-05-27,completed
2871,386,2024-06-02,completed
2872,386,2024-06-05,completed
2873,386,2024-06-22,completed
2874,386,2024-07-14,completed
2875,386,2024-07-19,completed
2876,386,2024-08-13,completed
2877,386,2024-08-05,completed
2878,386,2024-08-16,completed
2879,386,2024-08-19,completed
2880,386,2024-12-02,completed
2881,387,2024-04-01,completed
2882,387,2024-11-20,completed
2883,387,2024-11-07,completed
2884,389,2024-05-25,completed
2885,389,2024-05-09,completed
2886,389,2024-09-24,completed
2887,389,2024-10-21,completed
2888,389,2024-10-11,completed
2889,389,2024-12-14,completed
2890,389,2024-12-25,completed
2891,390,2024-11-16,completed
2892,390,2024-11-15,completed
2893,390,2024-12-19,completed
2894,390,2024-12-24,completed
2895,391,2023-06-18,refunded
2896,391,2023-06-21,completed
2897,391,2024-10-10,completed
2898,392,2023-10-19,completed
2899,392,2023-10-19,completed
2900,392,2023-10-10,completed
2901,394,2023-12-18,cancelled
2902,394,2023-12-19,refunded
2903,394,2023-12-18,completed
2904,394,2023-12-23,completed
2905,394,2023-12-24,completed
2906,394,2024-01-16,refunded
2907,394,2024-01-02,completed
2908,394,2024-01-02,completed
2909,394,2024-02-07,completed
2910,394,2024-02-09,completed
2911,394,2024-02-05,completed
2912,394,2024-03-11,completed
2913,394,2024-03-19,completed
2914,394,2024-05-12,completed
2915,394,2024-05-05,completed
2916,394,2024-05-18,completed
2917,394,2024-05-12,completed
2918,394,2024-07-17,cancelled
2919,394,2024-07-14,completed
2920,394,2024-07-17,completed
2921,394,2024-08-20,completed
2922,394,2024-09-04,completed
2923,394,2024-09-17,completed
2924,394,2024-09-08,cancelled
2925,394,2024-10-24,completed
2926,394,2024-10-16,completed
2927,394,2024-10-28,completed
2928,394,2024-10-13,completed
2929,394,2024-10-10,completed
2930,394,2024-11-22,completed
2931,394,2024-12-06,completed
2932,395,2023-07-10,completed
2933,395,2023-07-10,completed
2934,395,2023-10-18,completed
2935,395,2023-10-20,completed
2936,395,2023-10-03,completed
2937,395,2023-10-06,completed
2938,395,2024-01-15,completed
2939,395,2024-03-24,completed
2940,395,2024-04-01,completed
2941,395,2024-04-03,completed
2942,395,2024-04-23,completed
2943,395,2024-05-17,completed
2944,395,2024-05-17,completed
2945,395,2024-12-27,cancelled
2946,395,2024-12-24,completed
2947,395,2024-12-02,completed
2948,396,2023-09-18,completed
2949,396,2023-11-10,completed
2950,396,2023-11-12,completed
2951,396,2024-02-17,completed
2952,396,2024-02-22,completed
2953,396,2024-02-19,completed
2954,396,2024-04-15,completed
2955,396,2024-04-21,completed
2956,396,2024-04-19,completed
2957,396,2024-07-13,completed
2958,396,2024-08-10,completed
2959,396,2024-08-21,completed
2960,396,2024-08-25,completed
2961,396,2024-09-05,completed
2962,396,2024-09-25,completed
2963,397,2023-10-20,completed
2964,397,2023-10-26,completed
2965,397,2023-10-21,completed
2966,397,2024-02-02,completed
2967,397,2024-02-03,completed
2968,397,2024-02-03,completed
2969,397,2024-02-28,completed
2970,397,2024-03-11,completed
2971,397,2024-03-06,completed
2972,397,2024-04-23,completed
2973,397,2024-06-01,completed
2974,397,2024-06-28,completed
2975,397,2024-06-13,cancelled
2976,397,2024-08-16,refunded
2977,397,2024-08-04,completed
2978,397,2024-11-13,completed
2979,397,2024-11-19,completed
2980,397,2024-11-09,completed
2981,397,2024-12-20,completed
2982,397,2024-12-22,completed
2983,398,2023-12-18,completed
2984,398,2023-12-27,completed
2985,398,2024-03-19,completed
2986,398,2024-04-14,completed
2987,398,2024-04-23,completed
2988,398,2024-04-16,completed
2989,398,2024-08-13,completed
2990,398,2024-08-15,cancelled
2991,398,2024-08-14,completed
2992,399,2023-07-02,completed
2993,399,2024-11-15,completed
2994,400,2024-03-15,completed
2995,400,2024-03-28,completed
2996,401,2024-01-11,completed
2997,401,2024-01-20,completed
2998,402,2024-05-23,completed
2999,403,2023-05-19,refunded
3000,403,2023-05-22,completed
3001,403,2023-05-26,completed
3002,403,2023-06-19,refunded
3003,403,2023-06-04,completed
3004,403,2023-06-18,completed
3005,403,2024-03-15,completed
3006,403,2024-07-08,completed
3007,403,2024-07-12,completed
3008,403,2024-09-19,cancelled
3009,403,2024-10-27,completed
3010,403,2024-11-22,completed
3011,403,2024-11-13,completed
3012,404,2024-03-28,completed
3013,404,2024-03-16,completed
3014,404,2024-04-23,completed
3015,404,2024-04-17,completed
3016,404,2024-07-11,completed
3017,404,2024-07-13,completed
3018,404,2024-08-04,completed
3019,404,2024-10-08,completed
3020,404,2024-10-07,completed
3021,404,2024-10-14,completed
3022,405,2024-08-18,completed
3023,405,2024-09-21,completed
3024,405,2024-09-08,cancelled
3025,405,2024-09-14,completed
3026,405,2024-10-26,completed
3027,405,2024-10-24,completed
3028,405,2024-11-26,completed
3029,405,2024-12-18,completed
3030,405,2024-12-27,completed
3031,406,2023-04-09,completed
3032,406,2023-04-10,completed
3033,406,2023-05-08,completed
3034,406,2023-06-20,completed
3035,406,2023-06-23,refunded
3036,406,2023-06-03,cancelled
3037,406,2023-06-15,completed
3038,406,2023-08-13,completed
3039,406,2023-08-05,completed
3040,406,2023-10-25,completed
3041,406,2023-10-07,completed
3042,406,2023-10-05,completed
3043,406,2023-11-25,completed
3044,406,2023-11-15,completed
3045,406,2023-12-01,completed
3046,406,2023-12-20,completed
3047,406,2023-12-15,completed
3048,406,2024-01-28,completed
3049,406,2024-01-02,completed
3050,406,2024-04-16,completed
3051,406,2024-04-27,completed
3052,406,2024-04-06,completed
3053,406,2024-04-11,completed
3054,406,2024-07-12,completed
3055,406,2024-09-07,completed
3056,406,2024-09-10,completed
3057,406,2024-09-03,completed
3058,406,2024-09-12,completed
3059,406,2024-10-14,completed
3060,406,2024-10-09,completed
3061,406,2024-10-07,completed
3062,406,2024-11-17,completed
3063,406,2024-12-03,completed
3064,407,2023-12-26,completed
3065,407,2024-03-12,completed
3066,407,2024-03-22,completed
3067,408,2024-04-19,completed
3068,408,2024-05-13,completed
3069,408,2024-05-18,cancelled
3070,408,2024-08-18,completed
3071,408,2024-08-22,completed
3072,408,2024-11-01,completed
3073,409,2024-02-19,completed
3074,409,2024-02-12,completed
3075,409,2024-02-20,completed
3076,409,2024-03-23,completed
3077,409,2024-03-12,completed
3078,409,2024-03-15,completed
3079,409,2024-12-05,completed
3080,410,2024-04-21,cancelled
3081,410,2024-04-18,completed
3082,410,2024-05-18,completed
3083,410,2024-06-27,completed
3084,410,2024-06-09,completed
3085,410,2024-07-18,completed
3086,410,2024-07-11,completed
3087,410,2024-08-15,completed
3088,410,2024-09-21,completed
3089,410,2024-10-26,completed
3090,410,2024-10-12,completed
3091,410,2024-11-02,completed
3092,410,2024-11-11,completed
3093,410,2024-11-01,completed
3094,410,2024-11-24,cancelled
3095,410,2024-12-05,completed
3096,411,2023-12-26,completed
3097,411,2023-12-07,completed
3098,411,2023-12-24,completed
3099,411,2024-03-28,completed
3100,411,2024-03-06,completed
3101,411,2024-03-20,completed
3102,411,2024-06-16,completed
3103,411,2024-06-28,completed
3104,411,2024-06-28,completed
3105,411,2024-09-03,completed
3106,411,2024-09-20,refunded
3107,411,2024-10-16,completed
3108,411,2024-11-01,completed
3109,411,2024-11-04,completed
3110,411,2024-12-01,completed
3111,411,2024-12-02,completed
3112,412,2024-04-13,completed
3113,412,2024-05-27,completed
3114,412,2024-05-26,completed
3115,412,2024-05-11,completed
3116,412,2024-06-26,completed
3117,412,2024-10-19,completed
3118,412,2024-10-18,completed
3119,412,2024-10-25,completed
3120,412,2024-10-23,completed
3121,412,2024-11-05,refunded
3122,412,2024-12-06,completed
3123,412,2024-12-10,completed
3124,412,2024-12-22,cancelled
3125,413,2024-08-19,completed
3126,413,2024-08-09,completed
3127,413,2024-08-15,completed
3128,415,2024-11-12,completed
3129,416,2023-12-22,completed
3130,416,2024-08-08,completed
3131,416,2024-08-02,completed
3132,417,2023-02-07,completed
3133,417,2023-02-01,completed
3134,417,2023-06-14,completed
3135,417,2023-06-05,completed
3136,417,2024-11-01,completed
3137,417,2024-11-23,completed
3138,418,2024-04-13,completed
3139,418,2024-04-01,cancelled
3140,418,2024-05-04,completed
3141,418,2024-05-22,completed
3142,419,2023-10-26,completed
3143,419,2023-10-06,completed
3144,419,2023-11-20,completed
3145,419,2023-12-17,completed
3146,419,2023-12-22,completed
3147,419,2023-12-09,completed
3148,419,2024-01-03,completed
3149,419,2024-01-12,completed
3150,419,2024-01-15,completed
3151,419,2024-02-16,completed
3152,419,2024-02-27,completed
3153,419,2024-02-19,completed
3154,419,2024-03-20,refunded
3155,419,2024-04-18,completed
3156,419,2024-04-13,completed
3157,419,2024-05-13,completed
3158,419,2024-05-10,completed
3159,419,2024-07-02,completed
3160,419,2024-07-28,refunded
3161,419,2024-08-22,completed
3162,419,2024-08-04,completed
3163,419,2024-11-22,completed
3164,419,2024-11-25,completed
3165,419,2024-12-18,completed
3166,419,2024-12-25,completed
3167,419,2024-12-13,completed
3168,420,2023-12-25,completed
3169,420,2024-04-02,completed
3170,420,2024-05-09,completed
3171,420,2024-05-07,completed
3172,420,2024-06-13,completed
3173,420,2024-06-28,completed
3174,422,2023-08-12,completed
3175,422,2023-08-17,completed
3176,422,2023-10-15,completed
3177,422,2023-10-05,completed
3178,422,2023-10-11,completed
3179,422,2023-10-05,completed
3180,422,2023-10-20,cancelled
3181,422,2023-12-18,completed
3182,422,2023-12-21,completed
3183,422,2023-12-12,completed
3184,422,2023-12-11,completed
3185,422,2024-03-10,completed
3186,422,2024-03-04,completed
3187,422,2024-06-03,completed
3188,422,2024-06-22,completed
3189,423,2024-07-07,completed
3190,423,2024-07-26,completed
3191,424,2023-11-27,cancelled
3192,424,2024-06-27,completed
3193,424,2024-06-16,completed
3194,424,2024-07-13,completed
3195,424,2024-08-18,completed
3196,424,2024-08-03,completed
3197,425,2024-07-12,completed
3198,425,2024-07-20,completed
3199,425,2024-07-12,completed
3200,425,2024-07-15,completed
3201,425,2024-09-27,completed
3202,425,2024-09-18,completed
3203,425,2024-11-13,completed
3204,426,2024-04-27,completed
3205,426,2024-11-10,completed
3206,426,2024-11-05,refunded
3207,426,2024-11-09,completed
3208,426,2024-11-28,completed
3209,426,2024-11-24,completed
3210,427,2024-05-18,completed
3211,427,2024-05-19,completed
3212,427,2024-05-08,completed
3213,427,2024-10-28,completed
3214,427,2024-10-17,completed
3215,427,2024-10-26,completed
3216,427,2024-11-27,completed
3217,427,2024-11-19,completed
3218,428,2023-06-12,completed
3219,428,2023-06-26,completed
3220,428,2023-06-07,completed
3221,428,2024-05-14,cancelled
3222,429,2024-08-23,completed
3223,429,2024-08-24,completed
3224,430,2024-08-08,completed
3225,430,2024-08-27,completed
3226,430,2024-09-17,completed
3227,430,2024-10-26,completed
3228,430,2024-11-27,completed
3229,430,2024-11-18,completed
3230,430,2024-11-18,completed
3231,430,2024-12-03,completed
3232,431,2024-10-07,completed
3233,431,2024-11-09,completed
3234,433,2023-01-02,completed
3235,433,2023-01-09,completed
3236,433,2023-01-20,completed
3237,433,2023-02-01,cancelled
3238,433,2023-02-13,completed
3239,433,2023-07-09,completed
3240,433,2023-07-22,completed
3241,433,2023-10-13,completed
3242,433,2023-11-19,completed
3243,433,2024-02-08,completed
3244,433,2024-02-25,completed
3245,433,2024-04-15,completed
3246,433,2024-04-15,completed
3247,433,2024-04-10,completed
3248,433,2024-04-04,completed
3249,433,2024-05-28,completed
3250,433,2024-05-02,completed
3251,433,2024-06-05,completed
3252,433,2024-07-27,completed
3253,433,2024-07-10,completed
3254,434,2024-04-23,completed
3255,434,2024-07-01,completed
3256,434,2024-09-19,cancelled
3257,434,2024-09-02,completed
3258,434,2024-10-13,refunded
3259,434,2024-10-06,completed
3260,434,2024-10-15,completed
3261,434,2024-10-08,completed
3262,434,2024-10-26,completed
3263,434,2024-10-18,completed
3264,434,2024-10-28,completed
3265,434,2024-11-06,completed
3266,434,2024-12-06,completed
3267,435,2024-11-13,completed
3268,435,2024-11-20,completed
3269,435,2024-12-27,completed
3270,437,2023-12-01,completed
3271,437,2023-12-08,completed
3272,437,2024-02-13,completed
3273,437,2024-02-21,completed
3274,437,2024-03-17,completed
3275,437,2024-03-12,completed
3276,437,2024-07-17,completed
3277,437,2024-07-25,completed
3278,437,2024-07-26,completed
3279,437,2024-07-24,completed
3280,437,2024-11-22,completed
3281,437,2024-11-16,completed
3282,439,2023-07-21,completed
3283,439,2023-07-26,completed
3284,439,2024-12-12,completed
3285,439,2024-12-27,completed
3286,440,2024-09-20,completed
3287,440,2024-09-01,completed
3288,440,2024-09-14,completed
3289,440,2024-09-22,completed
3290,440,2024-12-21,completed
3291,440,2024-12-25,completed
3292,443,2024-08-13,completed
3293,443,2024-08-04,completed
3294,443,2024-12-19,completed
3295,443,2024-12-20,completed
3296,444,2023-12-04,completed
3297,444,2023-12-07,completed
3298,445,2024-09-12,completed
3299,445,2024-09-19,completed
3300,445,2024-09-20,completed
3301,446,2023-12-13,completed
3302,446,2023-12-21,completed
3303,446,2024-02-14,refunded
3304,446,2024-02-12,completed
3305,446,2024-06-23,completed
3306,446,2024-06-04,completed
3307,446,2024-09-27,completed
3308,446,2024-11-01,completed
3309,446,2024-11-21,completed
3310,447,2024-03-03,completed
3311,447,2024-03-10,completed
3312,447,2024-03-24,completed
3313,447,2024-03-07,completed
3314,447,2024-04-06,completed
3315,447,2024-05-27,completed
3316,447,2024-05-20,completed
3317,447,2024-09-12,completed
3318,447,2024-09-18,completed
3319,447,2024-10-13,completed
3320,448,2024-03-15,completed
3321,448,2024-03-21,completed
3322,448,2024-07-08,completed
3323,448,2024-07-12,completed
3324,448,2024-11-17,completed
3325,448,2024-12-07,completed
3326,449,2024-11-12,completed
3327,450,2024-09-15,completed
3328,450,2024-11-20,completed
3329,451,2024-04-28,completed
3330,451,2024-04-23,cancelled
3331,451,2024-04-23,completed
3332,451,2024-11-13,completed
3333,451,2024-11-25,completed
3334,451,2024-11-13,completed
3335,452,2023-03-10,completed
3336,452,2023-08-13,completed
3337,452,2023-08-24,completed
3338,452,2023-08-04,completed
3339,452,2023-12-27,completed
3340,452,2023-12-27,completed
3341,452,2023-12-11,completed
3342,453,2023-09-16,completed
3343,453,2023-12-19,completed
3344,453,2023-12-01,completed
3345,453,2023-12-14,completed
3346,453,2023-12-10,completed
3347,453,2023-12-24,completed
3348,453,2023-12-13,completed
3349,453,2024-01-09,completed
3350,453,2024-02-28,completed
3351,453,2024-02-16,completed
3352,453,2024-02-15,completed
3353,453,2024-06-04,completed
3354,453,2024-07-17,cancelled
3355,453,2024-07-16,completed
3356,453,2024-07-22,completed
3357,453,2024-11-12,completed
3358,455,2024-07-17,completed
3359,457,2023-11-17,completed
3360,457,2023-12-28,completed
3361,457,2024-01-09,completed
3362,457,2024-02-27,completed
3363,457,2024-02-27,completed
3364,457,2024-02-03,completed
3365,457,2024-02-27,completed
3366,457,2024-07-14,completed
3367,457,2024-07-08,completed
3368,457,2024-09-15,completed
3369,457,2024-09-15,completed
3370,457,2024-10-08,cancelled
3371,457,2024-10-01,completed
3372,457,2024-11-03,completed
3373,457,2024-11-15,completed
3374,457,2024-11-16,completed
3375,457,2024-12-24,cancelled
3376,457,2024-12-02,completed
3377,457,2024-12-05,completed
3378,458,2024-09-08,completed
3379,458,2024-09-06,completed
3380,458,2024-10-17,completed
3381,458,2024-10-21,completed
3382,459,2024-04-19,completed
3383,459,2024-04-04,completed
3384,460,2023-11-26,completed
3385,460,2023-11-10,completed
3386,460,2023-11-01,completed
3387,460,2024-02-10,completed
3388,460,2024-02-15,completed
3389,460,2024-02-05,completed
3390,460,2024-02-15,refunded
3391,460,2024-02-05,completed
3392,460,2024-03-24,completed
3393,460,2024-03-02,refunded
3394,460,2024-04-19,completed
3395,460,2024-04-04,completed
3396,460,2024-04-25,refunded
3397,460,2024-11-04,completed
3398,460,2024-11-22,completed
3399,460,2024-12-26,refunded
3400,461,2023-12-08,completed
3401,461,2023-12-28,completed
3402,461,2024-01-10,completed
3403,461,2024-02-28,completed
3404,461,2024-04-06,completed
3405,461,2024-07-27,completed
3406,461,2024-07-18,completed
3407,461,2024-07-11,completed
3408,461,2024-09-06,completed
3409,461,2024-09-02,completed
3410,461,2024-11-15,completed
3411,461,2024-11-20,completed
3412,462,2024-05-24,completed
3413,462,2024-05-04,completed
3414,462,2024-05-01,completed
3415,462,2024-05-14,completed
3416,464,2024-09-04,completed
3417,464,2024-11-20,completed
3418,464,2024-11-13,completed
3419,464,2024-12-18,completed
3420,464,2024-12-15,completed
3421,464,2024-12-11,completed
3422,464,2024-12-04,completed
3423,466,2023-11-05,completed
3424,466,2023-11-15,completed
3425,467,2024-03-06,completed
3426,467,2024-04-14,completed
3427,467,2024-09-02,completed
3428,468,2023-04-04,completed
3429,468,2023-04-22,completed
3430,468,2023-07-16,completed
3431,468,2023-07-17,completed
3432,468,2023-07-14,completed
3433,468,2023-08-14,completed
3434,468,2023-09-26,completed
3435,468,2023-09-23,completed
3436,468,2023-09-16,completed
3437,468,2023-09-20,completed
3438,468,2023-10-18,completed
3439,468,2023-11-12,completed
3440,468,2023-11-10,completed
3441,468,2023-12-07,completed
3442,468,2024-01-13,completed
3443,468,2024-01-02,completed
3444,468,2024-02-27,completed
3445,468,2024-02-20,completed
3446,468,2024-02-19,completed
3447,468,2024-04-26,completed
3448,468,2024-04-12,completed
3449,468,2024-04-27,completed
3450,468,2024-05-08,completed
3451,468,2024-05-11,completed
3452,468,2024-05-18,refunded
3453,468,2024-06-27,completed
3454,468,2024-10-22,completed
3455,468,2024-11-09,completed
3456,468,2024-12-25,cancelled
3457,468,2024-12-02,completed
3458,468,2024-12-04,completed
3459,469,2023-09-24,completed
3460,469,2024-01-04,completed
3461,469,2024-04-11,completed
3462,469,2024-04-20,completed
3463,469,2024-04-17,completed
3464,470,2023-09-14,completed
3465,470,2023-09-25,completed
3466,470,2023-11-10,completed
3467,470,2023-12-06,completed
3468,470,2023-12-28,completed
3469,470,2023-12-02,completed
3470,470,2023-12-07,completed
3471,470,2023-12-11,completed
3472,470,2024-02-05,completed
3473,470,2024-08-23,completed
3474,470,2024-09-19,cancelled
3475,471,2023-05-25,completed
3476,471,2023-05-28,completed
3477,471,2023-06-18,completed
3478,471,2023-06-09,completed
3479,471,2023-06-07,completed
3480,471,2023-09-02,completed
3481,471,2023-10-09,completed
3482,471,2023-10-18,completed
3483,471,2023-10-20,completed
3484,471,2023-11-15,completed
3485,471,2023-11-10,cancelled
3486,471,2023-12-14,completed
3487,471,2024-02-23,refunded
3488,471,2024-03-13,completed
3489,471,2024-03-11,completed
3490,471,2024-05-07,completed
3491,471,2024-05-13,completed
3492,471,2024-07-22,completed
3493,471,2024-07-26,completed
3494,471,2024-11-19,completed
3495,471,2024-11-02,completed
3496,471,2024-12-03,completed
3497,471,2024-12-04,completed
3498,472,2023-03-17,cancelled
3499,472,2023-03-10,completed
3500,472,2023-03-27,completed
3501,472,2023-03-01,completed
3502,472,2023-04-09,completed
3503,472,2023-04-23,completed
3504,472,2023-05-18,completed
3505,472,2023-06-16,completed
3506,472,2023-06-14,completed
3507,472,2023-07-09,completed
3508,472,2023-08-16,completed
3509,472,2023-08-15,completed
3510,472,2023-09-17,completed
3511,472,2023-10-05,cancelled
3512,472,2023-10-26,completed
3513,472,2023-11-10,completed
3514,472,2023-11-08,completed
3515,472,2023-11-26,completed
3516,472,2023-11-01,completed
3517,472,2023-11-06,completed
3518,472,2023-12-25,completed
3519,472,2024-01-03,completed
3520,472,2024-01-14,completed
3521,472,2024-01-19,completed
3522,472,2024-01-14,completed
3523,472,2024-03-27,completed
3524,472,2024-04-20,completed
3525,472,2024-04-23,completed
3526,472,2024-04-19,completed
3527,472,2024-05-23,completed
3528,472,2024-05-11,completed
3529,472,2024-06-09,completed
3530,472,2024-06-11,completed
3531,472,2024-07-21,completed
3532,472,2024-07-22,completed
3533,472,2024-08-22,completed
3534,472,2024-08-11,completed
3535,472,2024-09-16,completed
3536,472,2024-10-17,completed
3537,472,2024-10-06,cancelled
3538,472,2024-11-14,completed
3539,472,2024-11-07,completed
3540,472,2024-11-19,completed
3541,472,2024-12-06,completed
3542,473,2024-03-22,completed
3543,473,2024-03-18,completed
3544,473,2024-07-25,completed
3545,473,2024-07-26,completed
3546,473,2024-07-17,completed
3547,473,2024-07-13,completed
3548,474,2023-01-12,completed
3549,474,2023-01-18,completed
3550,474,2023-01-26,completed
3551,474,2023-01-24,completed
3552,474,2023-01-17,completed
3553,474,2023-03-08,completed
3554,474,2023-03-17,completed
3555,474,2023-03-02,refunded
3556,474,2023-05-10,completed
3557,474,2023-05-03,completed
3558,474,2023-05-26,completed
3559,474,2023-12-24,completed
3560,474,2023-12-01,completed
3561,474,2024-04-19,completed
3562,474,2024-04-14,completed
3563,474,2024-06-16,completed
3564,474,2024-07-22,completed
3565,474,2024-10-10,completed
3566,474,2024-10-15,completed
3567,474,2024-10-13,completed
3568,474,2024-10-11,completed
3569,474,2024-12-12,completed
3570,474,2024-12-27,completed
3571,475,2024-02-27,completed
3572,475,2024-04-25,completed
3573,475,2024-04-02,completed
3574,475,2024-05-05,completed
3575,475,2024-05-20,completed
3576,475,2024-06-03,completed
3577,475,2024-06-28,completed
3578,475,2024-07-12,completed
3579,475,2024-07-20,completed
3580,475,2024-09-08,completed
3581,475,2024-09-18,completed
3582,475,2024-10-12,completed
3583,475,2024-11-23,completed
3584,475,2024-11-24,completed
3585,475,2024-11-13,completed
3586,475,2024-12-27,completed
3587,476,2024-11-06,completed
3588,476,2024-11-16,cancelled
3589,476,2024-11-06,completed
3590,477,2023-08-10,completed
3591,477,2023-08-03,completed
3592,477,2023-09-19,completed
3593,477,2023-09-23,completed
3594,477,2023-11-10,cancelled
3595,477,2023-11-26,completed
3596,477,2024-02-04,completed
3597,477,2024-02-04,completed
3598,477,2024-04-12,completed
3599,477,2024-04-19,refunded
3600,477,2024-07-28,completed
3601,477,2024-07-09,refunded
3602,477,2024-07-12,completed
3603,477,2024-08-24,refunded
3604,477,2024-10-07,completed
3605,477,2024-10-19,completed
3606,477,2024-10-15,completed
3607,477,2024-10-23,completed
3608,479,2024-09-27,completed
3609,479,2024-12-14,completed
3610,479,2024-12-04,completed
3611,479,2024-12-13,completed
3612,479,2024-12-06,completed
3613,479,2024-12-28,completed
3614,480,2024-06-23,completed
3615,480,2024-06-26,completed
3616,480,2024-06-23,completed
3617,480,2024-06-23,completed
3618,480,2024-11-15,completed
3619,480,2024-11-16,completed
3620,480,2024-12-06,completed
3621,480,2024-12-02,completed
3622,481,2024-04-25,completed
3623,481,2024-04-25,completed
3624,481,2024-04-18,completed
3625,481,2024-05-10,completed
3626,481,2024-05-19,completed
3627,481,2024-05-01,completed
3628,481,2024-11-10,completed
3629,481,2024-11-19,completed
3630,482,2023-07-15,completed
3631,482,2023-07-25,completed
3632,483,2023-06-12,cancelled
3633,483,2023-07-20,completed
3634,483,2023-07-24,completed
3635,483,2023-07-12,completed
3636,483,2023-12-02,completed
3637,483,2023-12-26,completed
3638,483,2024-03-19,completed
3639,483,2024-03-11,refunded
3640,483,2024-05-06,completed
3641,483,2024-05-10,completed
3642,483,2024-05-24,completed
3643,483,2024-08-24,completed
3644,483,2024-08-26,refunded
3645,483,2024-09-06,completed
3646,483,2024-09-04,completed
3647,484,2023-12-12,completed
3648,484,2023-12-24,completed
3649,484,2023-12-25,completed
3650,484,2023-12-12,completed
3651,484,2024-02-07,completed
3652,484,2024-02-01,completed
3653,484,2024-11-05,completed
3654,484,2024-11-02,completed
3655,485,2024-11-14,completed
3656,485,2024-11-09,completed
3657,486,2023-09-15,completed
3658,486,2023-09-11,completed
3659,486,2024-03-28,completed
3660,486,2024-03-05,completed
3661,486,2024-03-12,refunded
3662,486,2024-03-28,completed
3663,486,2024-03-06,completed
3664,486,2024-09-04,completed
3665,487,2023-03-01,completed
3666,487,2023-04-28,completed
3667,487,2023-04-14,completed
3668,487,2023-10-09,completed
3669,487,2023-10-15,completed
3670,487,2023-10-24,completed
3671,487,2023-12-03,completed
3672,487,2024-06-16,completed
3673,487,2024-06-06,completed
3674,487,2024-09-11,completed
3675,487,2024-09-09,completed
3676,488,2024-08-27,completed
3677,488,2024-08-23,completed
3678,489,2024-11-15,completed
3679,489,2024-12-11,completed
3680,489,2024-12-21,completed
3681,490,2023-08-03,completed
3682,490,2023-09-08,completed
3683,490,2023-09-15,cancelled
3684,490,2023-11-18,completed
3685,490,2024-02-26,completed
3686,490,2024-06-19,completed
3687,490,2024-10-09,completed
3688,490,2024-10-03,completed
3689,490,2024-10-09,refunded
3690,490,2024-11-01,completed
3691,491,2023-09-19,completed
3692,491,2023-10-17,completed
3693,491,2023-10-11,refunded
3694,491,2023-11-24,completed
3695,491,2023-11-17,cancelled
3696,491,2023-11-16,completed
3697,491,2023-11-13,refunded
3698,491,2023-12-06,completed
3699,491,2023-12-13,completed
3700,491,2024-01-03,completed
3701,491,2024-02-21,completed
3702,491,2024-02-16,completed
3703,491,2024-03-13,completed
3704,491,2024-03-06,completed
3705,491,2024-03-16,completed
3706,491,2024-04-18,completed
3707,491,2024-04-15,completed
3708,491,2024-04-27,completed
3709,491,2024-05-03,completed
3710,491,2024-05-25,completed
3711,491,2024-05-14,completed
3712,491,2024-06-28,completed
3713,491,2024-06-09,completed
3714,491,2024-06-26,completed
3715,491,2024-07-07,completed
3716,491,2024-07-12,completed
3717,491,2024-07-28,completed
3718,491,2024-08-20,completed
3719,491,2024-08-17,completed
3720,491,2024-08-01,completed
3721,491,2024-09-11,completed
3722,491,2024-09-11,completed
3723,491,2024-10-16,completed
3724,491,2024-12-09,completed
3725,491,2024-12-03,completed
3726,492,2024-12-16,completed
3727,492,2024-12-17,completed
3728,492,2024-12-26,completed
3729,493,2024-06-27,completed
3730,493,2024-06-05,completed
3731,493,2024-06-25,completed
3732,493,2024-06-05,completed
3733,493,2024-07-15,cancelled
3734,494,2023-07-14,completed
3735,494,2023-07-17,completed
3736,494,2023-11-08,cancelled
3737,494,2024-01-14,completed
3738,494,2024-01-25,completed
3739,494,2024-02-04,completed
3740,494,2024-07-28,completed
3741,494,2024-10-21,completed
3742,494,2024-10-16,completed
3743,494,2024-11-08,completed
3744,494,2024-11-24,completed
3745,494,2024-11-11,completed
3746,494,2024-11-24,completed
3747,494,2024-11-26,completed
3748,495,2023-09-04,completed
3749,495,2023-09-03,completed
3750,495,2023-09-04,completed
3751,495,2024-01-23,completed
3752,495,2024-03-09,completed
3753,495,2024-03-20,completed
3754,495,2024-03-12,completed
3755,495,2024-05-02,completed
3756,495,2024-07-20,completed
3757,495,2024-07-27,completed
3758,495,2024-08-19,completed
3759,495,2024-11-01,completed
3760,495,2024-11-16,completed
3761,496,2024-11-26,completed
3762,496,2024-12-01,completed
3763,496,2024-12-17,completed
3764,496,2024-12-23,completed
3765,497,2023-11-12,completed
3766,498,2023-09-01,completed
3767,498,2023-12-08,completed
3768,498,2024-01-05,completed
3769,498,2024-01-07,completed
3770,498,2024-03-24,completed
3771,498,2024-03-25,completed
3772,498,2024-03-20,completed
3773,498,2024-06-11,completed
3774,499,2024-02-16,completed
3775,499,2024-02-24,completed
3776,499,2024-02-09,completed
3777,499,2024-02-17,completed
3778,499,2024-08-18,completed
3779,499,2024-08-14,completed
3780,499,2024-08-21,completed
3781,499,2024-08-20,refunded
3782,500,2024-11-27,completed
3783,500,2024-11-21,completed
3784,500,2024-11-17,completed
3785,501,2023-12-13,completed
3786,501,2024-05-26,completed
3787,501,2024-05-27,completed
3788,501,2024-05-12,completed
3789,502,2023-08-06,completed
3790,502,2023-08-19,completed
3791,502,2023-08-27,completed
3792,502,2023-09-10,completed
3793,502,2023-11-23,completed
3794,502,2023-11-19,completed
3795,502,2023-12-01,completed
3796,502,2024-04-28,completed
3797,502,2024-04-21,completed
3798,502,2024-04-01,completed
3799,502,2024-04-16,completed
3800,502,2024-04-21,completed
3801,502,2024-04-25,completed
3802,502,2024-05-24,completed
3803,502,2024-05-09,completed
3804,502,2024-12-16,completed
3805,502,2024-12-16,completed
3806,502,2024-12-09,completed
3807,504,2024-12-06,completed
3808,504,2024-12-12,completed
3809,504,2024-12-22,completed
3810,506,2024-08-09,completed
3811,507,2023-07-13,completed
3812,507,2023-07-16,completed
3813,507,2023-07-12,completed
3814,507,2023-08-17,completed
3815,508,2024-07-02,completed
3816,508,2024-07-28,completed
3817,508,2024-11-12,completed
3818,508,2024-11-22,completed
3819,509,2023-12-28,completed
3820,509,2024-03-21,completed
3821,510,2024-09-09,completed
3822,510,2024-12-05,cancelled
3823,510,2024-12-21,completed
3824,511,2023-08-13,completed
3825,511,2023-08-13,completed
3826,511,2023-08-28,completed
3827,511,2023-09-20,completed
3828,511,2023-09-01,completed
3829,511,2024-02-23,cancelled
3830,511,2024-02-10,completed
3831,511,2024-03-07,completed
3832,511,2024-03-15,completed
3833,511,2024-03-23,completed
3834,511,2024-06-22,completed
3835,512,2024-09-17,completed
3836,512,2024-12-24,completed
3837,512,2024-12-01,completed
3838,513,2024-05-18,completed
3839,513,2024-05-04,completed
3840,513,2024-08-14,completed
3841,513,2024-08-10,completed
3842,513,2024-08-17,completed
3843,513,2024-09-12,completed
3844,513,2024-09-19,completed
3845,513,2024-11-13,cancelled
3846,513,2024-12-20,completed
3847,514,2023-07-18,completed
3848,514,2023-07-27,completed
3849,514,2023-11-03,completed
3850,514,2023-12-08,completed
3851,514,2024-03-11,completed
3852,514,2024-03-06,completed
3853,514,2024-04-06,completed
3854,514,2024-07-19,completed
3855,514,2024-07-07,completed
3856,514,2024-12-03,completed
3857,515,2024-06-07,completed
3858,515,2024-06-12,completed
3859,516,2023-08-24,completed
3860,516,2024-10-01,completed
3861,516,2024-11-04,completed
3862,517,2024-07-16,completed
3863,517,2024-07-04,refunded
3864,517,2024-11-10,completed
3865,518,2023-09-06,completed
3866,518,2023-09-02,completed
3867,518,2023-09-15,completed
3868,518,2023-09-16,completed
3869,518,2024-10-15,completed
3870,519,2024-06-17,completed
3871,519,2024-06-05,completed
3872,520,2024-09-07,refunded
3873,520,2024-09-12,completed
3874,521,2024-07-27,completed
3875,521,2024-12-06,completed
3876,521,2024-12-20,completed
3877,521,2024-12-04,completed
3878,523,2024-10-24,completed
3879,523,2024-11-14,completed
3880,523,2024-11-15,completed
3881,523,2024-12-24,completed
3882,523,2024-12-06,completed
3883,524,2024-09-11,completed
3884,524,2024-09-17,completed
3885,525,2023-10-14,completed
3886,525,2023-10-23,completed
3887,525,2023-10-05,completed
3888,525,2023-10-18,completed
3889,525,2023-12-22,completed
3890,525,2023-12-15,cancelled
3891,525,2024-01-08,completed
3892,525,2024-01-05,completed
3893,525,2024-04-15,completed
3894,525,2024-04-15,completed
3895,525,2024-04-22,completed
3896,525,2024-04-02,completed
3897,525,2024-04-17,completed
3898,526,2024-09-18,completed
3899,526,2024-09-01,completed
3900,526,2024-11-19,completed
3901,526,2024-12-22,completed
3902,526,2024-12-12,completed
3903,526,2024-12-04,completed
3904,526,2024-12-04,completed
3905,527,2024-12-21,completed
3906,527,2024-12-09,completed
3907,527,2024-12-28,completed
3908,528,2023-12-16,completed
3909,528,2023-12-13,refunded
3910,528,2024-01-26,completed
3911,528,2024-01-24,completed
3912,528,2024-04-18,completed
3913,528,2024-05-14,refunded
3914,528,2024-06-04,cancelled
3915,528,2024-06-09,completed
3916,528,2024-08-05,refunded
3917,528,2024-08-12,completed
3918,528,2024-08-05,completed
3919,528,2024-12-18,completed
3920,529,2024-11-20,completed
3921,529,2024-11-22,completed
3922,529,2024-12-08,completed
3923,529,2024-12-21,completed
3924,530,2024-02-23,completed
3925,530,2024-02-02,completed
3926,530,2024-02-12,completed
3927,530,2024-02-23,completed
3928,530,2024-08-18,completed
3929,530,2024-08-07,completed
3930,530,2024-12-04,completed
3931,530,2024-12-24,completed
3932,531,2024-06-27,completed
3933,531,2024-06-22,completed
3934,531,2024-06-16,completed
3935,532,2024-09-16,completed
3936,532,2024-11-24,completed
3937,532,2024-12-26,completed
3938,532,2024-12-28,completed
3939,533,2023-09-12,completed
3940,533,2023-12-11,completed
3941,533,2023-12-24,completed
3942,533,2024-02-04,completed
3943,533,2024-06-07,completed
3944,533,2024-06-20,completed
3945,533,2024-07-06,completed
3946,533,2024-07-05,completed
3947,534,2024-09-19,completed
3948,534,2024-09-01,completed
3949,534,2024-09-15,completed
3950,534,2024-11-28,completed
3951,534,2024-11-22,completed
3952,534,2024-12-18,completed
3953,534,2024-12-27,completed
3954,535,2023-07-13,completed
3955,535,2023-07-14,completed
3956,535,2023-07-25,completed
3957,535,2023-07-03,completed
3958,535,2023-08-05,completed
3959,535,2023-08-14,completed
3960,535,2023-08-10,completed
3961,535,2023-08-13,completed
3962,535,2023-11-03,completed
3963,535,2023-11-06,refunded
3964,535,2023-11-04,completed
3965,535,2023-11-03,completed
3966,535,2024-02-03,completed
3967,536,2023-05-15,completed
3968,536,2023-05-25,completed
3969,536,2023-12-26,completed
3970,536,2024-01-07,completed
3971,536,2024-01-12,completed
3972,536,2024-01-26,cancelled
3973,536,2024-06-02,completed
3974,536,2024-06-21,completed
3975,536,2024-07-15,completed
3976,536,2024-09-06,completed
3977,536,2024-09-20,completed
3978,536,2024-11-01,completed
3979,536,2024-11-19,completed
3980,536,2024-11-08,completed
3981,536,2024-11-03,completed
3982,537,2023-11-19,completed
3983,538,2023-12-26,completed
3984,538,2024-08-08,completed
3985,538,2024-08-05,completed
3986,538,2024-11-09,completed
3987,538,2024-11-15,completed
3988,538,2024-12-15,completed
3989,538,2024-12-13,completed
3990,538,2024-12-06,completed
3991,541,2023-05-13,completed
3992,541,2023-06-28,completed
3993,541,2023-06-06,completed
3994,541,2023-08-15,completed
3995,541,2023-09-06,completed
3996,541,2023-09-24,completed
3997,541,2023-09-10,completed
3998,541,2023-09-05,completed
3999,541,2023-09-17,completed
4000,541,2023-10-15,cancelled
4001,541,2023-10-12,completed
4002,541,2023-11-12,completed
4003,541,2023-11-06,completed
4004,541,2023-12-07,completed
4005,541,2024-01-20,cancelled
4006,541,2024-01-16,completed
4007,541,2024-02-05,completed
4008,541,2024-02-18,completed
4009,541,2024-02-15,completed
4010,541,2024-04-28,completed
4011,541,2024-05-26,completed
4012,541,2024-05-01,completed
4013,541,2024-06-11,completed
4014,541,2024-06-26,completed
4015,541,2024-09-26,completed
4016,541,2024-09-25,completed
4017,541,2024-11-14,completed
4018,541,2024-12-14,completed
4019,541,2024-12-27,completed
4020,542,2023-08-11,completed
4021,542,2023-08-17,completed
4022,542,2023-09-07,completed
4023,542,2023-09-24,completed
4024,542,2024-11-25,completed
4025,544,2023-10-10,completed
4026,544,2023-10-22,completed
4027,544,2023-10-19,completed
4028,544,2023-10-21,completed
4029,544,2023-12-20,completed
4030,544,2023-12-06,completed
4031,544,2023-12-13,completed
4032,544,2024-03-12,completed
4033,544,2024-03-28,completed
4034,545,2023-06-11,completed
4035,545,2023-06-11,completed
4036,545,2023-08-10,completed
4037,545,2023-08-10,cancelled
4038,545,2023-08-20,completed
4039,545,2023-09-22,completed
4040,545,2023-09-09,completed
4041,545,2023-09-16,completed
4042,545,2023-09-08,completed
4043,545,2023-11-23,refunded
4044,545,2023-11-23,completed
4045,545,2023-11-04,completed
4046,545,2023-11-21,completed
4047,545,2024-05-27,completed
4048,545,2024-05-27,completed
4049,545,2024-05-23,completed
4050,545,2024-05-11,completed
4051,545,2024-08-08,completed
4052,545,2024-08-23,completed
4053,545,2024-09-04,completed
4054,545,2024-09-28,completed
4055,545,2024-09-21,cancelled
4056,545,2024-10-14,completed
4057,545,2024-10-05,completed
4058,545,2024-12-08,completed
4059,545,2024-12-02,completed
4060,546,2024-11-06,completed
4061,546,2024-11-01,completed
4062,547,2023-12-24,completed
4063,547,2023-12-20,completed
4064,547,2023-12-02,completed
4065,547,2024-05-23,completed
4066,547,2024-06-04,completed
4067,547,2024-06-17,completed
4068,547,2024-10-23,completed
4069,547,2024-10-14,completed
4070,548,2024-09-15,completed
4071,548,2024-09-26,cancelled
4072,548,2024-09-12,completed
4073,548,2024-11-25,completed
4074,548,2024-12-26,completed
4075,548,2024-12-14,completed
4076,548,2024-12-14,completed
4077,548,2024-12-23,cancelled
4078,549,2024-08-24,completed
4079,550,2024-10-24,completed
4080,550,2024-11-28,completed
4081,550,2024-12-25,completed
4082,550,2024-12-12,completed
4083,550,2024-12-25,completed
4084,551,2024-02-25,completed
4085,551,2024-02-01,completed
4086,551,2024-03-22,completed
4087,551,2024-03-25,completed
4088,551,2024-03-15,completed
4089,551,2024-04-03,completed
4090,551,2024-04-02,completed
4091,551,2024-04-04,completed
4092,551,2024-09-18,completed
4093,551,2024-10-14,completed
4094,551,2024-11-13,completed
4095,551,2024-12-04,completed
4096,552,2024-06-25,completed
4097,552,2024-11-20,completed
4098,552,2024-11-22,completed
4099,552,2024-11-04,completed
4100,552,2024-12-18,completed
4101,552,2024-12-22,completed
4102,554,2023-10-10,completed
4103,554,2023-10-03,completed
4104,554,2023-10-23,completed
4105,554,2023-11-25,completed
4106,554,2023-11-21,completed
4107,554,2023-11-02,completed
4108,554,2024-04-21,completed
4109,554,2024-04-24,completed
4110,555,2023-06-03,completed
4111,555,2023-11-02,completed
4112,555,2023-11-28,completed
4113,555,2023-11-26,completed
4114,555,2023-11-18,completed
4115,555,2023-11-27,completed
4116,555,2024-04-24,completed
4117,555,2024-05-03,completed
4118,555,2024-05-26,completed
4119,555,2024-11-21,completed
4120,555,2024-11-12,cancelled
4121,556,2023-07-03,completed
4122,556,2023-07-03,cancelled
4123,556,2023-08-09,completed
4124,556,2023-08-08,completed
4125,556,2024-01-04,completed
4126,556,2024-01-20,completed
4127,556,2024-01-17,completed
4128,556,2024-01-03,completed
4129,556,2024-06-19,completed
4130,556,2024-06-28,completed
4131,556,2024-12-26,completed
4132,557,2024-02-08,completed
4133,557,2024-02-09,cancelled
4134,557,2024-02-22,completed
4135,557,2024-03-14,completed
4136,557,2024-06-16,completed
4137,557,2024-06-19,completed
4138,557,2024-07-27,completed
4139,557,2024-07-16,completed
4140,557,2024-08-26,completed
4141,557,2024-08-09,completed
4142,557,2024-08-16,completed
4143,557,2024-09-06,completed
4144,557,2024-09-06,completed
4145,557,2024-09-12,completed
4146,557,2024-10-21,completed
4147,557,2024-11-23,completed
4148,557,2024-11-10,completed
4149,557,2024-12-04,completed
4150,557,2024-12-21,cancelled
4151,558,2024-02-27,completed
4152,558,2024-02-14,completed
4153,558,2024-02-26,completed
4154,558,2024-04-06,completed
4155,558,2024-04-11,completed
4156,558,2024-04-08,completed
4157,558,2024-12-13,completed
4158,558,2024-12-08,completed
4159,559,2023-05-05,completed
4160,559,2023-06-09,completed
4161,559,2023-06-25,completed
4162,559,2023-07-06,completed
4163,559,2023-09-27,completed
4164,559,2023-10-11,completed
4165,559,2023-10-16,completed
4166,559,2024-02-03,completed
4167,559,2024-04-09,completed
4168,559,2024-04-14,completed
4169,559,2024-04-27,completed
4170,559,2024-07-03,completed
4171,559,2024-11-26,completed
4172,559,2024-11-08,completed
4173,560,2023-12-23,completed
4174,560,2024-01-13,completed
4175,560,2024-01-11,completed
4176,560,2024-01-25,completed
4177,560,2024-01-24,completed
4178,560,2024-01-16,completed
4179,560,2024-03-10,completed
4180,560,2024-06-26,completed
4181,560,2024-06-25,completed
4182,560,2024-06-21,completed
4183,560,2024-06-16,completed
4184,560,2024-06-23,completed
4185,561,2023-08-26,completed
4186,561,2023-08-22,refunded
4187,561,2023-11-19,completed
4188,561,2023-11-25,completed
4189,561,2023-12-20,completed
4190,561,2024-10-13,completed
4191,561,2024-10-20,refunded
4192,561,2024-10-13,cancelled
4193,561,2024-10-11,cancelled
4194,561,2024-10-17,completed
4195,561,2024-10-22,completed
4196,562,2024-03-27,completed
4197,562,2024-03-28,completed
4198,562,2024-03-08,completed
4199,562,2024-03-23,completed
4200,562,2024-06-01,completed
4201,562,2024-06-06,completed
4202,562,2024-06-16,completed
4203,563,2024-01-20,completed
4204,563,2024-01-13,completed
4205,563,2024-02-21,completed
4206,563,2024-04-04,refunded
4207,563,2024-07-08,completed
4208,563,2024-10-19,completed
4209,563,2024-10-14,completed
4210,563,2024-10-24,completed
4211,563,2024-11-05,completed
4212,563,2024-11-07,completed
4213,563,2024-12-05,completed
4214,564,2024-08-12,completed
4215,564,2024-08-13,completed
4216,564,2024-08-09,completed
4217,564,2024-12-05,completed
4218,565,2024-10-27,completed
4219,565,2024-10-19,completed
4220,565,2024-10-03,completed
4221,566,2024-01-04,completed
4222,566,2024-06-26,completed
4223,566,2024-06-04,completed
4224,566,2024-11-17,completed
4225,567,2024-03-15,completed
4226,567,2024-03-25,completed
4227,567,2024-03-10,completed
4228,567,2024-04-22,completed
4229,567,2024-04-02,cancelled
4230,567,2024-06-22,completed
4231,567,2024-06-03,completed
4232,567,2024-06-17,completed
4233,567,2024-07-07,completed
4234,567,2024-07-06,completed
4235,567,2024-07-19,completed
4236,567,2024-07-24,completed
4237,567,2024-07-10,completed
4238,567,2024-09-17,completed
4239,567,2024-11-08,completed
4240,567,2024-11-11,completed
4241,567,2024-12-24,completed
4242,567,2024-12-08,completed
4243,567,2024-12-08,completed
4244,568,2024-05-20,completed
4245,568,2024-05-02,completed
4246,570,2023-08-12,completed
4247,570,2023-08-14,completed
4248,570,2023-08-20,completed
4249,570,2023-09-08,refunded
4250,570,2023-09-24,completed
4251,570,2023-09-06,completed
4252,570,2023-10-17,completed
4253,570,2023-10-22,completed
4254,570,2023-11-20,completed
4255,570,2023-11-18,completed
4256,570,2023-12-26,completed
4257,570,2024-01-21,completed
4258,570,2024-02-03,completed
4259,570,2024-03-24,completed
4260,570,2024-03-05,completed
4261,570,2024-03-22,refunded
4262,570,2024-04-21,completed
4263,570,2024-06-12,completed
4264,570,2024-07-07,completed
4265,570,2024-07-28,completed
4266,570,2024-07-23,completed
4267,570,2024-09-13,completed
4268,570,2024-09-02,completed
4269,570,2024-09-01,completed
4270,570,2024-10-04,completed
4271,570,2024-10-13,completed
4272,570,2024-11-01,completed
4273,570,2024-11-23,completed
4274,570,2024-12-02,completed
4275,570,2024-12-12,completed
4276,571,2023-09-20,completed
4277,571,2023-09-23,completed
4278,571,2023-09-07,completed
4279,571,2023-09-15,completed
4280,571,2023-12-12,completed
4281,571,2023-12-22,completed
4282,571,2024-03-10,completed
4283,571,2024-03-07,completed
4284,571,2024-03-09,completed
4285,571,2024-05-16,refunded
4286,571,2024-05-21,completed
4287,571,2024-06-22,completed
4288,571,2024-06-15,completed
4289,571,2024-06-02,completed
4290,571,2024-06-22,completed
4291,571,2024-06-12,completed
4292,571,2024-07-06,completed
4293,571,2024-07-15,completed
4294,571,2024-07-19,completed
4295,571,2024-08-12,completed
4296,571,2024-08-26,completed
4297,571,2024-08-06,completed
4298,571,2024-10-09,cancelled
4299,571,2024-10-05,completed
4300,571,2024-10-27,completed
4301,571,2024-10-20,completed
4302,571,2024-11-19,completed
4303,571,2024-11-22,completed
4304,571,2024-12-22,completed
4305,572,2024-02-22,completed
4306,572,2024-02-16,completed
4307,572,2024-04-28,completed
4308,572,2024-04-25,completed
4309,572,2024-04-22,completed
4310,573,2024-05-09,completed
4311,573,2024-05-28,cancelled
4312,573,2024-06-16,completed
4313,573,2024-06-07,completed
4314,573,2024-06-09,completed
4315,573,2024-06-09,completed
4316,574,2023-05-02,completed
4317,574,2023-07-01,cancelled
4318,574,2023-07-20,completed
4319,574,2023-10-25,completed
4320,574,2023-10-21,completed
4321,574,2023-11-16,completed
4322,574,2023-11-07,completed
4323,574,2023-11-09,completed
4324,574,2023-11-24,completed
4325,574,2024-01-14,completed
4326,574,2024-01-23,completed
4327,574,2024-05-15,completed
4328,574,2024-07-28,completed
4329,574,2024-07-12,completed
4330,574,2024-07-04,completed
4331,574,2024-07-01,completed
4332,574,2024-09-04,completed
4333,574,2024-09-26,completed
4334,574,2024-10-23,completed
4335,574,2024-10-24,completed
4336,574,2024-11-21,completed
4337,574,2024-11-16,completed
4338,575,2023-10-12,completed
4339,575,2023-12-10,completed
4340,575,2023-12-03,completed
4341,575,2023-12-07,completed
4342,576,2023-05-11,completed
4343,576,2023-05-13,completed
4344,576,2023-08-05,completed
4345,576,2023-08-06,completed
4346,576,2023-08-24,completed
4347,576,2023-08-17,completed
4348,576,2023-10-25,completed
4349,576,2023-10-20,completed
4350,576,2023-11-08,completed
4351,576,2023-11-06,completed
4352,576,2023-11-07,completed
4353,576,2023-12-08,completed
4354,576,2023-12-04,completed
4355,576,2024-01-01,completed
4356,576,2024-01-11,completed
4357,576,2024-03-11,completed
4358,576,2024-04-28,completed
4359,576,2024-04-06,completed
4360,576,2024-09-13,completed
4361,576,2024-09-12,completed
4362,576,2024-11-26,completed
4363,576,2024-12-20,cancelled
4364,576,2024-12-24,cancelled
4365,576,2024-12-22,completed
4366,577,2024-06-13,completed
4367,577,2024-06-10,completed
4368,577,2024-08-26,completed
4369,577,2024-08-27,refunded
4370,577,2024-09-04,completed
4371,577,2024-11-10,refunded
4372,577,2024-11-01,completed
4373,578,2024-08-15,completed
4374,578,2024-08-15,completed
4375,578,2024-09-01,completed
4376,578,2024-09-17,completed
4377,579,2024-12-07,completed
4378,579,2024-12-19,completed
4379,579,2024-12-07,completed
4380,579,2024-12-27,completed
4381,581,2023-09-03,completed
4382,581,2023-09-28,completed
4383,581,2023-10-07,completed
4384,581,2023-10-14,completed
4385,581,2024-01-04,completed
4386,581,2024-02-21,cancelled
4387,581,2024-02-22,completed
4388,581,2024-03-19,completed
4389,581,2024-09-03,completed
4390,581,2024-10-21,completed
4391,581,2024-10-25,completed
4392,581,2024-10-24,completed
4393,581,2024-10-15,completed
4394,581,2024-11-24,completed
4395,581,2024-11-07,completed
4396,581,2024-11-20,completed
4397,581,2024-12-24,completed
4398,581,2024-12-23,completed
4399,581,2024-12-08,completed
4400,582,2023-10-23,completed
4401,582,2023-12-26,completed
4402,582,2023-12-12,completed
4403,582,2023-12-15,completed
4404,582,2024-04-04,completed
4405,583,2024-04-26,completed
4406,583,2024-04-27,completed
4407,583,2024-04-26,completed
4408,584,2024-04-09,completed
4409,584,2024-04-17,completed
4410,584,2024-12-24,completed
4411,584,2024-12-25,completed
4412,585,2024-09-19,completed
4413,585,2024-10-28,completed
4414,585,2024-11-19,completed
4415,585,2024-11-16,completed
4416,585,2024-11-28,completed
4417,585,2024-12-20,completed
4418,586,2023-12-18,completed
4419,586,2023-12-09,completed
4420,586,2023-12-27,completed
4421,586,2023-12-18,completed
4422,586,2024-01-06,completed
4423,586,2024-01-17,completed
4424,586,2024-03-27,completed
4425,586,2024-03-18,completed
4426,586,2024-09-23,completed
4427,586,2024-09-27,cancelled
4428,587,2023-08-24,completed
4429,587,2023-08-07,completed
4430,587,2023-08-02,completed
4431,587,2023-08-27,completed
4432,587,2023-09-21,completed
4433,587,2023-09-25,completed
4434,587,2023-09-25,completed
4435,587,2023-11-09,completed
4436,587,2024-06-12,completed
4437,587,2024-06-20,completed
4438,587,2024-07-16,completed
4439,587,2024-07-19,completed
4440,587,2024-08-15,completed
4441,587,2024-09-28,completed
4442,587,2024-11-21,completed
4443,587,2024-12-21,completed
4444,588,2024-03-22,completed
4445,588,2024-06-15,completed
4446,588,2024-06-02,completed
4447,588,2024-06-12,completed
4448,588,2024-12-08,completed
4449,588,2024-12-05,completed
4450,589,2024-11-10,completed
4451,589,2024-11-19,completed
4452,589,2024-11-13,completed
4453,590,2023-11-07,completed
4454,590,2024-11-08,completed
4455,590,2024-11-23,completed
4456,590,2024-12-09,completed
4457,590,2024-12-08,completed
4458,590,2024-12-03,completed
4459,591,2023-08-25,completed
4460,591,2023-11-17,completed
4461,591,2023-11-09,completed
4462,591,2024-02-27,completed
4463,591,2024-12-10,completed
4464,591,2024-12-04,completed
4465,592,2024-08-08,completed
4466,592,2024-11-06,completed
4467,592,2024-11-16,completed
4468,593,2023-08-15,completed
4469,593,2023-08-07,completed
4470,593,2023-08-07,completed
4471,593,2023-08-07,completed
4472,593,2023-09-05,completed
4473,593,2023-09-09,completed
4474,593,2023-09-13,completed
4475,593,2023-09-13,completed
4476,593,2023-10-02,completed
4477,593,2023-10-18,completed
4478,593,2023-11-17,completed
4479,593,2023-11-26,completed
4480,593,2023-12-24,completed
4481,593,2024-01-13,completed
4482,593,2024-01-08,completed
4483,593,2024-01-08,completed
4484,593,2024-02-27,completed
4485,593,2024-02-20,completed
4486,593,2024-02-08,completed
4487,593,2024-03-05,completed
4488,593,2024-03-16,completed
4489,593,2024-03-17,completed
4490,593,2024-04-10,completed
4491,593,2024-04-08,completed
4492,593,2024-05-08,completed
4493,593,2024-05-28,completed
4494,593,2024-06-25,completed
4495,593,2024-06-20,completed
4496,593,2024-06-23,completed
4497,593,2024-06-18,completed
4498,593,2024-06-19,completed
4499,593,2024-07-17,completed
4500,593,2024-07-15,completed
4501,593,2024-08-08,completed
4502,593,2024-11-13,completed
4503,593,2024-11-12,completed
4504,593,2024-12-10,completed
4505,593,2024-12-02,completed
4506,593,2024-12-13,refunded
4507,593,2024-12-15,completed
4508,594,2024-06-15,completed
4509,595,2024-09-13,completed
4510,595,2024-09-26,completed
4511,595,2024-12-10,completed
4512,597,2024-03-21,completed
4513,597,2024-03-12,completed
4514,597,2024-11-18,completed
4515,597,2024-11-15,completed
4516,598,2023-04-21,completed
4517,598,2023-11-12,completed
4518,598,2023-12-14,completed
4519,598,2023-12-28,completed
4520,600,2023-05-09,completed
4521,600,2023-05-03,completed
4522,600,2023-07-28,completed
4523,600,2023-07-28,completed
4524,600,2024-08-05,completed
4525,600,2024-08-13,completed
4526,601,2024-11-16,completed
4527,602,2024-11-11,completed
4528,602,2024-11-17,completed
4529,602,2024-11-20,completed
4530,603,2024-06-26,completed
4531,603,2024-06-26,completed
4532,603,2024-10-10,completed
4533,603,2024-10-08,refunded
4534,603,2024-10-17,completed
4535,603,2024-10-09,completed
4536,603,2024-11-16,completed
4537,603,2024-11-26,completed
4538,603,2024-12-15,completed
4539,604,2023-01-05,completed
4540,604,2023-01-17,completed
4541,604,2023-03-03,completed
4542,604,2023-05-13,completed
4543,604,2023-07-12,completed
4544,604,2023-08-24,cancelled
4545,604,2023-08-17,completed
4546,604,2023-08-10,completed
4547,604,2023-09-12,completed
4548,604,2023-09-27,completed
4549,604,2023-10-16,completed
4550,604,2023-10-23,completed
4551,604,2023-11-10,refunded
4552,604,2023-11-03,completed
4553,604,2023-11-09,completed
4554,604,2024-04-20,completed
4555,604,2024-05-01,completed
4556,604,2024-05-16,completed
4557,604,2024-05-08,completed
4558,604,2024-06-07,completed
4559,604,2024-06-23,completed
4560,604,2024-12-28,cancelled
4561,604,2024-12-14,completed
4562,604,2024-12-19,completed
4563,605,2023-01-01,completed
4564,605,2023-03-06,completed
4565,605,2023-04-28,completed
4566,605,2023-04-15,completed
4567,605,2023-04-20,completed
4568,605,2023-05-12,cancelled
4569,605,2023-07-24,completed
4570,605,2023-08-17,completed
4571,605,2023-08-02,completed
4572,605,2023-08-09,completed
4573,605,2023-08-26,completed
4574,605,2023-08-19,completed
4575,605,2023-09-09,completed
4576,605,2023-09-15,refunded
4577,605,2023-11-11,completed
4578,605,2023-11-16,completed
4579,605,2023-12-24,completed
4580,605,2024-02-18,completed
4581,605,2024-03-11,completed
4582,605,2024-03-18,completed
4583,605,2024-06-05,completed
4584,605,2024-06-18,completed
4585,605,2024-07-15,completed
4586,605,2024-07-17,completed
4587,605,2024-07-16,completed
4588,605,2024-08-26,completed
4589,605,2024-08-03,completed
4590,605,2024-11-28,completed
4591,605,2024-11-28,completed
4592,605,2024-12-04,completed
4593,606,2024-11-13,refunded
4594,607,2023-04-18,completed
4595,607,2023-04-01,completed
4596,607,2023-07-18,completed
4597,607,2023-07-05,completed
4598,607,2023-07-26,completed
4599,607,2024-06-20,completed
4600,607,2024-06-07,completed
4601,608,2023-05-26,completed
4602,608,2023-07-13,completed
4603,608,2023-07-17,completed
4604,608,2023-08-26,completed
4605,608,2023-11-17,completed
4606,608,2023-11-10,completed
4607,608,2023-12-21,refunded
4608,608,2024-03-27,completed
4609,608,2024-05-06,completed
4610,608,2024-05-16,completed
4611,608,2024-08-03,completed
4612,608,2024-08-07,completed
4613,608,2024-09-26,completed
4614,608,2024-09-18,completed
4615,608,2024-09-03,completed
4616,609,2023-11-10,completed
4617,609,2023-11-13,completed
4618,609,2023-12-06,completed
4619,609,2023-12-07,completed
4620,609,2023-12-07,completed
4621,609,2024-01-13,completed
4622,609,2024-01-20,completed
4623,609,2024-01-17,completed
4624,609,2024-02-03,completed
4625,609,2024-02-10,completed
4626,609,2024-02-21,cancelled
4627,609,2024-04-06,completed
4628,609,2024-05-07,completed
4629,609,2024-05-13,completed
4630,609,2024-07-01,completed
4631,609,2024-09-07,completed
4632,609,2024-09-14,completed
4633,609,2024-09-18,cancelled
4634,609,2024-09-01,refunded
4635,609,2024-09-27,completed
4636,609,2024-11-23,cancelled
4637,610,2024-02-22,cancelled
4638,610,2024-02-18,completed
4639,610,2024-02-09,completed
4640,610,2024-05-18,refunded
4641,610,2024-05-12,completed
4642,610,2024-07-18,completed
4643,610,2024-07-26,completed
4644,610,2024-08-04,completed
4645,610,2024-08-27,completed
4646,610,2024-09-16,completed
4647,610,2024-09-09,completed
4648,610,2024-11-22,completed
4649,610,2024-11-07,completed
4650,610,2024-11-18,completed
4651,610,2024-12-22,completed
4652,612,2024-01-08,completed
4653,612,2024-01-22,completed
4654,612,2024-09-12,completed
4655,612,2024-09-07,completed
4656,612,2024-10-27,completed
4657,612,2024-10-10,completed
4658,613,2024-03-25,completed
4659,613,2024-03-03,completed
4660,613,2024-03-08,completed
4661,613,2024-03-21,completed
4662,613,2024-03-27,completed
4663,613,2024-10-12,completed
4664,613,2024-10-19,completed
4665,615,2023-09-12,completed
4666,615,2023-09-21,completed
4667,615,2023-10-12,completed
4668,615,2023-11-05,completed
4669,615,2024-01-05,completed
4670,615,2024-01-11,completed
4671,615,2024-03-13,completed
4672,615,2024-05-28,completed
4673,615,2024-11-20,completed
4674,615,2024-11-17,completed
4675,615,2024-12-02,completed
4676,616,2023-02-22,completed
4677,616,2023-02-07,completed
4678,616,2023-02-27,completed
4679,616,2023-03-13,completed
4680,616,2023-03-15,completed
4681,616,2023-04-11,completed
4682,616,2023-05-19,completed
4683,616,2023-05-17,completed
4684,616,2023-07-18,completed
4685,616,2023-07-04,completed
4686,616,2023-08-21,completed
4687,616,2023-08-24,completed
4688,616,2023-08-22,completed
4689,616,2023-09-18,completed
4690,616,2023-10-14,completed
4691,616,2023-11-01,completed
4692,616,2023-12-19,refunded
4693,616,2023-12-17,completed
4694,616,2023-12-13,completed
4695,616,2024-01-13,completed
4696,616,2024-01-20,completed
4697,616,2024-02-02,completed
4698,616,2024-03-28,completed
4699,616,2024-03-15,refunded
4700,616,2024-04-19,completed
4701,616,2024-05-12,completed
4702,616,2024-05-11,completed
4703,616,2024-06-06,completed
4704,616,2024-06-13,completed
4705,616,2024-06-15,completed
4706,616,2024-07-15,completed
4707,616,2024-09-08,completed
4708,616,2024-09-25,completed
4709,616,2024-09-12,completed
4710,616,2024-09-15,completed
4711,616,2024-09-02,completed
4712,616,2024-10-14,completed
4713,616,2024-10-08,completed
4714,616,2024-11-15,completed
4715,616,2024-11-16,completed
4716,616,2024-11-21,completed
4717,616,2024-11-16,completed
4718,616,2024-12-11,completed
4719,617,2024-01-17,completed
4720,617,2024-01-21,completed
4721,617,2024-02-23,completed
4722,617,2024-04-21,completed
4723,617,2024-04-05,completed
4724,617,2024-04-10,completed
4725,617,2024-05-26,completed
4726,617,2024-05-06,completed
4727,617,2024-05-09,completed
4728,617,2024-05-14,completed
4729,617,2024-05-22,completed
4730,617,2024-06-10,completed
4731,617,2024-06-20,completed
4732,617,2024-11-13,completed
4733,617,2024-11-10,completed
4734,618,2024-10-27,completed
4735,618,2024-10-19,completed
4736,618,2024-10-23,completed
4737,618,2024-10-05,completed
4738,618,2024-12-22,completed
4739,618,2024-12-02,completed
4740,618,2024-12-04,completed
4741,619,2024-02-20,completed
4742,619,2024-02-15,completed
4743,619,2024-09-15,completed
4744,619,2024-12-05,completed
4745,621,2023-05-11,completed
4746,621,2023-05-11,refunded
4747,621,2023-12-20,completed
4748,621,2023-12-17,completed
4749,621,2024-03-07,completed
4750,621,2024-08-13,completed
4751,621,2024-08-24,completed
4752,623,2024-05-18,completed
4753,623,2024-05-13,completed
4754,623,2024-05-11,completed
4755,624,2023-04-03,completed
4756,624,2023-07-27,completed
4757,624,2023-07-25,cancelled
4758,624,2023-08-11,refunded
4759,624,2023-08-25,completed
4760,624,2023-09-06,completed
4761,624,2023-09-05,completed
4762,624,2023-09-23,completed
4763,624,2023-11-17,completed
4764,624,2024-01-17,completed
4765,624,2024-01-22,completed
4766,624,2024-01-08,completed
4767,624,2024-04-06,completed
4768,624,2024-10-26,completed
4769,624,2024-11-18,completed
4770,624,2024-11-12,completed
4771,624,2024-11-05,completed
4772,625,2024-01-22,completed
4773,625,2024-01-13,completed
4774,625,2024-05-23,completed
4775,625,2024-05-10,completed
4776,625,2024-05-26,completed
4777,625,2024-05-21,completed
4778,625,2024-10-21,completed
4779,625,2024-10-18,completed
4780,625,2024-10-11,completed
4781,625,2024-10-26,completed
4782,625,2024-10-25,completed
4783,625,2024-10-17,completed
4784,625,2024-11-21,completed
4785,625,2024-11-06,completed
4786,625,2024-12-23,completed
4787,625,2024-12-23,completed
4788,627,2023-09-17,completed
4789,627,2024-12-12,completed
4790,627,2024-12-06,completed
4791,627,2024-12-05,completed
4792,628,2024-07-27,completed
4793,628,2024-07-20,completed
4794,628,2024-08-04,completed
4795,628,2024-08-21,completed
4796,628,2024-08-19,completed
4797,629,2024-08-12,completed
4798,630,2023-04-26,completed
4799,630,2023-04-08,completed
4800,630,2023-11-24,completed
4801,630,2024-03-06,completed
4802,630,2024-03-03,completed
4803,630,2024-03-14,completed
4804,630,2024-06-15,completed
4805,630,2024-07-21,completed
4806,630,2024-08-10,completed
4807,630,2024-08-08,refunded
4808,630,2024-08-24,completed
4809,630,2024-10-13,completed
4810,630,2024-11-04,completed
4811,630,2024-11-27,cancelled
4812,631,2024-09-26,completed
4813,631,2024-11-22,cancelled
4814,631,2024-11-25,completed
4815,631,2024-11-22,completed
4816,631,2024-11-16,completed
4817,631,2024-11-01,completed
4818,631,2024-11-12,completed
4819,631,2024-12-22,completed
4820,631,2024-12-08,completed
4821,632,2023-07-04,completed
4822,632,2023-07-22,completed
4823,632,2023-12-22,completed
4824,632,2024-01-06,completed
4825,632,2024-01-25,completed
4826,632,2024-01-19,completed
4827,632,2024-05-17,completed
4828,632,2024-06-12,completed
4829,632,2024-08-24,completed
4830,633,2024-08-12,completed
4831,633,2024-08-01,completed
4832,633,2024-08-03,completed
4833,633,2024-10-22,completed
4834,633,2024-10-25,completed
4835,633,2024-11-06,completed
4836,633,2024-12-26,completed
4837,633,2024-12-02,completed
4838,633,2024-12-22,completed
4839,634,2024-03-10,completed
4840,634,2024-07-05,completed
4841,634,2024-07-22,completed
4842,634,2024-07-26,completed
4843,635,2023-04-22,completed
4844,635,2023-05-02,completed
4845,635,2023-05-19,completed
4846,635,2023-05-16,completed
4847,635,2023-06-21,completed
4848,635,2023-06-10,completed
4849,635,2024-11-28,completed
4850,635,2024-12-19,completed
4851,637,2023-06-12,completed
4852,637,2023-07-28,completed
4853,637,2023-07-09,completed
4854,637,2023-07-26,completed
4855,637,2023-08-01,completed
4856,637,2023-08-19,completed
4857,637,2023-08-20,completed
4858,637,2023-10-04,completed
4859,637,2023-10-25,completed
4860,637,2023-11-09,completed
4861,637,2023-11-22,completed
4862,637,2023-11-11,completed
4863,637,2023-11-02,completed
4864,637,2023-11-22,completed
4865,637,2023-12-05,completed
4866,637,2023-12-06,completed
4867,637,2023-12-12,completed
4868,637,2024-01-09,completed
4869,637,2024-01-10,completed
4870,637,2024-02-23,completed
4871,637,2024-03-01,completed
4872,637,2024-04-11,completed
4873,637,2024-04-19,completed
4874,637,2024-04-14,completed
4875,637,2024-04-14,completed
4876,637,2024-04-19,completed
4877,637,2024-04-16,completed
4878,637,2024-06-07,completed
4879,637,2024-07-21,completed
4880,637,2024-07-14,completed
4881,637,2024-08-04,completed
4882,637,2024-09-12,completed
4883,637,2024-09-16,completed
4884,637,2024-09-15,completed
4885,637,2024-09-20,completed
4886,637,2024-09-08,completed
4887,637,2024-10-05,completed
4888,637,2024-10-21,completed
4889,637,2024-11-21,completed
4890,637,2024-11-24,completed
4891,637,2024-11-18,completed
4892,637,2024-12-14,completed
4893,638,2024-01-06,completed
4894,638,2024-01-16,completed
4895,638,2024-01-23,completed
4896,638,2024-07-27,completed
4897,638,2024-08-26,completed
4898,638,2024-08-21,completed
4899,638,2024-12-21,completed
4900,638,2024-12-19,completed
4901,638,2024-12-20,completed
4902,639,2024-10-10,completed
4903,639,2024-10-23,completed
4904,640,2024-12-11,cancelled
4905,640,2024-12-10,completed
4906,641,2024-09-24,completed
4907,642,2023-11-21,completed
4908,642,2023-11-21,completed
4909,642,2023-11-23,completed
4910,642,2023-12-25,completed
4911,642,2023-12-18,completed
4912,642,2024-02-03,cancelled
4913,642,2024-02-11,completed
4914,642,2024-04-28,completed
4915,642,2024-04-11,completed
4916,642,2024-04-11,completed
4917,642,2024-07-11,completed
4918,642,2024-07-05,completed
4919,642,2024-07-15,completed
4920,642,2024-08-08,completed
4921,642,2024-08-01,completed
4922,642,2024-12-10,completed
4923,642,2024-12-17,completed
4924,642,2024-12-10,completed
4925,643,2023-12-15,completed
4926,643,2023-12-17,completed
4927,643,2024-02-13,completed
4928,643,2024-02-25,completed
4929,643,2024-08-04,completed
4930,643,2024-11-28,completed
4931,643,2024-12-26,completed
4932,643,2024-12-08,completed
4933,643,2024-12-11,completed
4934,643,2024-12-14,completed
4935,644,2023-07-18,refunded
4936,644,2023-07-03,completed
4937,644,2024-01-22,completed
4938,644,2024-01-28,completed
4939,645,2024-08-10,completed
4940,645,2024-08-19,completed
4941,645,2024-09-22,completed
4942,645,2024-09-27,completed
4943,645,2024-09-28,completed
4944,645,2024-10-15,completed
4945,645,2024-11-19,completed
4946,645,2024-12-26,completed
4947,645,2024-12-01,completed
4948,645,2024-12-03,completed
4949,646,2024-03-17,completed
4950,646,2024-03-20,completed
4951,646,2024-03-15,completed
4952,647,2024-05-13,completed
4953,647,2024-06-14,completed
4954,647,2024-06-20,completed
4955,647,2024-06-15,cancelled
4956,647,2024-07-24,cancelled
4957,647,2024-08-05,completed
4958,647,2024-08-19,completed
4959,647,2024-08-23,completed
4960,647,2024-10-02,completed
4961,647,2024-11-17,completed
4962,647,2024-11-16,completed
4963,647,2024-12-22,completed
4964,648,2023-11-18,completed
4965,648,2023-11-06,refunded
4966,648,2024-02-19,completed
4967,648,2024-03-06,completed
4968,648,2024-03-16,completed
4969,648,2024-05-02,completed
4970,648,2024-05-07,refunded
4971,648,2024-05-01,completed
4972,648,2024-06-02,completed
4973,648,2024-06-11,refunded
4974,648,2024-10-25,completed
4975,648,2024-10-04,completed
4976,649,2024-04-12,completed
4977,649,2024-04-11,completed
4978,649,2024-06-18,completed
4979,649,2024-06-06,completed
4980,649,2024-12-01,completed
4981,650,2023-05-06,completed
4982,650,2023-05-12,completed
4983,650,2023-07-17,completed
4984,650,2023-07-10,completed
4985,650,2023-08-10,completed
4986,650,2023-08-01,completed
4987,650,2023-08-22,completed
4988,650,2023-10-02,completed
4989,650,2023-11-26,completed
4990,650,2023-11-26,refunded
4991,650,2024-01-16,cancelled
4992,650,2024-01-21,completed
4993,650,2024-03-24,completed
4994,650,2024-03-28,completed
4995,650,2024-03-09,completed
4996,650,2024-03-05,completed
4997,650,2024-04-27,completed
4998,650,2024-04-01,completed
4999,650,2024-05-26,completed
5000,650,2024-05-07,completed
5001,650,2024-07-20,completed
5002,650,2024-07-01,completed
5003,650,2024-08-17,completed
5004,650,2024-08-22,completed
5005,650,2024-12-01,cancelled
5006,650,2024-12-28,completed
5007,651,2024-09-06,completed
5008,653,2023-10-18,completed
5009,653,2023-10-08,completed
5010,653,2023-12-23,completed
5011,653,2024-02-02,completed
5012,653,2024-11-23,completed
5013,654,2023-08-15,completed
5014,654,2023-08-14,cancelled
5015,654,2023-09-27,completed
5016,654,2023-09-21,completed
5017,654,2023-09-02,completed
5018,654,2023-10-11,completed
5019,654,2024-08-09,completed
5020,654,2024-12-18,completed
5021,654,2024-12-24,completed
5022,655,2024-04-06,completed
5023,655,2024-04-03,completed
5024,655,2024-09-23,completed
5025,655,2024-09-05,completed
5026,655,2024-09-23,completed
5027,655,2024-09-06,completed
5028,656,2024-03-18,completed
5029,656,2024-03-07,completed
5030,657,2023-08-08,cancelled
5031,657,2023-08-14,completed
5032,657,2023-08-06,completed
5033,657,2023-10-06,completed
5034,657,2024-01-05,completed
5035,657,2024-01-19,completed
5036,657,2024-01-02,completed
5037,657,2024-02-07,completed
5038,657,2024-02-11,completed
5039,657,2024-02-09,completed
5040,657,2024-05-25,completed
5041,657,2024-05-14,cancelled
5042,657,2024-05-24,completed
5043,657,2024-11-24,completed
5044,657,2024-12-21,completed
5045,658,2023-03-14,completed
5046,658,2023-03-26,completed
5047,658,2024-08-12,completed
5048,658,2024-12-18,completed
5049,659,2024-02-03,completed
5050,659,2024-02-14,completed
5051,659,2024-02-16,cancelled
5052,659,2024-08-26,completed
5053,659,2024-09-17,completed
5054,660,2023-11-16,completed
5055,660,2023-11-15,completed
5056,660,2023-11-12,completed
5057,660,2023-11-14,completed
5058,660,2023-11-24,completed
5059,660,2024-01-17,completed
5060,660,2024-01-05,completed
5061,660,2024-01-26,completed
5062,660,2024-02-16,completed
5063,661,2023-12-26,completed
5064,661,2023-12-10,completed
5065,662,2024-06-10,completed
5066,662,2024-06-27,completed
5067,662,2024-06-08,completed
5068,662,2024-10-25,completed
5069,662,2024-10-16,completed
5070,662,2024-10-13,cancelled
5071,662,2024-11-09,completed
5072,662,2024-11-18,completed
5073,663,2023-11-01,completed
5074,663,2023-11-07,completed
5075,663,2023-11-22,completed
5076,663,2023-12-11,completed
5077,663,2024-03-28,completed
5078,663,2024-03-18,completed
5079,663,2024-05-08,completed
5080,663,2024-05-11,completed
5081,663,2024-05-04,completed
5082,663,2024-06-19,completed
5083,663,2024-06-13,completed
5084,663,2024-07-25,completed
5085,663,2024-10-10,completed
5086,663,2024-11-23,completed
5087,663,2024-11-12,refunded
5088,663,2024-11-15,completed
5089,663,2024-11-15,completed
5090,663,2024-12-05,completed
5091,665,2024-02-28,completed
5092,665,2024-05-17,refunded
5093,665,2024-05-10,completed
5094,665,2024-05-14,refunded
5095,665,2024-09-11,completed
5096,665,2024-10-20,completed
5097,665,2024-10-05,completed
5098,665,2024-10-17,completed
5099,665,2024-11-17,completed
5100,665,2024-12-18,completed
5101,666,2024-06-28,completed
5102,666,2024-07-25,completed
5103,666,2024-07-06,completed
5104,666,2024-08-19,completed
5105,666,2024-11-11,completed
5106,666,2024-11-14,completed
5107,666,2024-11-24,completed
5108,666,2024-12-23,completed
5109,667,2023-11-26,completed
5110,667,2023-11-19,completed
5111,668,2024-06-26,completed
5112,668,2024-06-27,completed
5113,668,2024-07-05,completed
5114,668,2024-08-26,cancelled
5115,668,2024-08-27,completed
5116,668,2024-08-18,completed
5117,668,2024-08-11,completed
5118,668,2024-09-22,completed
5119,668,2024-09-01,completed
5120,668,2024-11-02,completed
5121,668,2024-11-02,completed
5122,668,2024-12-14,completed
5123,669,2023-11-25,completed
5124,669,2023-12-01,completed
5125,669,2024-02-14,completed
5126,669,2024-07-05,completed
5127,669,2024-08-07,cancelled
5128,669,2024-09-06,completed
5129,669,2024-09-14,completed
5130,670,2024-12-26,completed
5131,670,2024-12-18,completed
5132,671,2023-02-04,completed
5133,671,2023-03-14,completed
5134,671,2023-03-14,completed
5135,671,2023-08-09,completed
5136,672,2023-06-05,completed
5137,672,2023-06-27,completed
5138,672,2023-06-20,completed
5139,672,2023-08-10,completed
5140,672,2023-08-02,completed
5141,672,2023-09-06,completed
5142,672,2023-10-10,completed
5143,672,2023-11-01,completed
5144,672,2023-11-19,refunded
5145,672,2023-11-07,completed
5146,672,2023-11-26,completed
5147,672,2023-12-20,completed
5148,672,2023-12-16,completed
5149,672,2023-12-08,completed
5150,672,2023-12-11,completed
5151,672,2024-02-15,completed
5152,672,2024-02-17,completed
5153,672,2024-02-13,completed
5154,672,2024-04-26,completed
5155,672,2024-06-28,completed
5156,672,2024-06-27,completed
5157,672,2024-07-02,completed
5158,672,2024-09-04,completed
5159,672,2024-09-26,completed
5160,672,2024-09-07,completed
5161,672,2024-09-10,completed
5162,672,2024-09-10,completed
5163,673,2024-08-09,completed
5164,673,2024-08-08,completed
5165,673,2024-11-11,completed
5166,673,2024-11-28,completed
5167,673,2024-12-22,completed
5168,673,2024-12-09,completed
5169,673,2024-12-21,completed
5170,674,2024-04-22,completed
5171,674,2024-04-16,completed
5172,674,2024-04-14,completed
5173,674,2024-09-28,completed
5174,675,2024-03-22,cancelled
5175,675,2024-03-03,completed
5176,676,2024-05-16,completed
5177,676,2024-05-23,completed
5178,677,2024-07-16,completed
5179,677,2024-10-05,completed
5180,677,2024-10-14,completed
5181,677,2024-11-04,completed
5182,678,2023-11-11,completed
5183,678,2023-11-03,completed
5184,678,2023-11-02,completed
5185,678,2023-11-11,completed
5186,678,2024-01-24,completed
5187,678,2024-01-18,completed
5188,678,2024-01-25,completed
5189,678,2024-02-15,completed
5190,678,2024-02-21,completed
5191,678,2024-02-16,completed
5192,678,2024-03-14,completed
5193,679,2023-06-06,completed
5194,679,2024-01-14,completed
5195,679,2024-01-07,completed
5196,679,2024-06-11,completed
5197,679,2024-06-04,completed
5198,679,2024-11-28,completed
5199,679,2024-11-17,completed
5200,679,2024-12-21,completed
5201,679,2024-12-15,completed
5202,680,2023-02-18,refunded
5203,680,2023-02-25,completed
5204,680,2023-05-07,completed
5205,680,2023-05-22,completed
5206,680,2023-06-03,completed
5207,680,2023-06-12,completed
5208,680,2023-06-15,completed
5209,680,2023-08-10,completed
5210,680,2023-08-06,completed
5211,680,2023-09-17,completed
5212,680,2023-09-02,completed
5213,680,2023-09-16,completed
5214,680,2023-11-17,completed
5215,680,2023-11-04,completed
5216,680,2024-01-05,completed
5217,680,2024-01-27,completed
5218,680,2024-03-22,completed
5219,680,2024-03-19,completed
5220,680,2024-07-01,completed
5221,680,2024-07-20,completed
5222,680,2024-11-05,completed
5223,681,2024-07-13,completed
5224,681,2024-07-04,completed
5225,681,2024-08-05,completed
5226,681,2024-09-12,completed
5227,681,2024-11-25,completed
5228,681,2024-12-09,completed
5229,681,2024-12-18,completed
5230,682,2023-06-20,completed
5231,683,2024-11-27,cancelled
5232,683,2024-11-25,completed
5233,684,2023-10-18,cancelled
5234,684,2023-11-01,completed
5235,684,2023-12-05,completed
5236,684,2024-07-05,completed
5237,684,2024-07-27,completed
5238,684,2024-07-28,completed
5239,684,2024-07-21,completed
5240,684,2024-09-26,completed
5241,684,2024-09-13,completed
5242,684,2024-09-20,completed
5243,684,2024-11-13,completed
5244,684,2024-12-01,completed
5245,686,2023-11-09,completed
5246,686,2023-11-28,completed
5247,686,2023-11-26,completed
5248,686,2023-11-20,completed
5249,686,2024-06-24,completed
5250,686,2024-06-20,completed
5251,686,2024-11-10,completed
5252,686,2024-11-08,completed
5253,686,2024-11-18,completed
5254,687,2023-07-04,completed
5255,687,2023-08-09,completed
5256,687,2023-08-07,completed
5257,687,2023-08-07,completed
5258,687,2023-08-05,completed
5259,687,2023-08-12,completed
5260,687,2024-10-26,completed
5261,687,2024-12-19,completed
5262,687,2024-12-15,completed
5263,688,2024-04-03,completed
5264,688,2024-04-17,completed
5265,688,2024-04-16,completed
5266,688,2024-08-19,completed
5267,688,2024-12-19,completed
5268,688,2024-12-04,completed
5269,689,2023-06-25,completed
5270,689,2023-11-23,completed
5271,689,2023-11-28,refunded
5272,690,2024-06-05,completed
5273,690,2024-06-13,completed
5274,690,2024-06-08,completed
5275,690,2024-06-27,completed
5276,690,2024-09-24,completed
5277,690,2024-09-16,completed
5278,690,2024-09-11,completed
5279,690,2024-10-18,completed
5280,690,2024-11-27,completed
5281,690,2024-11-09,completed
5282,690,2024-12-04,completed
5283,690,2024-12-06,completed
5284,691,2024-06-18,completed
5285,692,2024-08-11,completed
5286,692,2024-08-10,completed
5287,692,2024-08-24,completed
5288,692,2024-11-28,completed
5289,692,2024-11-11,completed
5290,692,2024-12-12,completed
5291,693,2023-11-12,completed
5292,693,2023-11-13,completed
5293,693,2023-12-28,completed
5294,693,2023-12-23,completed
5295,694,2023-05-02,completed
5296,694,2023-06-20,completed
5297,694,2023-06-05,completed
5298,694,2023-07-02,cancelled
5299,694,2023-07-19,completed
5300,694,2023-09-14,completed
5301,694,2023-09-03,completed
5302,694,2023-12-14,completed
5303,694,2024-06-11,completed
5304,694,2024-06-07,completed
5305,694,2024-06-28,refunded
5306,694,2024-11-26,completed
5307,694,2024-12-12,completed
5308,694,2024-12-13,completed
5309,694,2024-12-23,refunded
5310,695,2024-01-24,completed
5311,695,2024-01-06,completed
5312,695,2024-02-13,refunded
5313,695,2024-03-21,completed
5314,695,2024-03-03,completed
5315,695,2024-04-15,refunded
5316,695,2024-05-21,completed
5317,695,2024-06-03,completed
5318,695,2024-06-13,completed
5319,695,2024-07-14,completed
5320,695,2024-07-18,completed
5321,695,2024-07-11,completed
5322,695,2024-08-12,completed
5323,695,2024-08-11,cancelled
5324,695,2024-09-21,completed
5325,695,2024-10-28,completed
5326,695,2024-10-26,completed
5327,695,2024-10-06,completed
5328,695,2024-11-16,completed
5329,695,2024-11-05,completed
5330,695,2024-11-04,completed
5331,695,2024-12-23,completed
5332,695,2024-12-05,completed
5333,695,2024-12-03,completed
5334,695,2024-12-26,completed
5335,697,2024-06-05,completed
5336,697,2024-06-15,completed
5337,697,2024-06-17,completed
5338,698,2023-04-24,completed
5339,698,2023-04-14,completed
5340,698,2023-04-07,completed
5341,698,2023-07-26,completed
5342,698,2023-07-03,completed
5343,698,2023-07-11,completed
5344,698,2023-08-28,completed
5345,698,2023-08-02,refunded
5346,698,2023-08-07,refunded
5347,698,2023-08-08,completed
5348,698,2023-10-19,completed
5349,698,2023-12-18,completed
5350,698,2024-01-26,completed
5351,698,2024-01-15,completed
5352,698,2024-01-23,completed
5353,698,2024-01-27,completed
5354,698,2024-02-14,completed
5355,698,2024-02-13,completed
5356,698,2024-04-08,completed
5357,698,2024-04-27,completed
5358,698,2024-04-23,completed
5359,698,2024-05-12,completed
5360,698,2024-05-26,cancelled
5361,698,2024-11-20,cancelled
5362,699,2023-12-20,completed
5363,699,2024-01-09,completed
5364,700,2024-10-20,completed
5365,700,2024-10-27,completed
5366,700,2024-12-13,completed
5367,700,2024-12-25,completed
5368,702,2024-08-05,completed
5369,702,2024-10-26,refunded
5370,702,2024-10-20,completed
5371,702,2024-10-02,completed
5372,702,2024-11-13,completed
5373,702,2024-11-18,completed
5374,703,2023-12-25,completed
5375,703,2023-12-15,completed
5376,703,2024-03-24,completed
5377,703,2024-11-05,completed
5378,704,2023-03-15,completed
5379,704,2023-10-01,completed
5380,704,2023-10-01,completed
5381,704,2023-10-28,completed
5382,704,2024-04-09,completed
5383,704,2024-04-15,completed
5384,704,2024-06-05,completed
5385,704,2024-07-24,completed
5386,704,2024-10-14,completed
5387,704,2024-12-07,completed
5388,705,2024-07-18,completed
5389,705,2024-11-11,completed
5390,705,2024-11-06,completed
5391,705,2024-12-14,completed
5392,705,2024-12-17,completed
5393,705,2024-12-10,completed
5394,706,2024-06-25,completed
5395,706,2024-06-02,completed
5396,710,2024-11-17,completed
5397,710,2024-11-25,completed
5398,710,2024-11-10,completed
5399,710,2024-11-24,completed
5400,710,2024-11-15,completed
5401,710,2024-12-25,completed
5402,710,2024-12-03,completed
5403,711,2024-08-27,completed
5404,711,2024-08-08,completed
5405,711,2024-11-02,completed
5406,711,2024-11-01,completed
5407,713,2023-07-28,completed
5408,713,2023-07-08,completed
5409,713,2023-07-22,completed
5410,713,2023-07-15,completed
5411,713,2023-07-03,completed
5412,713,2023-07-22,completed
5413,716,2023-02-04,completed
5414,716,2023-02-02,completed
5415,716,2023-12-08,completed
5416,716,2023-12-03,completed
5417,716,2023-12-12,completed
5418,716,2024-01-09,completed
5419,716,2024-01-07,completed
5420,716,2024-01-25,completed
5421,716,2024-01-21,completed
5422,716,2024-05-26,completed
5423,716,2024-05-07,completed
5424,716,2024-06-20,completed
5425,716,2024-06-05,completed
5426,716,2024-07-16,completed
5427,716,2024-07-16,completed
5428,716,2024-10-26,completed
5429,716,2024-11-01,completed
5430,716,2024-11-27,completed
5431,717,2023-02-03,cancelled
5432,717,2023-02-02,completed
5433,717,2023-05-04,completed
5434,717,2023-05-24,completed
5435,717,2023-07-10,completed
5436,717,2023-08-19,completed
5437,717,2023-08-18,completed
5438,717,2023-08-25,completed
5439,717,2023-10-11,completed
5440,717,2023-10-02,completed
5441,717,2023-11-13,completed
5442,717,2024-03-19,completed
5443,717,2024-04-22,completed
5444,717,2024-04-18,completed
5445,717,2024-04-25,completed
5446,717,2024-05-02,completed
5447,717,2024-05-04,completed
5448,717,2024-06-24,completed
5449,717,2024-07-19,completed
5450,717,2024-07-05,completed
5451,717,2024-07-19,completed
5452,717,2024-09-14,completed
5453,717,2024-10-19,completed
5454,717,2024-10-27,completed
5455,717,2024-11-28,cancelled
5456,717,2024-11-17,completed
5457,717,2024-12-03,completed
5458,717,2024-12-06,completed
5459,718,2024-09-16,completed
5460,718,2024-09-09,completed
5461,718,2024-12-08,completed
5462,718,2024-12-23,completed
5463,718,2024-12-12,completed
5464,718,2024-12-18,completed
5465,719,2023-05-06,completed
5466,719,2023-05-09,completed
5467,719,2024-02-17,completed
5468,719,2024-02-17,completed
5469,719,2024-04-02,completed
5470,719,2024-04-20,completed
5471,719,2024-06-15,completed
5472,719,2024-10-09,completed
5473,719,2024-10-12,completed
5474,719,2024-10-14,completed
5475,719,2024-12-02,completed
5476,719,2024-12-03,completed
5477,719,2024-12-20,completed
5478,721,2024-10-26,completed
5479,721,2024-10-03,completed
5480,721,2024-11-15,completed
5481,721,2024-11-25,completed
5482,721,2024-11-27,completed
5483,722,2024-01-27,completed
5484,722,2024-01-06,completed
5485,722,2024-02-26,completed
5486,722,2024-02-21,completed
5487,722,2024-03-06,completed
5488,722,2024-03-23,completed
5489,722,2024-04-21,completed
5490,722,2024-04-07,completed
5491,722,2024-05-13,completed
5492,722,2024-05-08,completed
5493,722,2024-06-25,completed
5494,722,2024-06-27,completed
5495,722,2024-10-08,completed
5496,722,2024-10-15,completed
5497,722,2024-10-18,completed
5498,722,2024-11-16,completed
5499,722,2024-11-12,completed
5500,722,2024-12-25,completed
5501,722,2024-12-21,completed
5502,723,2024-01-14,completed
5503,723,2024-01-28,completed
5504,723,2024-05-21,completed
5505,723,2024-05-21,completed
5506,723,2024-06-27,completed
5507,723,2024-06-08,completed
5508,723,2024-06-18,completed
5509,723,2024-09-10,completed
5510,723,2024-11-15,completed
5511,723,2024-11-14,completed
5512,723,2024-11-05,completed
5513,723,2024-11-01,completed
5514,724,2023-10-18,completed
5515,724,2023-10-10,completed
5516,724,2024-02-01,completed
5517,725,2024-02-20,completed
5518,725,2024-02-01,completed
5519,725,2024-04-21,completed
5520,725,2024-10-26,completed
5521,725,2024-10-13,completed
5522,725,2024-10-10,completed
5523,725,2024-10-22,completed
5524,725,2024-10-24,completed
5525,725,2024-10-10,completed
5526,725,2024-11-08,completed
5527,725,2024-11-26,completed
5528,725,2024-11-18,completed
5529,725,2024-12-07,completed
5530,725,2024-12-11,completed
5531,726,2024-04-20,completed
5532,726,2024-05-28,refunded
5533,726,2024-05-22,completed
5534,726,2024-05-14,completed
5535,726,2024-06-01,completed
5536,726,2024-07-03,completed
5537,726,2024-07-13,refunded
5538,726,2024-07-26,completed
5539,726,2024-07-05,completed
5540,726,2024-08-10,completed
5541,726,2024-10-02,completed
5542,726,2024-11-28,completed
5543,726,2024-11-23,completed
5544,726,2024-11-13,completed
5545,726,2024-12-23,refunded
5546,726,2024-12-20,completed
5547,726,2024-12-12,completed
5548,727,2023-12-14,completed
5549,727,2023-12-14,completed
5550,727,2024-01-28,completed
5551,727,2024-01-24,completed
5552,727,2024-08-14,completed
5553,727,2024-09-02,refunded
5554,728,2023-06-13,completed
5555,728,2023-06-20,completed
5556,728,2023-06-27,refunded
5557,728,2023-09-11,completed
5558,728,2023-09-21,completed
5559,728,2023-09-28,completed
5560,728,2023-10-27,completed
5561,728,2023-11-28,completed
5562,728,2023-12-26,completed
5563,728,2024-01-16,completed
5564,728,2024-01-14,completed
5565,728,2024-02-17,completed
5566,728,2024-02-21,completed
5567,728,2024-02-21,completed
5568,728,2024-02-03,completed
5569,728,2024-05-28,completed
5570,728,2024-05-04,completed
5571,728,2024-06-22,completed
5572,728,2024-06-15,completed
5573,728,2024-07-10,completed
5574,728,2024-09-07,completed
5575,728,2024-09-20,completed
5576,728,2024-09-01,completed
5577,728,2024-11-01,completed
5578,728,2024-11-03,completed
5579,728,2024-11-06,completed
5580,730,2024-09-02,completed
5581,731,2024-03-10,completed
5582,731,2024-03-24,completed
5583,731,2024-07-06,completed
5584,731,2024-07-03,completed
5585,731,2024-07-03,completed
5586,731,2024-09-07,refunded
5587,731,2024-09-26,completed
5588,731,2024-09-20,completed
5589,733,2024-08-09,completed
5590,733,2024-11-07,completed
5591,733,2024-11-01,completed
5592,733,2024-11-19,completed
5593,733,2024-11-09,completed
5594,734,2024-07-06,completed
5595,734,2024-07-25,completed
5596,734,2024-07-08,completed
5597,734,2024-09-12,completed
5598,734,2024-11-20,completed
5599,734,2024-11-01,completed
5600,734,2024-11-02,completed
5601,734,2024-11-27,completed
5602,734,2024-12-16,completed
5603,735,2023-09-28,completed
5604,735,2023-09-14,completed
5605,736,2024-07-03,completed
5606,738,2024-08-25,completed
5607,738,2024-08-26,completed
5608,738,2024-12-11,completed
5609,738,2024-12-01,completed
5610,738,2024-12-13,completed
5611,738,2024-12-10,completed
5612,739,2024-05-22,completed
5613,739,2024-07-07,completed
5614,740,2023-11-27,completed
5615,740,2023-12-09,completed
5616,740,2023-12-14,completed
5617,740,2024-04-20,refunded
5618,740,2024-04-07,completed
5619,740,2024-04-02,completed
5620,740,2024-04-16,cancelled
5621,740,2024-04-23,completed
5622,740,2024-05-04,completed
5623,740,2024-05-20,completed
5624,740,2024-05-28,completed
5625,740,2024-05-08,completed
5626,740,2024-05-01,completed
5627,740,2024-05-14,completed
5628,740,2024-06-07,completed
5629,740,2024-06-01,completed
5630,740,2024-07-06,completed
5631,740,2024-07-19,completed
5632,740,2024-07-27,completed
5633,740,2024-09-28,completed
5634,740,2024-11-21,refunded
5635,740,2024-11-14,completed
5636,740,2024-12-14,completed
5637,740,2024-12-14,completed
5638,740,2024-12-05,completed
5639,741,2024-02-17,completed
5640,741,2024-02-11,completed
5641,741,2024-05-01,completed
5642,741,2024-05-04,completed
5643,741,2024-11-11,completed
5644,741,2024-11-03,completed
5645,741,2024-12-01,completed
5646,741,2024-12-20,completed
5647,741,2024-12-01,completed
5648,742,2023-07-10,completed
5649,742,2023-07-02,completed
5650,742,2023-07-16,completed
5651,742,2023-08-02,completed
5652,742,2023-08-01,completed
5653,742,2023-09-26,completed
5654,742,2023-12-23,completed
5655,742,2023-12-22,completed
5656,742,2024-02-03,completed
5657,742,2024-02-03,completed
5658,742,2024-02-13,completed
5659,742,2024-03-04,completed
5660,742,2024-03-09,completed
5661,742,2024-03-27,completed
5662,742,2024-05-09,completed
5663,742,2024-11-10,completed
5664,742,2024-11-26,completed
5665,743,2024-09-16,completed
5666,743,2024-09-17,completed
5667,743,2024-12-25,completed
5668,744,2024-12-02,completed
5669,744,2024-12-07,completed
5670,746,2024-04-23,completed
5671,746,2024-04-23,completed
5672,746,2024-04-16,completed
5673,746,2024-06-26,completed
5674,746,2024-06-15,completed
5675,746,2024-06-24,completed
5676,746,2024-06-21,completed
5677,746,2024-07-05,completed
5678,746,2024-08-21,completed
5679,746,2024-08-20,completed
5680,746,2024-08-15,completed
5681,746,2024-10-12,completed
5682,747,2023-06-10,completed
5683,747,2023-06-25,completed
5684,747,2023-06-27,completed
5685,747,2023-06-11,completed
5686,747,2023-08-01,completed
5687,747,2023-08-10,completed
5688,748,2023-12-13,completed
5689,748,2023-12-20,completed
5690,748,2024-01-25,cancelled
5691,748,2024-01-26,completed
5692,748,2024-09-18,completed
5693,748,2024-09-24,completed
5694,748,2024-11-01,completed
5695,748,2024-11-27,completed
5696,750,2023-04-25,completed
5697,750,2023-04-01,completed
5698,750,2023-08-17,completed
5699,750,2023-08-05,completed
5700,750,2023-08-04,completed
5701,750,2023-09-27,completed
5702,750,2023-09-07,completed
5703,750,2023-09-12,completed
5704,750,2023-12-20,completed
5705,750,2023-12-26,refunded
5706,750,2024-11-07,completed
5707,750,2024-12-10,completed
5708,750,2024-12-25,completed
5709,750,2024-12-28,completed
5710,751,2023-09-19,completed
5711,751,2024-04-21,completed
5712,751,2024-04-21,completed
5713,751,2024-04-03,completed
5714,752,2023-11-08,completed
5715,752,2024-08-11,completed
5716,752,2024-08-09,completed
5717,752,2024-08-03,completed
5718,752,2024-09-28,completed
5719,752,2024-09-13,completed
5720,752,2024-10-25,completed
5721,752,2024-10-04,cancelled
5722,752,2024-10-11,completed
5723,752,2024-12-23,completed
5724,754,2023-11-10,completed
5725,754,2023-11-17,completed
5726,754,2023-11-15,completed
5727,754,2023-11-06,completed
5728,754,2024-07-27,completed
5729,754,2024-07-04,completed
5730,754,2024-10-01,completed
5731,754,2024-10-25,completed
5732,755,2024-02-06,completed
5733,755,2024-02-05,completed
5734,755,2024-09-21,completed
5735,755,2024-09-07,completed
5736,755,2024-09-28,completed
5737,756,2024-12-17,cancelled
5738,756,2024-12-01,completed
5739,757,2023-12-25,completed
5740,757,2024-05-08,completed
5741,757,2024-09-21,completed
5742,757,2024-09-03,completed
5743,757,2024-09-15,completed
5744,757,2024-09-15,completed
5745,758,2024-04-16,completed
5746,758,2024-07-28,completed
5747,758,2024-07-08,completed
5748,758,2024-10-23,completed
5749,758,2024-10-22,completed
5750,758,2024-10-25,completed
5751,758,2024-12-12,completed
5752,758,2024-12-06,completed
5753,759,2024-01-17,completed
5754,759,2024-01-02,completed
5755,760,2023-06-14,completed
5756,760,2023-09-19,completed
5757,760,2023-09-16,completed
5758,760,2023-12-27,completed
5759,760,2024-02-11,refunded
5760,760,2024-02-05,completed
5761,760,2024-02-01,completed
5762,760,2024-03-16,completed
5763,760,2024-05-11,refunded
5764,760,2024-05-12,completed
5765,760,2024-08-05,completed
5766,760,2024-08-08,completed
5767,760,2024-10-21,completed
5768,762,2024-11-19,completed
5769,762,2024-11-05,completed
5770,762,2024-12-09,completed
5771,763,2024-10-08,completed
5772,764,2023-08-01,completed
5773,764,2023-08-15,completed
5774,764,2023-09-21,completed
5775,764,2023-09-28,completed
5776,764,2023-10-05,refunded
5777,764,2023-12-09,completed
5778,764,2024-03-07,completed
5779,764,2024-03-11,refunded
5780,764,2024-05-22,completed
5781,764,2024-07-08,completed
5782,764,2024-08-17,completed
5783,764,2024-09-11,completed
5784,764,2024-09-02,completed
5785,764,2024-09-19,completed
5786,764,2024-10-07,cancelled
5787,764,2024-10-17,completed
5788,764,2024-10-11,completed
5789,764,2024-10-18,completed
5790,764,2024-11-02,completed
5791,764,2024-11-18,completed
5792,764,2024-11-15,completed
5793,764,2024-12-21,cancelled
5794,764,2024-12-05,completed
5795,764,2024-12-02,completed
5796,765,2023-07-27,completed
5797,765,2023-07-07,completed
5798,765,2024-11-19,completed
5799,765,2024-11-25,completed
5800,766,2024-08-24,completed
5801,766,2024-08-09,completed
5802,766,2024-09-12,completed
5803,766,2024-09-27,completed
5804,767,2024-05-06,completed
5805,767,2024-05-20,completed
5806,767,2024-05-27,completed
5807,767,2024-05-03,completed
5808,767,2024-08-25,completed
5809,767,2024-08-16,refunded
5810,767,2024-08-05,completed
5811,767,2024-11-08,completed
5812,767,2024-11-27,completed
5813,767,2024-11-02,completed
5814,767,2024-11-18,completed
5815,767,2024-12-02,completed
5816,768,2023-08-23,completed
5817,768,2023-08-26,completed
5818,768,2024-09-23,completed
5819,768,2024-09-08,refunded
5820,769,2024-06-10,completed
5821,769,2024-06-15,completed
5822,769,2024-09-11,completed
5823,769,2024-10-26,completed
5824,769,2024-10-15,completed
5825,769,2024-10-18,completed
5826,769,2024-10-27,completed
5827,769,2024-11-19,completed
5828,769,2024-11-22,completed
5829,770,2024-03-12,completed
5830,770,2024-03-25,completed
5831,770,2024-05-25,completed
5832,770,2024-05-19,completed
5833,770,2024-05-27,completed
5834,770,2024-08-21,completed
5835,770,2024-09-22,completed
5836,770,2024-09-16,completed
5837,770,2024-09-27,completed
5838,770,2024-12-09,completed
5839,770,2024-12-02,refunded
5840,771,2024-07-02,completed
5841,771,2024-09-11,completed
5842,771,2024-09-23,completed
5843,771,2024-09-07,refunded
5844,771,2024-09-20,completed
5845,771,2024-10-13,completed
5846,771,2024-10-10,completed
5847,771,2024-10-27,completed
5848,771,2024-12-02,completed
5849,773,2023-08-19,completed
5850,773,2023-11-01,completed
5851,773,2023-12-05,completed
5852,773,2024-06-13,completed
5853,773,2024-06-11,completed
5854,773,2024-11-17,completed
5855,773,2024-11-28,completed
5856,773,2024-12-16,completed
5857,774,2023-06-03,completed
5858,774,2023-06-23,completed
5859,774,2023-06-09,cancelled
5860,774,2023-06-02,completed
5861,774,2023-07-03,completed
5862,774,2023-07-17,completed
5863,774,2023-08-24,completed
5864,774,2023-08-07,cancelled
5865,774,2023-09-18,completed
5866,774,2023-10-20,completed
5867,774,2023-11-15,refunded
5868,774,2023-11-26,completed
5869,774,2023-12-22,completed
5870,774,2024-01-17,completed
5871,774,2024-02-06,completed
5872,774,2024-02-25,completed
5873,774,2024-02-24,completed
5874,774,2024-04-20,completed
5875,774,2024-04-14,completed
5876,774,2024-04-28,completed
5877,774,2024-05-23,completed
5878,774,2024-05-07,cancelled
5879,774,2024-05-09,completed
5880,774,2024-07-09,completed
5881,774,2024-07-07,completed
5882,774,2024-07-23,completed
5883,774,2024-08-09,completed
5884,774,2024-11-20,completed
5885,774,2024-11-17,completed
5886,774,2024-12-16,completed
5887,775,2024-06-01,completed
5888,776,2024-06-26,completed
5889,776,2024-06-04,refunded
5890,776,2024-12-22,completed
5891,777,2024-10-13,completed
5892,777,2024-10-20,completed
5893,778,2024-10-18,completed
5894,778,2024-10-05,completed
5895,778,2024-10-09,completed
5896,778,2024-10-24,completed
5897,778,2024-11-25,completed
5898,778,2024-11-13,completed
5899,778,2024-12-06,completed
5900,778,2024-12-22,completed
5901,779,2024-10-01,completed
5902,779,2024-10-01,completed
5903,780,2023-05-04,completed
5904,780,2023-06-14,completed
5905,780,2023-06-08,completed
5906,780,2023-09-14,completed
5907,780,2023-09-02,completed
5908,780,2023-10-06,completed
5909,780,2024-02-16,completed
5910,780,2024-02-07,completed
5911,780,2024-04-19,completed
5912,780,2024-04-14,completed
5913,780,2024-04-18,completed
5914,780,2024-05-24,completed
5915,780,2024-05-23,completed
5916,781,2023-11-14,completed
5917,781,2023-11-11,completed
5918,781,2023-11-22,completed
5919,781,2023-11-20,cancelled
5920,781,2023-11-02,completed
5921,781,2023-11-18,completed
5922,781,2023-11-05,completed
5923,781,2024-08-27,completed
5924,781,2024-08-17,completed
5925,781,2024-08-21,completed
5926,781,2024-09-09,cancelled
5927,781,2024-09-24,cancelled
5928,781,2024-12-25,completed
5929,781,2024-12-02,completed
5930,782,2023-12-28,completed
5931,782,2024-06-26,completed
5932,782,2024-06-12,completed
5933,782,2024-06-28,completed
5934,783,2024-06-16,completed
5935,783,2024-12-13,completed
5936,783,2024-12-28,completed
5937,783,2024-12-07,completed
5938,783,2024-12-05,completed
5939,784,2024-03-28,refunded
5940,784,2024-03-22,completed
5941,784,2024-03-28,cancelled
5942,784,2024-04-25,completed
5943,784,2024-04-08,completed
5944,784,2024-05-16,completed
5945,784,2024-06-16,completed
5946,784,2024-07-23,completed
5947,784,2024-07-19,completed
5948,784,2024-07-25,completed
5949,784,2024-08-07,completed
5950,784,2024-08-02,completed
5951,784,2024-10-16,completed
5952,784,2024-10-09,completed
5953,784,2024-11-25,completed
5954,784,2024-11-11,completed
5955,784,2024-12-28,completed
5956,785,2024-07-05,completed
5957,785,2024-07-14,completed
5958,785,2024-12-15,completed
5959,785,2024-12-17,completed
5960,785,2024-12-22,completed
5961,785,2024-12-04,completed
5962,786,2023-12-16,completed
5963,786,2023-12-01,completed
5964,787,2023-09-26,completed
5965,787,2023-11-16,completed
5966,787,2023-11-22,completed
5967,787,2023-11-24,completed
5968,787,2024-02-24,completed
5969,787,2024-02-19,completed
5970,787,2024-02-13,completed
5971,787,2024-04-02,completed
5972,787,2024-04-28,completed
5973,787,2024-08-12,completed
5974,787,2024-08-28,completed
5975,787,2024-08-05,completed
5976,787,2024-10-26,completed
5977,787,2024-10-08,completed
5978,787,2024-11-03,completed
5979,787,2024-11-27,completed
5980,788,2024-04-16,completed
5981,788,2024-04-27,completed
5982,788,2024-04-08,completed
5983,788,2024-05-07,completed
5984,788,2024-05-04,completed
5985,790,2023-11-19,completed
5986,790,2023-11-04,completed
5987,790,2023-12-15,completed
5988,790,2023-12-02,completed
5989,790,2023-12-13,completed
5990,790,2024-04-02,completed
5991,790,2024-04-15,completed
5992,790,2024-04-14,completed
5993,790,2024-06-27,completed
5994,790,2024-06-17,completed
5995,790,2024-08-19,completed
5996,790,2024-08-22,completed
5997,790,2024-08-28,completed
5998,790,2024-11-09,completed
5999,790,2024-11-22,completed
6000,790,2024-11-05,completed
6001,790,2024-11-23,completed
6002,791,2024-04-13,completed
6003,791,2024-04-24,completed
6004,791,2024-04-07,completed
6005,791,2024-04-27,completed
6006,791,2024-07-08,completed
6007,791,2024-09-23,completed
6008,791,2024-09-08,completed
6009,791,2024-11-27,completed
6010,791,2024-12-24,completed
6011,792,2024-06-23,completed
6012,792,2024-06-22,completed
6013,792,2024-06-12,completed
6014,792,2024-07-27,completed
6015,792,2024-07-22,completed
6016,792,2024-09-09,completed
6017,792,2024-09-03,completed
6018,792,2024-12-11,cancelled
6019,793,2023-11-03,completed
6020,793,2023-11-04,completed
6021,793,2024-06-01,completed
6022,793,2024-06-04,completed
6023,794,2023-09-04,completed
6024,794,2023-09-06,completed
6025,794,2024-01-24,completed
6026,794,2024-01-12,completed
6027,794,2024-03-21,completed
6028,794,2024-03-14,completed
6029,794,2024-07-28,completed
6030,794,2024-11-16,completed
6031,794,2024-12-17,completed
6032,794,2024-12-11,completed
6033,795,2023-11-11,completed
6034,795,2023-11-10,completed
6035,795,2023-12-14,completed
6036,795,2024-06-05,completed
6037,795,2024-06-11,completed
6038,795,2024-07-19,completed
6039,795,2024-07-28,completed
6040,795,2024-07-10,completed
6041,795,2024-07-02,completed
6042,795,2024-08-05,completed
6043,795,2024-08-19,completed
6044,795,2024-12-14,completed
6045,795,2024-12-01,completed
6046,795,2024-12-27,completed
6047,796,2023-12-10,completed
6048,796,2023-12-05,completed
6049,796,2024-01-06,completed
6050,796,2024-03-24,cancelled
6051,796,2024-05-14,completed
6052,796,2024-05-04,completed
6053,796,2024-05-26,completed
6054,796,2024-06-26,completed
6055,797,2023-03-12,completed
6056,797,2023-03-20,completed
6057,797,2023-09-03,completed
6058,797,2023-11-06,refunded
6059,797,2023-12-28,completed
6060,797,2023-12-13,completed
6061,797,2024-09-25,completed
6062,797,2024-09-20,completed
6063,798,2024-06-13,completed
6064,800,2023-11-09,completed
6065,800,2024-04-11,completed
6066,800,2024-04-11,cancelled
6067,800,2024-06-21,completed
6068,800,2024-09-02,completed
6069,800,2024-10-13,completed
6070,800,2024-11-06,completed
6071,800,2024-12-13,completed
