order_item_id,order_id,product_id,quantity,unit_price
1,1,38,1,38.97
2,1,58,1,21.46
3,1,39,1,59.27
4,1,45,2,174.61
5,2,58,2,21.46
6,3,26,2,80.1
7,4,22,3,41.98
8,5,30,1,30.51
9,5,40,3,58.6
10,6,11,1,62.04
11,7,54,3,5.86
12,7,18,2,117.9
13,7,49,1,88.65
14,8,28,3,9.66
15,8,45,2,174.61
16,9,26,2,84.32
17,10,35,1,6.33
18,11,55,1,25.2
19,11,44,3,75.69
20,11,4,2,343.75
21,11,7,3,97.14
22,12,28,1,9.66
23,12,12,2,120.17
24,13,14,1,39.32
25,14,4,2,343.75
26,14,23,1,34.05
27,14,56,1,15.32
28,14,29,1,17.72
29,15,40,2,58.6
30,16,34,3,35.16
31,16,6,1,274.62
32,16,50,2,50.36
33,16,38,1,38.97
34,17,60,1,13.97
35,17,57,1,22.42
36,17,32,1,13.9
37,17,19,2,116.13
38,18,12,3,120.17
39,18,1,3,166.25
40,18,17,1,63.23
41,19,44,1,75.69
42,19,51,1,4.82
43,20,54,2,5.57
44,20,60,3,13.97
45,20,3,1,42.57
46,21,19,1,116.13
47,21,1,3,166.25
48,22,13,2,71.35
49,23,25,1,41.66
50,23,9,2,247.25
51,24,17,1,63.23
52,24,35,3,6.33
53,24,59,2,24.67
54,24,49,3,84.22
55,25,2,1,112.61
56,25,47,3,130.34
57,26,44,1,71.91
58,26,17,1,63.23
59,26,45,2,174.61
60,27,5,2,176.19
61,27,40,1,58.6
62,28,4,2,343.75
63,29,9,1,247.25
64,30,59,3,23.44
65,30,21,3,69.32
66,30,28,3,9.66
67,30,34,1,35.16
68,31,53,2,8.99
69,32,57,2,22.42
70,32,43,3,37.07
71,32,25,3,39.58
72,33,25,1,39.58
73,33,19,1,116.13
74,34,25,2,41.66
75,35,42,2,76.5
76,35,50,1,50.36
77,35,4,1,343.75
78,36,30,1,30.51
79,37,2,2,112.61
80,37,14,1,39.32
81,37,42,2,76.5
82,38,27,2,58.96
83,38,28,2,9.66
84,38,8,3,175.41
85,39,44,3,71.91
86,39,33,3,33.47
87,40,35,1,6.33
88,40,7,3,97.14
89,41,16,1,117.45
90,42,3,2,42.57
91,42,5,3,176.19
92,42,24,2,42.02
93,43,54,2,5.86
94,43,43,3,37.07
95,44,44,1,71.91
96,44,37,2,12.41
97,44,21,3,69.32
98,44,18,1,124.11
99,45,60,2,13.97
100,45,22,1,41.98
101,46,42,3,76.5
102,46,6,2,289.07
103,47,11,2,62.04
104,47,5,2,176.19
105,47,31,1,34.1
106,47,3,1,42.57
107,48,32,2,13.9
108,48,19,2,116.13
109,49,4,2,343.75
110,49,54,3,5.86
111,49,51,1,5.07
112,50,18,2,117.9
113,51,39,3,59.27
114,51,43,3,37.07
115,51,30,3,30.51
116,51,51,3,4.82
117,52,6,2,274.62
118,52,25,2,41.66
119,52,11,2,62.04
120,52,46,1,167.04
121,53,45,1,174.61
122,53,12,3,120.17
123,53,54,1,5.86
124,54,57,2,22.42
125,54,9,2,234.89
126,54,43,1,37.07
127,54,24,3,42.02
128,55,14,1,39.32
129,55,16,1,111.58
130,55,60,3,13.97
131,56,10,1,236.19
132,56,6,3,274.62
133,56,43,1,37.07
134,57,13,1,71.35
135,58,39,3,59.27
136,59,48,3,96.53
137,59,40,2,58.6
138,59,31,3,34.1
139,59,17,3,63.23
140,60,13,1,71.35
141,60,16,2,117.45
142,60,20,3,102.52
143,60,31,2,34.1
144,61,12,2,120.17
145,61,16,2,117.45
146,61,24,3,42.02
147,61,55,1,25.2
148,62,13,1,71.35
149,62,25,1,41.66
150,63,46,3,167.04
151,63,41,2,116.68
152,63,32,2,13.9
153,64,41,2,116.68
154,64,50,2,53.01
155,65,5,2,176.19
156,65,3,2,42.57
157,66,14,1,37.35
158,67,46,1,167.04
159,67,54,1,5.86
160,67,21,2,69.32
161,67,57,1,21.3
162,68,27,2,58.96
163,68,9,2,247.25
164,68,11,3,62.04
165,68,52,1,34.98
166,69,27,1,58.96
167,69,24,1,39.92
168,70,39,2,59.27
169,70,31,2,32.4
170,71,20,2,102.52
171,72,52,2,34.98
172,72,40,2,58.6
173,73,22,1,41.98
174,73,27,1,58.96
175,73,46,3,167.04
176,74,26,3,84.32
177,74,8,3,175.41
178,75,15,3,42.56
179,75,16,2,111.58
180,75,14,2,39.32
181,76,34,2,35.16
182,76,50,1,53.01
183,76,31,1,34.1
184,77,50,3,50.36
185,77,43,1,37.07
186,77,2,3,118.54
187,78,10,1,236.19
188,78,54,3,5.86
189,79,56,1,15.32
190,79,43,3,37.07
191,80,50,1,50.36
192,80,48,1,101.61
193,80,55,1,25.2
194,80,11,1,62.04
195,81,7,1,97.14
196,81,53,2,8.99
197,81,23,1,34.05
198,82,18,1,117.9
199,82,53,1,8.99
200,83,57,1,22.42
201,83,56,3,15.32
202,83,31,3,34.1
203,84,3,3,42.57
204,84,38,3,38.97
205,84,55,2,25.2
206,85,48,2,101.61
207,86,45,3,174.61
208,86,28,2,9.66
209,86,16,1,117.45
210,86,32,3,13.21
211,87,22,3,41.98
212,87,31,2,32.4
213,87,40,1,58.6
214,88,58,2,21.46
215,89,23,1,34.05
216,89,59,3,24.67
217,89,18,3,117.9
218,89,49,3,88.65
219,90,8,1,175.41
220,90,6,1,289.07
221,90,55,1,25.2
222,91,1,1,157.94
223,91,44,1,75.69
224,91,39,1,59.27
225,92,35,2,6.33
226,92,4,3,343.75
227,92,42,3,76.5
228,92,8,1,166.64
229,93,1,2,166.25
230,93,11,2,62.04
231,94,57,1,22.42
232,94,52,2,33.23
233,95,40,3,58.6
234,95,57,2,22.42
235,95,45,2,174.61
236,95,15,3,42.56
237,96,21,3,69.32
238,97,32,2,13.9
239,98,30,3,30.51
240,99,43,2,35.22
241,99,24,2,42.02
242,99,11,1,62.04
243,100,1,2,166.25
244,101,20,2,102.52
245,101,10,1,236.19
246,102,25,2,41.66
247,102,50,1,50.36
248,102,3,2,42.57
249,103,22,3,41.98
250,103,44,2,75.69
251,104,3,3,42.57
252,105,24,2,42.02
253,106,28,2,9.18
254,106,55,2,23.94
255,107,53,2,8.99
256,108,20,2,102.52
257,108,38,2,38.97
258,108,31,3,32.4
259,108,54,1,5.86
260,109,2,3,118.54
261,110,6,2,289.07
262,110,59,1,23.44
263,111,17,1,60.07
264,112,55,1,25.2
265,112,33,1,35.23
266,113,55,2,25.2
267,114,47,1,123.82
268,115,35,3,6.33
269,115,55,1,25.2
270,115,43,3,37.07
271,115,40,1,58.6
272,116,21,2,69.32
273,116,39,2,59.27
274,116,15,2,42.56
275,116,45,1,174.61
276,117,41,2,116.68
277,117,51,2,5.07
278,118,33,2,35.23
279,118,55,1,25.2
280,118,7,3,97.14
281,119,5,3,176.19
282,119,16,3,117.45
283,120,34,3,35.16
284,120,24,1,42.02
285,120,19,2,116.13
286,120,3,2,40.44
287,121,8,2,175.41
288,121,10,3,236.19
289,122,11,1,62.04
290,122,1,2,157.94
291,122,31,3,32.4
292,122,6,1,289.07
293,123,8,1,175.41
294,123,52,1,34.98
295,123,34,2,35.16
296,123,16,2,117.45
297,124,6,3,289.07
298,124,13,3,71.35
299,124,40,2,58.6
300,125,20,3,102.52
301,125,58,1,21.46
302,126,33,2,35.23
303,126,28,2,9.66
304,126,58,1,21.46
305,126,7,2,97.14
306,127,33,2,35.23
307,128,15,1,42.56
308,128,51,3,5.07
309,128,18,3,124.11
310,128,7,1,97.14
311,129,39,2,59.27
312,129,10,2,236.19
313,129,55,2,25.2
314,130,27,2,58.96
315,130,55,2,25.2
316,131,53,3,8.99
317,132,16,3,111.58
318,132,43,1,37.07
319,132,19,1,116.13
320,133,21,3,69.32
321,133,7,1,92.28
322,133,10,1,236.19
323,134,24,1,39.92
324,134,7,3,97.14
325,134,3,1,42.57
326,135,26,3,84.32
327,135,22,3,41.98
328,135,34,1,35.16
329,136,31,2,32.4
330,136,26,1,84.32
331,137,8,3,175.41
332,138,9,3,247.25
333,138,34,3,35.16
334,138,5,1,176.19
335,138,47,3,130.34
336,139,58,3,21.46
337,139,36,3,10.96
338,139,20,2,102.52
339,140,42,1,76.5
340,140,35,1,6.33
341,141,20,1,102.52
342,141,50,3,53.01
343,142,21,3,69.32
344,142,39,1,56.31
345,142,52,3,34.98
346,142,7,2,92.28
347,143,50,1,50.36
348,143,46,1,167.04
349,143,28,1,9.66
350,143,38,2,38.97
351,144,29,1,17.72
352,144,46,3,167.04
353,144,8,1,175.41
354,144,11,3,58.94
355,145,27,2,58.96
356,145,13,1,71.35
357,145,1,1,157.94
358,145,12,2,120.17
359,146,13,3,71.35
360,147,33,1,35.23
361,147,40,3,58.6
362,148,58,1,20.39
363,148,59,3,24.67
364,149,2,1,118.54
365,149,25,1,41.66
366,149,29,2,17.72
367,149,27,3,58.96
368,150,41,3,116.68
369,150,18,3,124.11
370,150,44,2,75.69
371,150,32,3,13.9
372,151,47,2,130.34
373,151,46,1,167.04
374,151,27,2,58.96
375,151,10,1,236.19
376,152,49,3,88.65
377,152,31,3,32.4
378,152,57,3,22.42
379,153,32,2,13.9
380,153,51,2,5.07
381,154,18,1,124.11
382,154,43,2,37.07
383,155,18,1,124.11
384,156,31,1,34.1
385,156,4,3,343.75
386,156,11,2,62.04
387,156,16,2,117.45
388,157,51,2,5.07
389,158,8,1,175.41
390,158,32,1,13.9
391,158,39,2,59.27
392,158,57,1,22.42
393,159,27,3,58.96
394,160,14,1,39.32
395,160,32,3,13.9
396,160,27,2,58.96
397,160,11,3,62.04
398,161,22,2,41.98
399,161,11,2,62.04
400,161,18,2,124.11
401,162,24,3,42.02
402,162,18,3,124.11
403,163,58,3,21.46
404,163,17,2,63.23
405,163,19,2,116.13
406,164,46,1,167.04
407,165,45,3,174.61
408,165,27,3,58.96
409,165,11,1,62.04
410,166,50,2,53.01
411,166,43,3,37.07
412,167,31,3,34.1
413,167,40,2,55.67
414,167,23,2,34.05
415,167,18,1,124.11
416,168,53,3,8.99
417,169,22,3,41.98
418,169,36,3,10.96
419,169,17,1,63.23
420,170,8,2,175.41
421,170,15,3,42.56
422,170,33,1,33.47
423,171,33,2,35.23
424,172,43,3,37.07
425,172,25,2,39.58
426,172,18,3,124.11
427,173,16,1,117.45
428,173,44,1,75.69
429,173,40,1,58.6
430,173,34,1,35.16
431,174,6,3,289.07
432,174,37,1,12.41
433,175,3,3,42.57
434,175,10,3,236.19
435,175,15,3,42.56
436,176,60,1,13.27
437,177,55,1,25.2
438,177,36,3,10.96
439,178,31,2,32.4
440,178,3,3,42.57
441,178,39,2,59.27
442,178,6,1,289.07
443,179,54,3,5.86
444,179,44,3,75.69
445,179,2,1,112.61
446,179,49,3,88.65
447,180,8,2,166.64
448,181,17,2,63.23
449,181,49,3,88.65
450,182,1,3,166.25
451,183,13,2,71.35
452,183,50,3,53.01
453,183,5,3,176.19
454,184,11,1,62.04
455,184,10,3,236.19
456,185,9,2,247.25
457,185,46,3,167.04
458,186,13,2,67.78
459,186,11,2,62.04
460,187,60,1,13.97
461,187,48,1,101.61
462,187,11,1,62.04
463,188,40,3,58.6
464,188,5,3,176.19
465,188,3,1,40.44
466,189,39,2,56.31
467,189,28,1,9.66
468,190,59,2,24.67
469,190,31,1,34.1
470,190,21,2,69.32
471,191,59,2,24.67
472,191,31,2,34.1
473,191,53,2,8.99
474,191,40,2,58.6
475,192,47,1,123.82
476,192,28,2,9.18
477,192,17,2,60.07
478,193,40,2,58.6
479,193,56,1,15.32
480,193,13,1,71.35
481,193,23,2,34.05
482,194,55,1,25.2
483,194,15,3,42.56
484,195,42,2,76.5
485,195,1,2,157.94
486,195,24,1,42.02
487,196,49,3,88.65
488,197,20,3,102.52
489,197,39,2,59.27
490,197,19,2,116.13
491,197,24,2,42.02
492,198,47,1,130.34
493,198,26,2,84.32
494,198,10,3,236.19
495,198,4,3,326.56
496,199,52,1,34.98
497,199,8,3,175.41
498,199,58,3,21.46
499,199,19,2,116.13
500,200,8,3,175.41
501,200,13,1,67.78
502,200,28,1,9.66
503,200,34,2,35.16
504,201,50,3,53.01
505,201,29,2,17.72
506,201,34,3,35.16
507,202,22,3,41.98
508,203,13,2,71.35
509,203,32,3,13.9
510,203,5,2,176.19
511,203,56,1,15.32
512,204,12,3,114.16
513,204,48,1,101.61
514,205,40,3,58.6
515,205,48,1,101.61
516,206,13,3,71.35
517,206,18,3,124.11
518,207,34,2,33.4
519,208,35,3,6.33
520,209,31,1,34.1
521,209,16,3,117.45
522,210,47,2,130.34
523,210,20,2,102.52
524,210,16,2,117.45
525,210,39,2,59.27
526,211,30,2,28.98
527,211,35,3,6.33
528,211,39,2,59.27
529,212,35,2,6.33
530,213,11,1,62.04
531,213,28,2,9.66
532,213,49,2,88.65
533,214,51,2,5.07
534,214,22,2,39.88
535,214,48,1,101.61
536,215,39,1,59.27
537,215,58,3,21.46
538,216,36,2,10.96
539,217,20,3,102.52
540,218,44,1,75.69
541,218,12,1,120.17
542,218,30,1,30.51
543,219,30,2,30.51
544,219,3,3,42.57
545,220,18,3,124.11
546,221,56,1,15.32
547,221,13,1,71.35
548,221,54,2,5.86
549,221,59,2,24.67
550,222,4,1,343.75
551,223,31,2,32.4
552,223,41,2,116.68
553,223,56,1,15.32
554,224,54,2,5.86
555,225,60,2,13.97
556,225,5,2,176.19
557,226,56,3,15.32
558,227,49,3,88.65
559,227,42,1,76.5
560,227,3,3,42.57
561,228,47,1,130.34
562,229,46,1,167.04
563,229,35,2,6.01
564,229,41,3,116.68
565,229,48,2,101.61
566,230,4,1,343.75
567,230,2,3,118.54
568,230,55,3,23.94
569,231,9,2,247.25
570,231,2,2,118.54
571,232,31,2,34.1
572,232,30,3,30.51
573,232,10,2,236.19
574,232,45,1,174.61
575,233,56,2,15.32
576,234,39,1,59.27
577,235,6,3,289.07
578,235,22,2,41.98
579,236,13,3,67.78
580,236,9,3,247.25
581,236,8,3,175.41
582,236,16,1,111.58
583,237,20,2,102.52
584,237,31,1,34.1
585,237,59,2,24.67
586,237,17,3,63.23
587,238,35,3,6.33
588,239,59,3,24.67
589,240,30,2,28.98
590,240,41,1,110.85
591,240,1,2,157.94
592,241,12,3,114.16
593,241,21,2,65.85
594,242,41,2,116.68
595,242,12,3,120.17
596,242,45,3,174.61
597,242,47,2,130.34
598,243,21,3,69.32
599,244,36,1,10.41
600,244,38,2,38.97
601,244,20,1,102.52
602,245,30,2,30.51
603,245,13,2,71.35
604,245,1,3,166.25
605,245,29,2,17.72
606,246,15,3,42.56
607,246,60,2,13.97
608,247,17,2,63.23
609,247,52,2,34.98
610,247,33,3,35.23
611,247,39,3,59.27
612,248,25,2,41.66
613,249,17,2,63.23
614,249,33,2,35.23
615,249,31,3,34.1
616,250,55,1,23.94
617,250,23,3,34.05
618,250,17,2,63.23
619,250,22,2,39.88
620,251,12,2,120.17
621,251,39,2,59.27
622,251,58,1,21.46
623,251,52,2,34.98
624,252,25,2,41.66
625,253,54,2,5.86
626,254,2,3,118.54
627,254,29,1,17.72
628,255,50,1,53.01
629,255,22,3,41.98
630,256,44,3,75.69
631,257,20,3,102.52
632,258,11,3,62.04
633,258,40,1,58.6
634,258,31,2,34.1
635,259,38,3,38.97
636,259,12,2,120.17
637,259,29,3,17.72
638,259,11,2,62.04
639,260,12,1,120.17
640,260,40,1,58.6
641,260,48,3,101.61
642,261,33,1,33.47
643,261,10,3,236.19
644,262,13,2,71.35
645,262,31,3,34.1
646,263,1,1,166.25
647,263,55,2,25.2
648,263,9,1,247.25
649,264,15,1,42.56
650,264,47,3,130.34
651,264,24,3,42.02
652,264,21,3,65.85
653,265,14,1,39.32
654,265,18,1,124.11
655,266,54,1,5.86
656,266,10,2,236.19
657,266,14,3,39.32
658,267,9,1,247.25
659,267,15,1,42.56
660,267,12,1,120.17
661,267,51,3,5.07
662,268,39,2,59.27
663,268,50,1,53.01
664,268,3,1,42.57
665,268,38,3,38.97
666,269,55,2,23.94
667,269,1,1,166.25
668,269,60,1,13.97
669,270,28,3,9.18
670,270,21,2,69.32
671,271,30,1,30.51
672,271,17,2,63.23
673,271,26,2,80.1
674,272,52,2,34.98
675,273,51,1,5.07
676,273,43,2,37.07
677,274,11,1,62.04
678,274,32,1,13.9
679,275,17,3,63.23
680,276,26,2,84.32
681,277,46,1,167.04
682,278,18,3,124.11
683,279,6,1,289.07
684,279,28,3,9.66
685,279,50,3,53.01
686,279,12,3,120.17
687,280,7,2,97.14
688,281,31,1,34.1
689,281,26,2,80.1
690,281,49,1,88.65
691,281,29,2,17.72
692,282,23,1,34.05
693,282,44,1,75.69
694,282,24,1,42.02
695,282,48,2,101.61
696,283,18,3,124.11
697,284,54,1,5.86
698,284,16,3,117.45
699,284,46,2,167.04
700,285,49,2,88.65
701,286,12,2,120.17
702,286,37,3,13.06
703,287,40,2,58.6
704,288,56,1,15.32
705,288,42,1,76.5
706,288,7,3,92.28
707,289,32,2,13.9
708,289,5,3,176.19
709,290,51,3,4.82
710,290,39,2,56.31
711,290,25,2,41.66
712,291,53,1,8.99
713,291,4,2,343.75
714,291,38,3,37.02
715,292,45,3,174.61
716,292,2,3,118.54
717,293,33,1,35.23
718,294,13,3,71.35
719,294,3,3,42.57
720,294,46,3,167.04
721,295,20,3,102.52
722,296,15,1,42.56
723,296,44,1,71.91
724,296,26,1,84.32
725,296,54,2,5.86
726,297,13,2,71.35
727,297,54,1,5.86
728,297,8,1,166.64
729,297,50,3,50.36
730,298,59,1,24.67
731,298,44,3,75.69
732,298,51,3,5.07
733,298,8,3,175.41
734,299,29,2,17.72
735,300,4,3,343.75
736,301,21,1,69.32
737,301,33,1,35.23
738,301,30,1,28.98
739,302,32,1,13.21
740,302,38,3,38.97
741,303,23,1,32.35
742,304,34,3,35.16
743,305,15,3,42.56
744,305,11,3,62.04
745,305,7,2,92.28
746,306,4,3,326.56
747,306,35,2,6.33
748,306,39,3,59.27
749,307,1,1,157.94
750,307,18,3,124.11
751,307,34,3,35.16
752,307,52,2,34.98
753,308,30,3,30.51
754,308,17,2,63.23
755,308,33,2,35.23
756,308,1,2,166.25
757,309,12,3,120.17
758,309,9,3,247.25
759,309,48,1,101.61
760,309,43,2,37.07
761,310,35,2,6.33
762,310,17,2,63.23
763,311,56,1,15.32
764,311,46,2,167.04
765,311,18,1,124.11
766,311,58,2,21.46
767,312,24,1,42.02
768,312,8,1,175.41
769,312,56,3,15.32
770,313,58,1,21.46
771,313,53,2,8.99
772,313,50,3,50.36
773,314,1,3,166.25
774,314,3,2,42.57
775,314,54,3,5.86
776,315,2,2,112.61
777,315,60,3,13.97
778,316,40,1,58.6
779,316,31,1,34.1
780,316,38,1,38.97
781,317,29,1,17.72
782,318,19,1,116.13
783,319,5,1,176.19
784,319,10,2,224.38
785,319,57,1,22.42
786,319,29,3,17.72
787,320,46,2,158.69
788,321,18,2,124.11
789,321,16,3,117.45
790,322,57,1,22.42
791,323,9,1,234.89
792,323,6,2,289.07
793,323,15,3,42.56
794,323,31,3,34.1
795,324,9,3,234.89
796,325,20,1,102.52
797,325,26,1,84.32
798,325,38,1,38.97
799,325,44,3,75.69
800,326,9,3,247.25
801,326,21,3,69.32
802,326,14,3,39.32
803,327,28,3,9.66
804,328,4,3,343.75
805,329,23,1,32.35
806,330,49,3,88.65
807,330,41,1,116.68
808,331,12,1,114.16
809,331,57,2,21.3
810,331,49,3,88.65
811,331,9,1,247.25
812,332,28,3,9.18
813,332,44,2,75.69
814,332,11,3,62.04
815,332,56,3,14.55
816,333,15,2,42.56
817,334,33,2,35.23
818,334,40,3,58.6
819,335,25,1,41.66
820,335,1,3,166.25
821,336,20,1,97.39
822,336,22,1,39.88
823,336,52,2,34.98
824,336,42,2,76.5
825,337,56,1,15.32
826,337,55,3,25.2
827,337,42,1,76.5
828,338,3,1,42.57
829,339,55,2,25.2
830,340,28,1,9.18
831,341,4,1,343.75
832,341,10,1,224.38
833,341,59,3,23.44
834,341,27,1,58.96
835,342,27,2,58.96
836,342,34,3,35.16
837,342,12,3,120.17
838,343,21,3,65.85
839,344,17,1,63.23
840,344,52,3,34.98
841,345,46,3,167.04
842,346,29,1,16.83
843,347,12,1,120.17
844,347,34,3,35.16
845,347,44,1,75.69
846,348,9,2,247.25
847,349,24,1,42.02
848,349,26,3,84.32
849,349,19,3,116.13
850,350,36,3,10.96
851,351,58,3,21.46
852,351,2,2,118.54
853,352,60,3,13.97
854,352,10,2,236.19
855,352,49,2,88.65
856,352,25,2,41.66
857,353,33,3,35.23
858,354,11,3,62.04
859,355,45,3,174.61
860,356,21,1,65.85
861,356,4,3,343.75
862,357,40,2,58.6
863,357,49,2,88.65
864,358,3,1,42.57
865,358,50,2,53.01
866,358,6,2,289.07
867,359,42,3,76.5
868,359,51,3,5.07
869,360,4,2,343.75
870,360,59,3,24.67
871,361,59,2,24.67
872,361,39,1,59.27
873,361,40,3,58.6
874,361,58,3,21.46
875,362,5,3,176.19
876,362,52,2,33.23
877,363,55,1,25.2
878,363,60,1,13.97
879,363,37,1,12.41
880,363,34,1,35.16
881,364,16,3,111.58
882,364,7,2,97.14
883,364,20,1,102.52
884,365,35,2,6.33
885,365,43,3,37.07
886,366,18,1,124.11
887,366,21,1,69.32
888,366,31,3,34.1
889,366,11,2,62.04
890,367,16,1,117.45
891,367,57,3,22.42
892,367,56,1,15.32
893,367,26,3,84.32
894,368,8,3,175.41
895,368,33,1,35.23
896,368,35,2,6.33
897,368,51,2,5.07
898,369,33,3,35.23
899,369,16,3,117.45
900,370,40,3,58.6
901,371,26,1,84.32
902,371,58,2,21.46
903,372,12,2,120.17
904,372,24,1,42.02
905,373,7,2,97.14
906,373,45,3,174.61
907,373,9,2,247.25
908,373,59,1,24.67
909,374,19,3,110.32
910,375,6,2,289.07
911,375,47,2,130.34
912,375,38,1,38.97
913,375,15,3,40.43
914,376,32,1,13.9
915,376,50,2,53.01
916,377,60,2,13.27
917,377,51,1,5.07
918,377,47,3,123.82
919,377,2,1,118.54
920,378,42,1,76.5
921,378,12,2,120.17
922,378,22,3,41.98
923,378,54,1,5.86
924,379,44,2,75.69
925,380,54,2,5.86
926,380,52,2,34.98
927,381,58,3,21.46
928,382,21,2,69.32
929,383,17,2,60.07
930,384,42,2,76.5
931,384,39,3,59.27
932,384,7,1,97.14
933,384,56,3,15.32
934,385,2,1,118.54
935,385,40,3,58.6
936,385,53,1,8.99
937,386,42,1,76.5
938,386,6,3,289.07
939,386,14,1,39.32
940,386,37,3,13.06
941,387,9,3,247.25
942,387,21,3,69.32
943,387,46,3,167.04
944,387,32,3,13.9
945,388,18,3,124.11
946,389,49,3,88.65
947,389,41,3,116.68
948,389,2,3,118.54
949,389,18,1,117.9
950,390,51,2,5.07
951,390,22,2,41.98
952,390,31,1,32.4
953,390,56,2,15.32
954,391,15,3,40.43
955,391,38,3,38.97
956,391,8,1,166.64
957,391,60,3,13.97
958,392,29,1,17.72
959,392,56,1,15.32
960,392,54,3,5.57
961,393,26,1,84.32
962,394,53,1,8.99
963,394,10,2,224.38
964,394,46,1,167.04
965,394,41,1,116.68
966,395,17,1,63.23
967,396,36,3,10.96
968,397,9,3,247.25
969,398,4,1,343.75
970,398,14,1,39.32
971,399,25,2,41.66
972,399,54,3,5.86
973,399,32,3,13.9
974,400,53,3,8.99
975,401,49,2,88.65
976,401,18,3,124.11
977,402,24,2,42.02
978,402,34,1,33.4
979,402,22,2,41.98
980,402,57,3,21.3
981,403,29,1,17.72
982,404,20,1,102.52
983,404,6,2,289.07
984,405,41,2,116.68
985,406,34,1,35.16
986,406,31,3,32.4
987,406,10,3,236.19
988,407,59,3,24.67
989,407,38,3,38.97
990,407,40,3,55.67
991,408,32,3,13.9
992,408,18,3,124.11
993,409,14,3,39.32
994,409,12,2,120.17
995,409,35,1,6.01
996,410,44,3,75.69
997,410,56,3,15.32
998,410,8,2,175.41
999,410,34,1,35.16
1000,411,59,3,23.44
1001,411,52,3,34.98
1002,412,50,2,53.01
1003,412,4,2,343.75
1004,412,39,1,59.27
1005,413,16,3,117.45
1006,413,32,2,13.9
1007,414,17,2,63.23
1008,414,7,3,97.14
1009,415,47,2,130.34
1010,416,18,1,124.11
1011,417,24,2,42.02
1012,417,52,1,34.98
1013,418,52,2,34.98
1014,419,19,3,116.13
1015,420,33,3,33.47
1016,420,51,1,5.07
1017,420,49,1,88.65
1018,420,15,2,42.56
1019,421,8,3,175.41
1020,422,25,2,41.66
1021,423,6,2,289.07
1022,423,14,2,39.32
1023,423,31,2,34.1
1024,424,18,2,124.11
1025,424,15,1,42.56
1026,425,34,3,35.16
1027,425,37,3,13.06
1028,425,51,3,5.07
1029,426,32,1,13.9
1030,427,56,1,15.32
1031,427,54,2,5.86
1032,428,15,3,42.56
1033,428,39,3,59.27
1034,428,35,3,6.33
1035,428,10,1,224.38
1036,429,20,2,102.52
1037,430,54,3,5.86
1038,430,19,2,110.32
1039,431,47,3,130.34
1040,431,10,2,236.19
1041,431,30,3,30.51
1042,432,39,3,59.27
1043,432,46,3,167.04
1044,433,58,1,21.46
1045,433,9,1,247.25
1046,433,42,2,76.5
1047,434,42,1,72.67
1048,434,33,2,35.23
1049,435,16,1,117.45
1050,435,42,2,76.5
1051,435,26,2,84.32
1052,436,32,3,13.21
1053,437,21,3,69.32
1054,437,31,3,34.1
1055,438,60,2,13.97
1056,439,51,3,5.07
1057,439,32,2,13.9
1058,439,19,3,116.13
1059,439,38,2,38.97
1060,440,46,3,167.04
1061,440,59,2,24.67
1062,440,36,3,10.96
1063,440,22,3,41.98
1064,441,33,2,35.23
1065,441,13,2,71.35
1066,441,23,3,34.05
1067,441,36,3,10.96
1068,442,33,2,35.23
1069,442,32,1,13.9
1070,443,25,3,41.66
1071,443,36,1,10.96
1072,444,41,2,116.68
1073,445,38,3,38.97
1074,445,10,2,236.19
1075,445,9,1,247.25
1076,445,21,3,69.32
1077,446,33,2,33.47
1078,447,45,3,165.88
1079,447,8,3,175.41
1080,447,12,3,120.17
1081,448,14,2,39.32
1082,448,28,3,9.66
1083,448,9,2,247.25
1084,449,19,2,116.13
1085,449,50,1,50.36
1086,450,2,2,118.54
1087,450,60,2,13.97
1088,450,33,2,35.23
1089,450,55,1,25.2
1090,451,4,1,343.75
1091,451,28,2,9.18
1092,451,24,1,39.92
1093,451,23,1,34.05
1094,452,57,3,22.42
1095,452,11,1,62.04
1096,452,44,3,75.69
1097,452,18,2,124.11
1098,453,21,1,69.32
1099,453,57,3,22.42
1100,453,9,3,247.25
1101,453,19,2,116.13
1102,454,30,1,30.51
1103,454,25,3,41.66
1104,455,30,3,28.98
1105,455,49,1,88.65
1106,455,10,3,236.19
1107,455,34,2,33.4
1108,456,24,3,42.02
1109,456,55,3,25.2
1110,456,39,3,59.27
1111,456,1,2,166.25
1112,457,27,3,58.96
1113,457,32,2,13.9
1114,457,12,3,120.17
1115,457,20,2,97.39
1116,458,36,3,10.41
1117,458,52,2,34.98
1118,459,1,2,166.25
1119,459,32,3,13.21
1120,459,41,3,116.68
1121,460,40,3,55.67
1122,461,59,3,24.67
1123,461,27,3,58.96
1124,461,12,3,120.17
1125,461,49,2,88.65
1126,462,57,3,22.42
1127,462,29,2,17.72
1128,462,13,1,71.35
1129,463,31,2,32.4
1130,463,14,2,39.32
1131,463,27,3,58.96
1132,464,12,1,120.17
1133,464,21,2,69.32
1134,464,20,2,102.52
1135,465,55,1,25.2
1136,466,11,1,58.94
1137,467,35,3,6.33
1138,467,33,1,35.23
1139,468,56,2,15.32
1140,468,46,3,158.69
1141,468,8,3,166.64
1142,468,35,2,6.33
1143,469,5,2,176.19
1144,469,54,2,5.57
1145,469,60,3,13.97
1146,470,22,2,41.98
1147,470,16,2,117.45
1148,470,37,2,13.06
1149,471,5,3,176.19
1150,472,30,3,28.98
1151,472,39,2,59.27
1152,473,40,2,58.6
1153,474,19,2,116.13
1154,475,56,2,15.32
1155,475,50,1,53.01
1156,476,45,3,174.61
1157,476,24,1,42.02
1158,477,34,3,35.16
1159,477,3,3,42.57
1160,477,55,1,25.2
1161,478,31,2,32.4
1162,478,28,3,9.66
1163,479,6,2,289.07
1164,480,32,3,13.9
1165,480,46,1,167.04
1166,480,24,3,42.02
1167,480,50,1,50.36
1168,481,15,2,40.43
1169,481,39,3,56.31
1170,481,60,1,13.97
1171,482,13,2,71.35
1172,482,58,1,20.39
1173,483,59,3,24.67
1174,484,5,1,176.19
1175,484,55,3,25.2
1176,484,58,2,21.46
1177,485,56,3,15.32
1178,485,42,1,76.5
1179,485,50,3,50.36
1180,486,26,1,84.32
1181,487,53,2,8.99
1182,487,46,2,167.04
1183,488,34,2,35.16
1184,488,22,1,41.98
1185,489,14,2,39.32
1186,489,8,2,166.64
1187,489,41,3,116.68
1188,490,53,1,8.99
1189,490,8,2,166.64
1190,491,46,1,167.04
1191,492,36,3,10.96
1192,492,32,1,13.21
1193,493,40,3,55.67
1194,493,22,1,41.98
1195,493,56,3,15.32
1196,493,37,3,13.06
1197,494,29,2,17.72
1198,494,24,3,42.02
1199,494,5,3,176.19
1200,494,4,2,343.75
1201,495,39,3,59.27
1202,495,6,3,289.07
1203,495,36,2,10.96
1204,496,18,1,124.11
1205,496,19,1,116.13
1206,497,56,3,15.32
1207,497,8,2,166.64
1208,497,42,3,76.5
1209,498,8,1,175.41
1210,498,60,1,13.97
1211,499,22,3,41.98
1212,499,8,3,175.41
1213,500,56,2,15.32
1214,500,7,3,97.14
1215,501,13,2,71.35
1216,501,21,2,69.32
1217,501,48,3,101.61
1218,501,44,2,75.69
1219,502,14,2,37.35
1220,502,29,3,16.83
1221,502,46,3,167.04
1222,502,44,2,75.69
1223,503,26,2,84.32
1224,504,20,3,102.52
1225,504,58,1,21.46
1226,505,51,2,5.07
1227,505,37,2,13.06
1228,505,4,1,343.75
1229,506,34,1,35.16
1230,506,47,3,130.34
1231,507,23,3,34.05
1232,507,58,3,21.46
1233,508,38,2,38.97
1234,508,56,2,14.55
1235,508,32,3,13.9
1236,508,14,3,39.32
1237,509,55,3,25.2
1238,509,52,3,34.98
1239,510,38,3,37.02
1240,511,29,2,17.72
1241,511,12,3,120.17
1242,511,30,2,30.51
1243,512,10,2,236.19
1244,512,45,3,174.61
1245,513,58,2,21.46
1246,513,34,3,35.16
1247,513,44,1,75.69
1248,513,25,2,41.66
1249,514,7,1,97.14
1250,514,22,2,41.98
1251,515,22,1,41.98
1252,516,42,3,76.5
1253,516,49,1,88.65
1254,516,38,1,37.02
1255,517,29,3,17.72
1256,517,44,2,75.69
1257,517,36,1,10.41
1258,518,15,1,42.56
1259,518,40,3,58.6
1260,519,57,2,22.42
1261,519,35,3,6.33
1262,519,54,1,5.86
1263,520,1,2,166.25
1264,520,51,3,5.07
1265,520,5,2,176.19
1266,521,33,3,35.23
1267,521,3,2,42.57
1268,522,57,1,21.3
1269,522,59,3,24.67
1270,522,33,1,35.23
1271,522,48,3,101.61
1272,523,14,2,39.32
1273,523,16,3,117.45
1274,523,17,2,63.23
1275,524,18,1,124.11
1276,524,58,2,21.46
1277,525,6,1,289.07
1278,525,2,1,118.54
1279,525,16,2,117.45
1280,526,18,2,124.11
1281,526,2,3,118.54
1282,526,36,3,10.96
1283,526,17,1,60.07
1284,527,40,3,58.6
1285,527,3,3,42.57
1286,527,60,2,13.97
1287,527,35,1,6.33
1288,528,24,1,42.02
1289,528,46,1,167.04
1290,529,25,3,41.66
1291,530,30,3,28.98
1292,531,40,3,58.6
1293,531,16,2,111.58
1294,531,14,3,39.32
1295,531,15,1,40.43
1296,532,58,2,21.46
1297,532,25,1,41.66
1298,532,32,3,13.9
1299,533,47,3,123.82
1300,534,7,1,97.14
1301,534,33,3,35.23
1302,534,53,2,8.54
1303,534,21,3,69.32
1304,535,54,3,5.86
1305,535,5,3,176.19
1306,535,10,2,236.19
1307,536,52,1,34.98
1308,537,5,2,176.19
1309,537,16,1,117.45
1310,537,44,2,75.69
1311,538,3,1,42.57
1312,538,56,3,15.32
1313,538,52,3,33.23
1314,538,36,2,10.96
1315,539,33,1,35.23
1316,539,45,1,174.61
1317,540,45,3,174.61
1318,541,21,3,69.32
1319,541,31,3,34.1
1320,541,16,2,117.45
1321,542,28,1,9.66
1322,542,33,3,35.23
1323,543,29,3,16.83
1324,543,59,2,24.67
1325,543,57,1,22.42
1326,543,58,2,20.39
1327,544,12,3,120.17
1328,544,57,3,22.42
1329,544,15,2,42.56
1330,545,9,2,234.89
1331,545,7,3,97.14
1332,546,20,1,102.52
1333,547,55,1,23.94
1334,547,52,3,34.98
1335,547,45,3,174.61
1336,548,60,2,13.97
1337,548,1,2,166.25
1338,548,47,3,130.34
1339,548,11,1,62.04
1340,549,39,1,59.27
1341,550,39,2,59.27
1342,551,28,1,9.18
1343,551,26,2,84.32
1344,551,18,2,124.11
1345,551,43,1,37.07
1346,552,55,3,25.2
1347,552,8,3,175.41
1348,553,31,3,34.1
1349,553,29,3,17.72
1350,554,16,3,117.45
1351,555,17,2,60.07
1352,556,41,3,116.68
1353,557,36,1,10.96
1354,558,10,3,236.19
1355,559,53,1,8.99
1356,559,33,2,35.23
1357,560,23,3,34.05
1358,561,28,2,9.66
1359,562,19,3,116.13
1360,563,12,3,120.17
1361,563,8,2,175.41
1362,564,21,2,69.32
1363,564,8,1,175.41
1364,564,39,2,59.27
1365,564,1,3,166.25
1366,565,23,1,34.05
1367,565,38,1,38.97
1368,566,42,2,76.5
1369,566,2,3,118.54
1370,567,27,1,58.96
1371,567,52,2,34.98
1372,567,14,2,39.32
1373,568,10,2,236.19
1374,568,35,2,6.33
1375,568,2,3,118.54
1376,569,58,1,21.46
1377,570,46,3,167.04
1378,571,27,3,56.01
1379,571,60,2,13.97
1380,571,1,1,166.25
1381,571,58,3,21.46
1382,572,39,2,59.27
1383,572,60,3,13.97
1384,572,21,1,69.32
1385,572,53,1,8.99
1386,573,35,3,6.33
1387,573,50,1,53.01
1388,573,52,3,34.98
1389,574,23,1,34.05
1390,574,29,2,17.72
1391,574,54,3,5.86
1392,575,3,1,40.44
1393,576,52,1,34.98
1394,577,19,2,116.13
1395,577,55,3,25.2
1396,577,16,1,117.45
1397,578,1,1,166.25
1398,579,42,2,72.67
1399,579,6,1,289.07
1400,580,60,3,13.97
1401,580,18,2,124.11
1402,580,39,3,59.27
1403,581,44,1,75.69
1404,581,49,2,88.65
1405,581,29,3,17.72
1406,582,36,2,10.96
1407,582,58,1,21.46
1408,582,47,3,130.34
1409,583,22,2,41.98
1410,583,6,2,289.07
1411,583,50,2,50.36
1412,583,2,2,118.54
1413,584,41,3,116.68
1414,585,38,3,38.97
1415,585,43,3,35.22
1416,585,45,1,174.61
1417,585,35,2,6.33
1418,586,23,2,34.05
1419,586,8,3,175.41
1420,586,13,3,67.78
1421,587,11,2,62.04
1422,587,53,1,8.99
1423,588,33,1,33.47
1424,588,36,2,10.96
1425,588,23,2,34.05
1426,588,22,3,41.98
1427,589,25,2,41.66
1428,589,50,1,53.01
1429,589,57,3,21.3
1430,590,45,1,174.61
1431,590,38,2,38.97
1432,591,10,1,224.38
1433,592,58,3,21.46
1434,592,7,3,97.14
1435,593,43,2,37.07
1436,594,21,1,69.32
1437,594,15,2,40.43
1438,594,50,2,53.01
1439,595,38,2,38.97
1440,595,3,1,42.57
1441,596,34,2,35.16
1442,596,11,1,62.04
1443,596,13,1,71.35
1444,596,55,2,25.2
1445,597,51,2,5.07
1446,597,42,2,76.5
1447,597,48,1,101.61
1448,598,34,3,35.16
1449,598,35,1,6.33
1450,598,38,1,38.97
1451,599,29,2,17.72
1452,599,20,2,97.39
1453,599,40,1,58.6
1454,600,7,2,92.28
1455,600,16,1,117.45
1456,600,12,1,120.17
1457,600,30,2,30.51
1458,601,34,2,35.16
1459,601,43,1,37.07
1460,601,2,1,112.61
1461,602,56,1,15.32
1462,602,7,1,97.14
1463,603,50,3,50.36
1464,603,46,1,167.04
1465,604,52,3,33.23
1466,604,40,3,58.6
1467,605,26,1,84.32
1468,605,51,1,5.07
1469,605,32,3,13.9
1470,605,4,1,343.75
1471,606,8,2,175.41
1472,606,57,2,22.42
1473,606,3,1,42.57
1474,607,14,1,39.32
1475,607,46,3,167.04
1476,607,53,1,8.99
1477,607,35,1,6.33
1478,608,9,3,247.25
1479,609,4,1,343.75
1480,609,9,2,247.25
1481,609,60,1,13.97
1482,610,3,1,40.44
1483,610,42,1,72.67
1484,610,51,3,5.07
1485,610,8,1,166.64
1486,611,14,2,39.32
1487,612,54,2,5.86
1488,612,5,3,167.38
1489,612,40,2,58.6
1490,613,17,1,63.23
1491,613,10,2,224.38
1492,614,55,1,25.2
1493,614,39,2,59.27
1494,614,51,2,5.07
1495,614,56,2,15.32
1496,615,60,1,13.97
1497,616,43,2,37.07
1498,616,24,2,42.02
1499,617,57,2,21.3
1500,618,33,3,35.23
1501,619,28,2,9.18
1502,620,31,2,34.1
1503,620,39,1,59.27
1504,621,32,3,13.9
1505,621,20,2,97.39
1506,621,31,1,34.1
1507,622,51,1,5.07
1508,623,52,3,33.23
1509,623,31,3,34.1
1510,623,44,1,75.69
1511,624,8,3,175.41
1512,625,1,2,166.25
1513,625,43,3,37.07
1514,626,50,3,53.01
1515,627,44,3,75.69
1516,628,50,1,50.36
1517,629,46,1,158.69
1518,629,32,3,13.9
1519,629,43,1,37.07
1520,629,1,1,166.25
1521,630,40,2,58.6
1522,631,37,2,13.06
1523,631,28,2,9.18
1524,631,10,2,224.38
1525,632,53,2,8.99
1526,632,18,1,117.9
1527,633,16,3,117.45
1528,633,14,3,39.32
1529,633,55,2,25.2
1530,633,35,3,6.01
1531,634,17,1,63.23
1532,635,20,3,102.52
1533,635,27,2,58.96
1534,635,46,1,167.04
1535,635,37,3,13.06
1536,636,6,3,274.62
1537,636,46,3,167.04
1538,637,28,3,9.66
1539,638,3,1,42.57
1540,638,8,3,175.41
1541,638,12,2,114.16
1542,639,53,2,8.99
1543,639,26,1,84.32
1544,640,51,2,5.07
1545,640,37,2,13.06
1546,640,54,1,5.86
1547,641,40,3,58.6
1548,641,30,2,30.51
1549,641,12,2,120.17
1550,641,11,1,62.04
1551,642,22,2,41.98
1552,642,7,3,92.28
1553,642,31,1,34.1
1554,642,26,3,84.32
1555,643,5,1,176.19
1556,643,32,1,13.9
1557,643,20,3,102.52
1558,644,6,1,289.07
1559,645,27,2,56.01
1560,645,14,3,39.32
1561,645,16,2,117.45
1562,646,38,1,38.97
1563,646,34,2,35.16
1564,646,44,1,75.69
1565,647,5,2,176.19
1566,647,35,3,6.33
1567,647,23,1,34.05
1568,648,32,3,13.9
1569,649,57,1,22.42
1570,650,45,3,174.61
1571,651,7,2,97.14
1572,651,44,1,75.69
1573,652,38,3,38.97
1574,652,54,2,5.86
1575,652,27,3,58.96
1576,652,60,3,13.97
1577,653,2,3,118.54
1578,653,27,3,58.96
1579,654,39,2,59.27
1580,655,9,1,247.25
1581,655,4,3,343.75
1582,656,3,2,42.57
1583,657,5,1,176.19
1584,657,39,3,59.27
1585,658,14,2,39.32
1586,658,52,2,34.98
1587,659,19,3,116.13
1588,659,23,2,34.05
1589,659,33,3,35.23
1590,660,19,3,116.13
1591,661,31,2,34.1
1592,662,42,3,76.5
1593,662,20,3,102.52
1594,662,37,3,13.06
1595,662,16,2,111.58
1596,663,59,3,24.67
1597,663,36,2,10.41
1598,663,47,3,130.34
1599,663,1,2,166.25
1600,664,60,2,13.97
1601,664,41,1,116.68
1602,664,30,2,30.51
1603,664,46,3,158.69
1604,665,11,2,62.04
1605,665,2,2,118.54
1606,665,30,1,30.51
1607,666,49,1,84.22
1608,666,37,1,12.41
1609,666,11,3,62.04
1610,666,27,2,58.96
1611,667,58,2,20.39
1612,667,53,2,8.99
1613,668,29,2,17.72
1614,668,16,3,117.45
1615,668,20,1,102.52
1616,668,17,1,63.23
1617,669,22,2,41.98
1618,669,56,1,15.32
1619,669,36,1,10.96
1620,670,28,3,9.66
1621,670,53,3,8.99
1622,670,22,1,41.98
1623,671,15,1,42.56
1624,672,20,1,102.52
1625,672,17,1,63.23
1626,672,49,1,88.65
1627,673,22,3,41.98
1628,673,8,3,175.41
1629,674,7,3,97.14
1630,674,19,2,116.13
1631,675,8,2,175.41
1632,675,35,1,6.33
1633,676,17,2,63.23
1634,676,60,2,13.97
1635,676,12,3,120.17
1636,676,3,2,42.57
1637,677,4,3,343.75
1638,677,44,1,71.91
1639,677,52,2,34.98
1640,678,29,1,16.83
1641,678,5,2,176.19
1642,679,41,1,116.68
1643,679,49,2,84.22
1644,680,7,2,97.14
1645,680,11,3,62.04
1646,681,43,1,37.07
1647,682,42,2,76.5
1648,682,59,1,24.67
1649,682,2,1,118.54
1650,682,30,1,28.98
1651,683,50,3,53.01
1652,684,11,2,62.04
1653,684,55,1,25.2
1654,685,51,2,5.07
1655,685,8,3,175.41
1656,685,18,1,124.11
1657,685,25,1,41.66
1658,686,28,1,9.66
1659,686,7,2,97.14
1660,686,52,1,34.98
1661,687,42,2,76.5
1662,687,31,1,34.1
1663,687,39,3,59.27
1664,687,55,3,23.94
1665,688,12,1,120.17
1666,688,2,2,112.61
1667,688,8,3,175.41
1668,688,41,3,116.68
1669,689,5,1,176.19
1670,689,54,3,5.86
1671,689,27,2,56.01
1672,689,2,1,118.54
1673,690,52,2,34.98
1674,691,13,3,71.35
1675,691,16,1,117.45
1676,691,6,2,289.07
1677,692,21,1,69.32
1678,693,31,1,34.1
1679,694,9,3,247.25
1680,694,55,3,25.2
1681,695,10,3,236.19
1682,695,60,1,13.27
1683,695,59,3,24.67
1684,696,32,3,13.9
1685,696,6,2,289.07
1686,697,6,2,289.07
1687,698,43,2,35.22
1688,699,30,2,30.51
1689,700,6,3,274.62
1690,701,18,1,124.11
1691,701,1,3,166.25
1692,701,2,3,112.61
1693,701,6,3,289.07
1694,702,12,3,120.17
1695,702,47,3,130.34
1696,703,14,2,39.32
1697,704,47,3,130.34
1698,704,55,2,25.2
1699,705,43,1,37.07
1700,705,29,1,17.72
1701,705,8,2,166.64
1702,706,58,2,21.46
1703,706,32,1,13.9
1704,707,56,3,15.32
1705,707,52,3,34.98
1706,708,23,2,34.05
1707,708,22,3,41.98
1708,708,6,2,289.07
1709,708,17,2,63.23
1710,709,17,2,63.23
1711,709,6,3,274.62
1712,709,51,2,5.07
1713,709,49,2,88.65
1714,710,12,3,120.17
1715,711,44,3,75.69
1716,711,54,2,5.86
1717,711,7,2,97.14
1718,711,58,3,21.46
1719,712,42,2,76.5
1720,713,2,2,118.54
1721,713,24,3,42.02
1722,713,50,1,50.36
1723,713,35,1,6.33
1724,714,2,3,112.61
1725,715,34,3,35.16
1726,716,28,1,9.66
1727,717,5,3,176.19
1728,718,32,3,13.9
1729,719,27,1,58.96
1730,719,19,3,116.13
1731,720,17,3,63.23
1732,720,56,3,14.55
1733,720,3,3,40.44
1734,720,54,2,5.86
1735,721,48,2,96.53
1736,721,39,2,56.31
1737,721,20,1,102.52
1738,721,26,1,84.32
1739,722,13,3,71.35
1740,722,3,2,42.57
1741,722,8,1,175.41
1742,722,56,1,14.55
1743,723,4,1,343.75
1744,724,42,3,72.67
1745,725,34,1,35.16
1746,725,16,2,117.45
1747,725,40,1,58.6
1748,726,56,1,15.32
1749,726,2,3,118.54
1750,727,3,1,42.57
1751,727,28,3,9.66
1752,727,48,2,101.61
1753,727,37,3,13.06
1754,728,23,3,34.05
1755,728,59,3,24.67
1756,728,2,2,112.61
1757,728,35,1,6.01
1758,729,52,3,34.98
1759,729,50,3,53.01
1760,730,5,3,176.19
1761,731,39,1,59.27
1762,731,32,1,13.21
1763,731,46,2,167.04
1764,731,33,3,35.23
1765,732,25,3,41.66
1766,732,50,3,53.01
1767,732,7,1,97.14
1768,732,31,2,34.1
1769,733,58,1,21.46
1770,733,51,1,5.07
1771,733,10,3,236.19
1772,733,14,2,39.32
1773,734,27,2,58.96
1774,734,4,1,343.75
1775,735,38,3,38.97
1776,735,45,1,174.61
1777,735,4,3,343.75
1778,735,50,1,50.36
1779,736,18,3,117.9
1780,736,11,1,58.94
1781,736,2,2,118.54
1782,736,8,3,166.64
1783,737,5,1,176.19
1784,738,32,1,13.9
1785,738,51,2,4.82
1786,739,37,2,12.41
1787,740,40,3,58.6
1788,740,28,1,9.66
1789,741,60,1,13.97
1790,742,15,2,42.56
1791,742,19,3,116.13
1792,742,41,3,116.68
1793,742,16,2,117.45
1794,743,12,2,120.17
1795,743,23,1,34.05
1796,743,34,1,35.16
1797,744,40,3,58.6
1798,745,30,3,30.51
1799,746,5,2,176.19
1800,746,37,2,13.06
1801,746,10,3,236.19
1802,746,32,1,13.9
1803,747,23,1,34.05
1804,748,46,2,167.04
1805,748,3,2,42.57
1806,748,21,1,69.32
1807,749,54,3,5.86
1808,749,37,3,13.06
1809,749,9,2,247.25
1810,750,44,1,71.91
1811,750,47,3,130.34
1812,750,11,1,62.04
1813,750,6,3,289.07
1814,751,27,1,58.96
1815,752,34,2,35.16
1816,752,14,1,39.32
1817,752,5,1,167.38
1818,753,32,3,13.9
1819,754,39,1,56.31
1820,754,56,2,15.32
1821,754,13,2,71.35
1822,755,2,2,118.54
1823,756,5,2,176.19
1824,756,27,2,58.96
1825,756,16,2,111.58
1826,757,56,2,15.32
1827,757,14,1,39.32
1828,758,30,1,30.51
1829,758,44,1,75.69
1830,758,3,1,40.44
1831,759,5,3,176.19
1832,759,59,1,24.67
1833,759,4,1,343.75
1834,759,26,1,84.32
1835,760,4,3,326.56
1836,760,58,1,21.46
1837,761,41,2,110.85
1838,761,58,3,21.46
1839,761,1,3,166.25
1840,761,15,2,42.56
1841,762,46,1,167.04
1842,762,39,1,59.27
1843,763,47,3,130.34
1844,763,30,3,30.51
1845,763,25,3,41.66
1846,764,35,3,6.33
1847,765,29,1,16.83
1848,765,17,1,63.23
1849,765,44,3,71.91
1850,766,35,1,6.33
1851,766,3,2,42.57
1852,766,60,2,13.97
1853,766,32,1,13.9
1854,767,16,2,111.58
1855,767,17,1,63.23
1856,768,17,2,60.07
1857,769,41,2,116.68
1858,769,47,2,130.34
1859,769,16,2,111.58
1860,769,12,1,120.17
1861,770,60,2,13.97
1862,770,33,1,33.47
1863,770,28,2,9.66
1864,770,37,1,13.06
1865,771,31,2,32.4
1866,771,38,2,38.97
1867,771,49,3,84.22
1868,771,46,3,167.04
1869,772,51,2,5.07
1870,772,49,2,88.65
1871,773,37,2,13.06
1872,773,11,2,62.04
1873,773,54,1,5.86
1874,773,46,2,167.04
1875,774,60,2,13.27
1876,775,54,2,5.86
1877,775,57,2,22.42
1878,776,45,2,174.61
1879,776,10,2,236.19
1880,776,6,1,289.07
1881,776,54,3,5.86
1882,777,33,2,35.23
1883,778,8,2,175.41
1884,778,45,3,174.61
1885,778,25,3,41.66
1886,778,4,2,343.75
1887,779,40,2,58.6
1888,779,52,1,34.98
1889,779,19,2,116.13
1890,780,9,3,247.25
1891,781,4,2,343.75
1892,781,35,2,6.33
1893,781,23,1,34.05
1894,781,15,1,42.56
1895,782,51,2,5.07
1896,782,56,2,15.32
1897,783,34,2,35.16
1898,783,22,2,41.98
1899,783,60,1,13.97
1900,784,3,3,42.57
1901,784,2,1,118.54
1902,784,46,2,158.69
1903,784,16,1,117.45
1904,785,56,3,15.32
1905,785,3,1,40.44
1906,786,4,3,343.75
1907,786,54,2,5.86
1908,787,53,2,8.99
1909,787,52,1,34.98
1910,788,21,1,65.85
1911,788,35,2,6.01
1912,788,7,1,92.28
1913,789,1,1,166.25
1914,790,9,3,234.89
1915,791,18,2,124.11
1916,791,17,1,63.23
1917,792,36,3,10.96
1918,792,23,1,34.05
1919,792,31,3,32.4
1920,793,13,1,71.35
1921,793,19,3,116.13
1922,794,5,2,176.19
1923,795,21,3,69.32
1924,795,24,1,42.02
1925,795,39,1,56.31
1926,796,33,2,35.23
1927,796,48,1,101.61
1928,796,37,2,12.41
1929,797,23,2,34.05
1930,798,9,3,234.89
1931,799,37,1,13.06
1932,799,2,2,118.54
1933,800,3,3,42.57
1934,801,34,1,35.16
1935,801,5,1,176.19
1936,801,32,1,13.9
1937,802,22,2,41.98
1938,802,53,3,8.54
1939,802,2,2,118.54
1940,803,2,2,118.54
1941,803,5,2,176.19
1942,803,32,3,13.9
1943,803,14,1,39.32
1944,804,39,2,59.27
1945,805,49,2,84.22
1946,805,1,2,166.25
1947,805,3,3,42.57
1948,805,40,3,58.6
1949,806,37,1,12.41
1950,806,23,3,34.05
1951,806,44,3,75.69
1952,807,60,2,13.97
1953,808,42,3,76.5
1954,809,18,2,124.11
1955,810,58,1,20.39
1956,811,57,2,22.42
1957,811,54,3,5.86
1958,812,47,2,130.34
1959,812,55,3,25.2
1960,812,37,2,13.06
1961,812,46,1,158.69
1962,813,18,1,124.11
1963,814,54,2,5.86
1964,814,59,1,24.67
1965,814,28,3,9.66
1966,815,4,2,343.75
1967,815,30,1,30.51
1968,815,6,3,289.07
1969,816,45,2,174.61
1970,817,29,1,17.72
1971,817,30,2,30.51
1972,818,36,2,10.96
1973,818,11,3,62.04
1974,818,48,3,101.61
1975,819,44,2,75.69
1976,820,57,1,21.3
1977,820,45,1,174.61
1978,820,1,1,166.25
1979,820,37,3,13.06
1980,821,26,1,84.32
1981,821,53,1,8.99
1982,822,7,3,97.14
1983,823,15,2,42.56
1984,823,11,1,62.04
1985,823,22,1,41.98
1986,824,5,3,176.19
1987,825,9,2,234.89
1988,825,37,1,13.06
1989,825,3,1,42.57
1990,826,44,1,75.69
1991,826,35,2,6.33
1992,826,12,1,120.17
1993,827,1,1,166.25
1994,828,23,1,34.05
1995,828,31,2,34.1
1996,829,49,1,88.65
1997,829,42,3,76.5
1998,829,55,3,25.2
1999,830,36,3,10.96
2000,830,52,3,34.98
2001,830,15,1,42.56
2002,831,50,1,53.01
2003,831,32,1,13.9
2004,831,12,2,120.17
2005,832,11,3,62.04
2006,832,45,1,174.61
2007,833,32,3,13.21
2008,834,16,1,117.45
2009,834,37,1,12.41
2010,834,43,1,37.07
2011,834,41,1,116.68
2012,835,16,2,117.45
2013,835,41,3,110.85
2014,835,56,2,15.32
2015,835,1,1,166.25
2016,836,7,3,97.14
2017,837,29,1,17.72
2018,837,43,1,35.22
2019,837,13,3,71.35
2020,837,3,2,42.57
2021,838,26,1,84.32
2022,839,53,1,8.99
2023,839,37,2,13.06
2024,839,36,3,10.96
2025,840,5,1,176.19
2026,841,34,1,35.16
2027,841,14,3,39.32
2028,841,30,1,30.51
2029,841,50,3,53.01
2030,842,4,3,343.75
2031,842,22,1,41.98
2032,843,10,2,236.19
2033,843,28,2,9.66
2034,843,47,2,130.34
2035,844,4,3,343.75
2036,844,5,1,167.38
2037,844,26,2,84.32
2038,845,46,2,167.04
2039,846,48,2,101.61
2040,846,55,3,25.2
2041,846,23,1,34.05
2042,847,2,1,118.54
2043,847,17,2,60.07
2044,847,60,3,13.97
2045,847,36,3,10.96
2046,848,20,3,102.52
2047,848,40,2,58.6
2048,849,26,2,84.32
2049,849,2,3,118.54
2050,849,6,2,289.07
2051,849,23,3,34.05
2052,850,43,2,37.07
2053,850,21,2,69.32
2054,850,32,1,13.9
2055,851,7,2,97.14
2056,851,41,3,116.68
2057,851,28,1,9.18
2058,851,26,3,84.32
2059,852,49,3,88.65
2060,852,46,3,167.04
2061,852,50,1,53.01
2062,853,9,3,247.25
2063,853,7,3,92.28
2064,854,30,3,30.51
2065,854,45,1,174.61
2066,854,37,1,13.06
2067,854,54,1,5.86
2068,855,53,2,8.99
2069,855,37,3,13.06
2070,855,28,2,9.66
2071,856,42,3,76.5
2072,856,30,1,30.51
2073,856,60,1,13.97
2074,857,30,2,28.98
2075,858,57,3,22.42
2076,858,5,2,176.19
2077,859,57,1,22.42
2078,859,28,2,9.66
2079,860,12,1,120.17
2080,860,38,3,38.97
2081,860,24,2,42.02
2082,861,19,3,116.13
2083,861,7,1,97.14
2084,861,53,1,8.99
2085,861,54,2,5.86
2086,862,28,2,9.66
2087,862,7,1,97.14
2088,862,26,1,84.32
2089,862,12,1,120.17
2090,863,2,2,118.54
2091,863,29,1,17.72
2092,864,58,3,20.39
2093,864,28,2,9.66
2094,864,52,1,34.98
2095,865,5,1,176.19
2096,865,49,1,84.22
2097,865,7,3,97.14
2098,866,57,3,22.42
2099,866,25,1,41.66
2100,867,38,1,38.97
2101,867,54,2,5.86
2102,867,43,3,37.07
2103,867,51,1,5.07
2104,868,51,1,5.07
2105,868,57,3,22.42
2106,869,37,1,13.06
2107,870,46,3,167.04
2108,871,36,1,10.96
2109,871,17,2,63.23
2110,871,9,2,247.25
2111,872,56,3,15.32
2112,872,11,2,62.04
2113,872,1,1,166.25
2114,873,20,3,102.52
2115,873,33,3,35.23
2116,873,21,2,69.32
2117,873,10,2,224.38
2118,874,59,3,24.67
2119,874,58,3,21.46
2120,874,29,1,17.72
2121,875,21,2,69.32
2122,875,9,2,247.25
2123,875,29,3,17.72
2124,875,20,3,97.39
2125,876,54,3,5.86
2126,876,20,2,102.52
2127,876,15,1,42.56
2128,877,1,1,166.25
2129,878,29,2,17.72
2130,878,27,1,58.96
2131,879,15,2,42.56
2132,879,54,2,5.57
2133,879,23,1,34.05
2134,880,35,2,6.33
2135,880,54,2,5.86
2136,880,4,2,343.75
2137,880,16,3,117.45
2138,881,12,3,114.16
2139,881,22,2,41.98
2140,881,57,2,22.42
2141,882,7,2,97.14
2142,882,44,1,71.91
2143,882,9,3,247.25
2144,882,40,3,58.6
2145,883,23,3,34.05
2146,883,10,1,236.19
2147,884,14,3,39.32
2148,884,28,3,9.66
2149,885,17,2,63.23
2150,885,1,1,166.25
2151,885,52,1,34.98
2152,885,58,1,21.46
2153,886,29,3,17.72
2154,886,48,1,101.61
2155,887,18,3,124.11
2156,887,47,2,130.34
2157,887,25,3,41.66
2158,887,43,1,37.07
2159,888,57,1,22.42
2160,888,14,1,39.32
2161,888,8,3,175.41
2162,888,20,2,97.39
2163,889,16,3,117.45
2164,889,20,1,102.52
2165,889,21,3,69.32
2166,890,4,3,343.75
2167,890,45,1,174.61
2168,891,30,1,30.51
2169,891,24,1,42.02
2170,892,13,1,67.78
2171,892,16,2,111.58
2172,892,14,3,37.35
2173,893,59,3,24.67
2174,894,25,3,41.66
2175,894,29,3,17.72
2176,895,53,3,8.99
2177,895,33,3,35.23
2178,895,9,3,247.25
2179,895,55,2,25.2
2180,896,55,1,25.2
2181,896,43,1,35.22
2182,896,15,3,42.56
2183,897,35,1,6.33
2184,897,48,1,96.53
2185,897,7,2,97.14
2186,897,45,1,174.61
2187,898,3,1,42.57
2188,899,40,2,58.6
2189,899,8,1,175.41
2190,899,35,3,6.33
2191,899,45,2,165.88
2192,900,12,1,114.16
2193,900,41,1,110.85
2194,900,6,1,289.07
2195,901,9,3,247.25
2196,902,17,3,60.07
2197,902,34,3,35.16
2198,902,37,3,13.06
2199,903,52,3,34.98
2200,903,36,3,10.96
2201,903,32,1,13.9
2202,904,22,3,41.98
2203,904,56,3,15.32
2204,904,46,1,158.69
2205,905,40,3,58.6
2206,905,55,1,23.94
2207,906,20,2,97.39
2208,906,36,3,10.96
2209,906,46,1,167.04
2210,906,15,1,42.56
2211,907,1,1,166.25
2212,907,58,3,20.39
2213,908,6,2,289.07
2214,908,57,3,22.42
2215,908,36,1,10.96
2216,908,32,1,13.9
2217,909,60,3,13.97
2218,909,48,1,101.61
2219,909,28,2,9.66
2220,909,26,2,84.32
2221,910,12,2,120.17
2222,910,48,1,96.53
2223,911,40,1,58.6
2224,911,45,1,165.88
2225,911,41,2,116.68
2226,912,51,2,5.07
2227,913,20,3,102.52
2228,914,42,2,72.67
2229,914,4,2,343.75
2230,914,25,1,41.66
2231,914,50,2,53.01
2232,915,30,3,30.51
2233,915,56,2,14.55
2234,916,51,1,5.07
2235,917,53,1,8.99
2236,917,7,3,97.14
2237,917,42,2,76.5
2238,917,32,2,13.9
2239,918,23,1,32.35
2240,918,29,3,16.83
2241,918,48,1,101.61
2242,918,55,3,25.2
2243,919,4,1,343.75
2244,919,37,2,13.06
2245,920,36,3,10.96
2246,920,38,3,38.97
2247,921,47,3,130.34
2248,921,38,3,38.97
2249,922,26,3,84.32
2250,922,52,2,34.98
2251,922,14,1,39.32
2252,922,13,2,71.35
2253,923,38,2,38.97
2254,924,38,2,38.97
2255,924,47,2,130.34
2256,924,9,3,234.89
2257,925,55,1,25.2
2258,925,15,1,42.56
2259,925,10,3,224.38
2260,926,6,2,289.07
2261,926,45,2,174.61
2262,926,36,2,10.96
2263,927,22,3,41.98
2264,927,35,2,6.33
2265,928,29,1,16.83
2266,928,12,3,120.17
2267,928,45,3,174.61
2268,929,38,1,38.97
2269,929,51,3,5.07
2270,929,24,1,42.02
2271,930,25,3,41.66
2272,930,46,1,167.04
2273,931,55,3,25.2
2274,931,26,1,80.1
2275,931,43,3,35.22
2276,932,31,3,34.1
2277,933,30,2,30.51
2278,933,31,3,34.1
2279,933,35,3,6.33
2280,934,29,1,17.72
2281,935,23,1,34.05
2282,935,51,3,5.07
2283,935,57,2,22.42
2284,935,19,2,116.13
2285,936,30,3,30.51
2286,937,60,2,13.27
2287,937,52,2,33.23
2288,937,11,3,58.94
2289,938,27,2,58.96
2290,938,46,2,167.04
2291,938,47,2,130.34
2292,938,49,1,88.65
2293,939,41,2,116.68
2294,940,45,2,174.61
2295,940,60,3,13.97
2296,940,29,2,17.72
2297,940,22,2,41.98
2298,941,48,1,101.61
2299,941,40,2,58.6
2300,941,44,3,75.69
2301,942,43,2,35.22
2302,942,9,1,247.25
2303,942,18,3,124.11
2304,943,55,2,23.94
2305,943,1,1,166.25
2306,943,59,1,23.44
2307,943,12,2,114.16
2308,944,50,1,53.01
2309,945,11,3,62.04
2310,945,40,2,58.6
2311,946,48,2,101.61
2312,947,44,1,75.69
2313,947,52,3,34.98
2314,948,8,2,175.41
2315,949,51,2,5.07
2316,949,52,3,34.98
2317,950,8,3,175.41
2318,951,10,1,236.19
2319,951,59,3,24.67
2320,951,56,2,15.32
2321,951,35,3,6.33
2322,952,5,2,176.19
2323,952,33,2,35.23
2324,953,43,1,37.07
2325,954,60,3,13.97
2326,954,15,1,42.56
2327,955,13,2,71.35
2328,955,44,1,75.69
2329,955,6,3,289.07
2330,955,35,3,6.33
2331,956,27,3,58.96
2332,956,16,2,111.58
2333,957,7,3,97.14
2334,958,1,1,166.25
2335,958,51,3,5.07
2336,959,14,3,39.32
2337,959,58,2,20.39
2338,960,57,1,22.42
2339,960,1,2,166.25
2340,961,45,3,174.61
2341,962,8,2,175.41
2342,962,20,2,97.39
2343,962,40,2,58.6
2344,963,32,3,13.9
2345,963,21,2,69.32
2346,963,3,3,42.57
2347,963,51,1,5.07
2348,964,8,1,175.41
2349,964,43,2,37.07
2350,964,42,1,76.5
2351,965,54,1,5.86
2352,965,46,3,167.04
2353,966,53,1,8.99
2354,966,23,3,34.05
2355,966,25,3,41.66
2356,967,35,3,6.33
2357,967,54,3,5.86
2358,967,11,3,62.04
2359,967,24,3,42.02
2360,968,3,3,42.57
2361,968,34,3,35.16
2362,968,57,2,22.42
2363,968,56,2,14.55
2364,969,49,1,88.65
2365,969,3,2,42.57
2366,969,19,3,116.13
2367,969,5,2,176.19
2368,970,52,3,34.98
2369,971,19,2,116.13
2370,972,21,2,69.32
2371,973,3,3,40.44
2372,973,9,1,247.25
2373,973,18,1,124.11
2374,974,18,3,124.11
2375,974,53,3,8.99
2376,974,38,2,37.02
2377,974,58,1,20.39
2378,975,12,2,120.17
2379,976,5,3,176.19
2380,976,24,2,39.92
2381,976,21,3,69.32
2382,977,12,3,120.17
2383,978,25,3,41.66
2384,978,31,3,34.1
2385,978,10,3,236.19
2386,978,16,2,117.45
2387,979,52,3,34.98
2388,979,17,2,63.23
2389,979,38,1,38.97
2390,980,37,3,13.06
2391,980,19,3,116.13
2392,980,41,3,116.68
2393,981,36,1,10.96
2394,982,20,2,102.52
2395,983,43,1,37.07
2396,983,46,1,167.04
2397,983,28,3,9.66
2398,983,31,1,34.1
2399,984,35,2,6.01
2400,984,6,1,289.07
2401,984,12,3,120.17
2402,984,16,1,117.45
2403,985,9,3,247.25
2404,985,16,1,117.45
2405,985,25,1,39.58
2406,985,48,3,101.61
2407,986,2,2,118.54
2408,986,38,1,38.97
2409,987,40,1,58.6
2410,988,8,2,175.41
2411,988,9,3,247.25
2412,988,43,1,37.07
2413,988,25,2,41.66
2414,989,31,1,34.1
2415,989,51,3,5.07
2416,990,57,2,22.42
2417,991,43,1,37.07
2418,991,14,2,39.32
2419,992,1,2,166.25
2420,992,5,2,176.19
2421,992,12,3,114.16
2422,992,60,2,13.97
2423,993,56,1,15.32
2424,993,60,2,13.97
2425,993,42,2,76.5
2426,993,34,2,35.16
2427,994,52,1,34.98
2428,995,10,2,236.19
2429,996,33,3,33.47
2430,996,31,3,34.1
2431,996,23,3,34.05
2432,997,47,2,130.34
2433,997,32,2,13.21
2434,997,56,2,15.32
2435,997,33,2,35.23
2436,998,55,2,25.2
2437,999,19,2,116.13
2438,1000,13,1,71.35
2439,1000,5,2,167.38
2440,1001,32,2,13.9
2441,1001,12,2,120.17
2442,1001,47,1,123.82
2443,1001,27,3,58.96
2444,1002,44,2,75.69
2445,1002,45,1,174.61
2446,1002,21,2,65.85
2447,1003,55,3,25.2
2448,1003,29,3,17.72
2449,1004,45,1,174.61
2450,1005,42,1,76.5
2451,1006,4,3,343.75
2452,1006,9,1,234.89
2453,1006,42,2,76.5
2454,1007,41,2,116.68
2455,1007,40,1,58.6
2456,1007,20,2,102.52
2457,1008,3,2,42.57
2458,1009,12,1,120.17
2459,1009,14,2,39.32
2460,1009,34,1,35.16
2461,1010,7,1,97.14
2462,1010,46,2,167.04
2463,1010,37,1,13.06
2464,1011,5,2,167.38
2465,1011,22,2,39.88
2466,1012,6,1,289.07
2467,1013,59,2,24.67
2468,1014,8,2,175.41
2469,1014,11,1,58.94
2470,1014,26,3,84.32
2471,1015,38,3,38.97
2472,1016,35,3,6.33
2473,1016,12,1,120.17
2474,1016,55,2,25.2
2475,1016,42,2,76.5
2476,1017,24,2,39.92
2477,1017,33,2,33.47
2478,1018,41,1,116.68
2479,1018,47,3,123.82
2480,1018,10,3,236.19
2481,1018,2,3,118.54
2482,1019,6,2,289.07
2483,1019,1,1,157.94
2484,1019,24,1,42.02
2485,1020,24,3,39.92
2486,1020,48,1,101.61
2487,1021,34,2,35.16
2488,1021,32,1,13.9
2489,1021,57,3,22.42
2490,1022,6,2,289.07
2491,1022,56,2,15.32
2492,1022,12,3,114.16
2493,1023,35,1,6.33
2494,1024,28,2,9.66
2495,1024,53,2,8.99
2496,1025,4,3,343.75
2497,1026,41,2,116.68
2498,1026,36,1,10.96
2499,1026,9,1,234.89
2500,1027,24,3,42.02
2501,1028,24,2,42.02
2502,1028,34,2,35.16
2503,1028,53,2,8.99
2504,1029,3,1,42.57
2505,1029,8,2,175.41
2506,1029,55,2,25.2
2507,1029,29,2,17.72
2508,1030,18,3,124.11
2509,1030,37,3,13.06
2510,1030,55,1,25.2
2511,1031,3,1,40.44
2512,1031,41,2,116.68
2513,1031,35,1,6.01
2514,1031,10,2,236.19
2515,1032,1,1,166.25
2516,1032,8,2,175.41
2517,1032,33,1,35.23
2518,1032,32,2,13.9
2519,1033,11,3,58.94
2520,1033,13,2,71.35
2521,1034,55,1,25.2
2522,1034,34,3,35.16
2523,1034,2,3,118.54
2524,1035,58,3,21.46
2525,1035,30,2,30.51
2526,1035,36,1,10.96
2527,1035,49,3,88.65
2528,1036,25,2,39.58
2529,1036,38,3,37.02
2530,1037,17,1,63.23
2531,1038,47,3,130.34
2532,1038,8,2,175.41
2533,1038,9,2,247.25
2534,1038,53,2,8.99
2535,1039,25,2,41.66
2536,1040,5,3,176.19
2537,1040,50,2,53.01
2538,1041,59,3,24.67
2539,1042,45,2,174.61
2540,1042,1,3,166.25
2541,1042,39,1,59.27
2542,1042,19,1,116.13
2543,1043,59,1,23.44
2544,1043,26,2,84.32
2545,1043,44,2,75.69
2546,1044,11,2,62.04
2547,1044,21,1,69.32
2548,1045,18,2,124.11
2549,1046,37,2,13.06
2550,1047,16,2,117.45
2551,1047,11,3,62.04
2552,1047,5,1,176.19
2553,1047,43,1,35.22
2554,1048,33,2,35.23
2555,1048,2,2,118.54
2556,1048,42,3,76.5
2557,1049,34,1,33.4
2558,1049,45,3,174.61
2559,1049,32,2,13.9
2560,1049,2,3,118.54
2561,1050,52,3,34.98
2562,1050,3,1,42.57
2563,1050,20,2,102.52
2564,1050,10,1,236.19
2565,1051,53,1,8.99
2566,1051,40,3,58.6
2567,1052,47,2,130.34
2568,1052,9,2,234.89
2569,1053,51,3,5.07
2570,1053,49,1,88.65
2571,1053,35,3,6.33
2572,1053,56,3,15.32
2573,1054,26,2,84.32
2574,1054,14,3,39.32
2575,1054,32,1,13.9
2576,1055,60,3,13.97
2577,1055,17,1,63.23
2578,1056,20,3,102.52
2579,1056,38,1,38.97
2580,1057,32,2,13.9
2581,1057,49,1,88.65
2582,1057,43,3,35.22
2583,1058,16,3,111.58
2584,1059,21,2,69.32
2585,1059,45,2,174.61
2586,1060,34,3,33.4
2587,1060,20,1,102.52
2588,1060,5,2,176.19
2589,1060,13,2,71.35
2590,1061,46,3,167.04
2591,1061,23,3,32.35
2592,1061,20,3,97.39
2593,1062,32,1,13.9
2594,1063,46,2,167.04
2595,1064,18,3,124.11
2596,1065,25,1,39.58
2597,1065,1,1,166.25
2598,1065,9,1,234.89
2599,1065,4,1,343.75
2600,1066,7,2,97.14
2601,1066,58,2,21.46
2602,1066,46,1,167.04
2603,1067,25,1,41.66
2604,1067,49,2,88.65
2605,1067,57,2,21.3
2606,1068,24,2,42.02
2607,1068,18,1,117.9
2608,1068,35,3,6.33
2609,1068,21,2,69.32
2610,1069,21,2,69.32
2611,1069,40,2,58.6
2612,1069,52,3,34.98
2613,1070,22,1,41.98
2614,1070,12,2,114.16
2615,1071,50,2,53.01
2616,1071,22,2,41.98
2617,1071,18,2,124.11
2618,1072,58,1,21.46
2619,1072,38,1,38.97
2620,1072,25,2,41.66
2621,1073,13,3,71.35
2622,1074,57,1,22.42
2623,1075,48,1,101.61
2624,1075,17,2,63.23
2625,1075,19,1,116.13
2626,1076,59,2,24.67
2627,1076,33,2,35.23
2628,1076,32,3,13.9
2629,1077,50,3,50.36
2630,1077,25,3,41.66
2631,1077,32,2,13.9
2632,1078,39,1,56.31
2633,1078,18,3,124.11
2634,1078,25,3,41.66
2635,1078,42,3,76.5
2636,1079,52,2,34.98
2637,1079,15,1,40.43
2638,1080,8,2,175.41
2639,1081,2,2,118.54
2640,1081,47,2,130.34
2641,1081,59,1,24.67
2642,1081,39,2,59.27
2643,1082,18,1,124.11
2644,1083,39,1,59.27
2645,1083,33,2,35.23
2646,1084,33,3,35.23
2647,1085,28,1,9.66
2648,1086,58,3,21.46
2649,1086,22,2,41.98
2650,1086,35,3,6.33
2651,1086,10,3,236.19
2652,1087,15,3,40.43
2653,1088,1,3,166.25
2654,1088,55,1,25.2
2655,1088,39,2,59.27
2656,1089,44,2,75.69
2657,1089,24,1,42.02
2658,1089,41,1,116.68
2659,1089,46,3,167.04
2660,1090,5,3,167.38
2661,1090,20,3,102.52
2662,1091,55,1,25.2
2663,1091,41,2,116.68
2664,1091,39,3,56.31
2665,1092,21,3,69.32
2666,1092,29,2,17.72
2667,1093,29,2,17.72
2668,1093,38,3,38.97
2669,1093,56,2,15.32
2670,1093,20,1,102.52
2671,1094,33,1,35.23
2672,1094,20,2,102.52
2673,1094,43,1,37.07
2674,1095,34,1,35.16
2675,1095,10,2,236.19
2676,1096,59,2,24.67
2677,1096,9,1,247.25
2678,1096,46,3,167.04
2679,1097,17,2,63.23
2680,1098,47,3,130.34
2681,1099,32,3,13.9
2682,1099,53,2,8.54
2683,1099,2,2,118.54
2684,1100,60,2,13.97
2685,1100,59,2,23.44
2686,1100,16,1,117.45
2687,1100,47,3,130.34
2688,1101,43,3,35.22
2689,1102,55,3,25.2
2690,1103,53,3,8.99
2691,1104,20,3,102.52
2692,1104,51,3,5.07
2693,1104,54,3,5.86
2694,1104,9,1,247.25
2695,1105,14,2,39.32
2696,1105,17,3,63.23
2697,1105,42,2,76.5
2698,1105,30,2,28.98
2699,1106,28,3,9.66
2700,1106,11,2,62.04
2701,1106,38,2,38.97
2702,1106,57,3,22.42
2703,1107,45,2,165.88
2704,1107,30,3,28.98
2705,1107,10,1,224.38
2706,1107,16,2,117.45
2707,1108,15,3,42.56
2708,1108,41,1,116.68
2709,1108,43,1,35.22
2710,1108,57,2,22.42
2711,1109,6,2,274.62
2712,1109,57,2,21.3
2713,1109,29,3,17.72
2714,1109,18,1,124.11
2715,1110,24,2,42.02
2716,1110,34,1,35.16
2717,1110,17,3,63.23
2718,1110,39,2,59.27
2719,1111,31,1,34.1
2720,1112,4,3,343.75
2721,1112,7,1,97.14
2722,1113,60,1,13.97
2723,1113,21,1,69.32
2724,1113,22,1,41.98
2725,1113,49,3,88.65
2726,1114,11,3,62.04
2727,1115,53,3,8.54
2728,1115,22,1,41.98
2729,1115,52,2,33.23
2730,1116,25,2,41.66
2731,1116,31,3,34.1
2732,1116,39,2,59.27
2733,1117,12,3,120.17
2734,1117,26,1,84.32
2735,1117,3,1,42.57
2736,1118,50,1,53.01
2737,1118,5,3,176.19
2738,1118,10,2,236.19
2739,1119,16,1,111.58
2740,1119,26,2,84.32
2741,1119,7,3,92.28
2742,1120,25,1,41.66
2743,1120,46,1,167.04
2744,1120,47,3,130.34
2745,1120,12,2,120.17
2746,1121,49,2,88.65
2747,1122,49,1,88.65
2748,1122,30,2,30.51
2749,1122,47,2,130.34
2750,1123,3,1,42.57
2751,1123,16,3,117.45
2752,1123,4,3,343.75
2753,1124,15,1,40.43
2754,1124,52,1,34.98
2755,1125,38,2,38.97
2756,1126,27,1,58.96
2757,1127,38,3,38.97
2758,1128,16,1,117.45
2759,1128,19,2,110.32
2760,1129,28,1,9.18
2761,1130,29,3,17.72
2762,1130,48,3,101.61
2763,1130,22,1,41.98
2764,1130,1,2,166.25
2765,1131,15,1,40.43
2766,1131,1,1,166.25
2767,1132,23,3,34.05
2768,1132,35,3,6.33
2769,1132,60,3,13.97
2770,1133,33,1,35.23
2771,1133,8,1,175.41
2772,1134,60,2,13.97
2773,1135,56,2,15.32
2774,1135,2,3,118.54
2775,1135,15,1,42.56
2776,1135,30,1,30.51
2777,1136,58,2,21.46
2778,1136,27,1,58.96
2779,1137,2,1,118.54
2780,1137,16,1,117.45
2781,1137,40,3,58.6
2782,1138,7,2,97.14
2783,1138,56,2,15.32
2784,1139,20,2,102.52
2785,1139,38,3,38.97
2786,1139,14,2,39.32
2787,1139,57,1,22.42
2788,1140,51,1,5.07
2789,1141,55,1,25.2
2790,1141,7,3,97.14
2791,1141,34,1,33.4
2792,1141,39,1,59.27
2793,1142,39,1,56.31
2794,1142,3,2,42.57
2795,1142,50,2,53.01
2796,1142,15,2,42.56
2797,1143,20,3,97.39
2798,1144,35,2,6.33
2799,1145,22,3,41.98
2800,1145,7,2,97.14
2801,1145,53,1,8.54
2802,1146,41,2,110.85
2803,1146,10,1,236.19
2804,1147,29,1,17.72
2805,1147,46,1,158.69
2806,1147,50,3,53.01
2807,1148,10,3,224.38
2808,1148,6,1,289.07
2809,1148,48,1,101.61
2810,1149,14,2,39.32
2811,1149,52,2,34.98
2812,1150,9,2,247.25
2813,1151,41,1,116.68
2814,1151,52,3,34.98
2815,1151,27,1,56.01
2816,1151,15,1,42.56
2817,1152,19,1,116.13
2818,1153,4,1,326.56
2819,1153,15,1,42.56
2820,1154,14,1,39.32
2821,1154,43,3,37.07
2822,1154,45,1,165.88
2823,1154,60,1,13.97
2824,1155,34,1,35.16
2825,1155,19,3,116.13
2826,1155,43,3,37.07
2827,1156,18,3,124.11
2828,1156,25,3,39.58
2829,1157,49,2,88.65
2830,1157,40,3,58.6
2831,1157,22,2,41.98
2832,1157,51,2,5.07
2833,1158,36,1,10.96
2834,1158,25,2,41.66
2835,1158,11,2,62.04
2836,1158,4,2,343.75
2837,1159,16,1,117.45
2838,1159,57,2,22.42
2839,1159,26,2,84.32
2840,1159,52,1,34.98
2841,1160,53,3,8.54
2842,1161,11,2,62.04
2843,1161,5,1,176.19
2844,1161,42,1,76.5
2845,1161,28,2,9.66
2846,1162,47,3,130.34
2847,1162,25,2,41.66
2848,1162,60,2,13.97
2849,1162,28,3,9.66
2850,1163,41,1,116.68
2851,1163,58,1,21.46
2852,1164,8,3,175.41
2853,1165,31,3,34.1
2854,1166,55,2,25.2
2855,1167,19,2,110.32
2856,1167,18,3,124.11
2857,1167,27,2,58.96
2858,1167,4,1,343.75
2859,1168,57,2,22.42
2860,1168,22,3,41.98
2861,1168,18,2,124.11
2862,1168,41,3,116.68
2863,1169,38,1,38.97
2864,1169,49,1,84.22
2865,1170,21,3,69.32
2866,1171,39,1,56.31
2867,1171,19,1,116.13
2868,1172,9,1,247.25
2869,1173,6,1,289.07
2870,1174,59,3,24.67
2871,1175,58,2,21.46
2872,1175,44,1,75.69
2873,1175,36,3,10.96
2874,1176,26,3,80.1
2875,1176,56,1,15.32
2876,1176,52,3,34.98
2877,1176,36,2,10.96
2878,1177,56,2,15.32
2879,1177,50,2,53.01
2880,1177,59,2,24.67
2881,1177,31,2,34.1
2882,1178,6,2,289.07
2883,1178,16,3,117.45
2884,1179,36,3,10.96
2885,1179,24,2,42.02
2886,1179,18,1,124.11
2887,1180,40,2,55.67
2888,1180,4,3,343.75
2889,1181,47,2,130.34
2890,1181,43,2,35.22
2891,1181,53,2,8.99
2892,1181,42,2,76.5
2893,1182,34,2,35.16
2894,1182,58,1,21.46
2895,1182,27,2,56.01
2896,1183,59,3,24.67
2897,1183,48,2,101.61
2898,1183,24,1,42.02
2899,1183,6,3,289.07
2900,1184,49,1,88.65
2901,1184,38,1,38.97
2902,1185,1,3,157.94
2903,1186,17,2,63.23
2904,1186,33,3,35.23
2905,1187,41,2,116.68
2906,1188,19,2,116.13
2907,1188,54,3,5.86
2908,1189,7,3,97.14
2909,1189,51,1,5.07
2910,1190,45,3,174.61
2911,1190,5,2,176.19
2912,1190,51,3,5.07
2913,1191,13,2,71.35
2914,1191,56,1,15.32
2915,1191,51,3,5.07
2916,1191,27,3,58.96
2917,1192,24,2,39.92
2918,1192,15,3,42.56
2919,1192,25,2,41.66
2920,1192,10,1,236.19
2921,1193,55,1,25.2
2922,1194,48,2,101.61
2923,1194,29,3,17.72
2924,1194,36,3,10.96
2925,1194,19,2,116.13
2926,1195,31,2,34.1
2927,1195,16,2,117.45
2928,1195,55,2,25.2
2929,1196,44,2,75.69
2930,1196,20,3,97.39
2931,1197,53,1,8.99
2932,1197,29,3,17.72
2933,1197,48,2,101.61
2934,1197,11,3,62.04
2935,1198,6,3,289.07
2936,1198,29,1,17.72
2937,1199,6,3,289.07
2938,1199,48,1,96.53
2939,1199,40,1,58.6
2940,1200,48,1,101.61
2941,1201,4,2,343.75
2942,1201,20,1,102.52
2943,1201,16,3,117.45
2944,1201,38,3,37.02
2945,1202,23,2,34.05
2946,1202,43,1,35.22
2947,1202,33,1,35.23
2948,1202,22,2,41.98
2949,1203,41,2,116.68
2950,1203,25,3,41.66
2951,1204,56,2,15.32
2952,1204,30,3,30.51
2953,1205,19,1,116.13
2954,1205,11,1,62.04
2955,1206,22,3,41.98
2956,1207,42,3,76.5
2957,1207,21,3,69.32
2958,1208,22,1,41.98
2959,1208,19,3,116.13
2960,1209,15,3,42.56
2961,1209,13,3,71.35
2962,1209,35,2,6.33
2963,1210,8,1,175.41
2964,1210,17,1,63.23
2965,1210,56,2,15.32
2966,1210,14,3,39.32
2967,1211,5,1,176.19
2968,1212,1,2,166.25
2969,1212,37,2,13.06
2970,1212,16,3,117.45
2971,1212,29,2,17.72
2972,1213,10,3,236.19
2973,1214,60,2,13.27
2974,1214,43,2,37.07
2975,1215,1,2,166.25
2976,1216,57,3,22.42
2977,1216,36,2,10.96
2978,1217,43,3,37.07
2979,1217,2,1,118.54
2980,1217,33,2,35.23
2981,1218,21,3,69.32
2982,1219,57,1,21.3
2983,1219,6,2,289.07
2984,1220,41,2,116.68
2985,1220,40,1,58.6
2986,1221,27,2,58.96
2987,1222,19,1,116.13
2988,1222,7,1,97.14
2989,1223,53,3,8.99
2990,1224,39,3,59.27
2991,1224,51,1,5.07
2992,1224,2,3,118.54
2993,1224,6,1,274.62
2994,1225,56,2,14.55
2995,1225,26,3,84.32
2996,1225,43,3,37.07
2997,1226,25,1,41.66
2998,1226,44,3,75.69
2999,1226,58,2,21.46
3000,1226,48,2,101.61
3001,1227,55,2,23.94
3002,1227,53,1,8.99
3003,1227,39,2,59.27
3004,1228,43,1,37.07
3005,1228,54,1,5.86
3006,1229,31,1,34.1
3007,1229,44,3,75.69
3008,1230,19,1,116.13
3009,1230,58,1,21.46
3010,1230,15,3,42.56
3011,1230,37,2,13.06
3012,1231,57,2,21.3
3013,1232,40,1,58.6
3014,1232,1,1,166.25
3015,1232,41,3,110.85
3016,1233,41,1,116.68
3017,1233,49,3,88.65
3018,1233,47,2,123.82
3019,1234,26,3,84.32
3020,1234,4,1,343.75
3021,1234,29,3,17.72
3022,1235,12,2,120.17
3023,1235,17,1,63.23
3024,1235,37,3,13.06
3025,1235,58,1,21.46
3026,1236,44,2,75.69
3027,1236,60,3,13.97
3028,1236,1,1,166.25
3029,1236,58,3,21.46
3030,1237,46,3,167.04
3031,1238,14,2,37.35
3032,1238,30,2,30.51
3033,1238,55,1,25.2
3034,1238,3,2,42.57
3035,1239,57,2,22.42
3036,1239,59,2,24.67
3037,1239,3,1,42.57
3038,1240,9,2,247.25
3039,1240,53,3,8.99
3040,1241,33,3,35.23
3041,1242,31,3,34.1
3042,1242,29,2,17.72
3043,1242,2,3,118.54
3044,1242,23,3,34.05
3045,1243,44,1,71.91
3046,1243,36,2,10.96
3047,1243,11,1,62.04
3048,1244,43,2,37.07
3049,1244,40,3,55.67
3050,1245,21,1,65.85
3051,1245,1,3,166.25
3052,1245,31,2,32.4
3053,1245,44,2,75.69
3054,1246,57,1,22.42
3055,1246,54,2,5.86
3056,1247,56,1,15.32
3057,1248,43,3,37.07
3058,1248,15,1,42.56
3059,1248,35,1,6.33
3060,1249,24,2,39.92
3061,1249,52,1,34.98
3062,1249,36,3,10.96
3063,1249,1,2,166.25
3064,1250,55,3,25.2
3065,1250,25,2,39.58
3066,1251,49,1,88.65
3067,1251,8,1,175.41
3068,1252,28,2,9.66
3069,1252,43,1,37.07
3070,1252,12,3,120.17
3071,1252,52,1,34.98
3072,1253,21,1,69.32
3073,1253,19,3,116.13
3074,1253,8,2,175.41
3075,1253,33,3,33.47
3076,1254,11,3,62.04
3077,1254,21,3,69.32
3078,1254,47,3,130.34
3079,1254,4,1,343.75
3080,1255,60,1,13.27
3081,1255,11,3,62.04
3082,1255,32,2,13.9
3083,1255,30,3,30.51
3084,1256,51,2,5.07
3085,1256,20,3,102.52
3086,1257,42,3,72.67
3087,1258,15,3,40.43
3088,1259,15,3,42.56
3089,1259,60,1,13.97
3090,1260,35,1,6.33
3091,1260,52,2,34.98
3092,1260,54,3,5.86
3093,1261,37,3,13.06
3094,1261,23,3,34.05
3095,1261,49,1,88.65
3096,1261,48,1,101.61
3097,1262,10,3,236.19
3098,1263,47,2,130.34
3099,1263,48,3,101.61
3100,1263,49,3,88.65
3101,1263,34,2,35.16
3102,1264,26,1,84.32
3103,1264,18,3,124.11
3104,1264,15,1,42.56
3105,1265,51,1,5.07
3106,1266,1,2,166.25
3107,1266,29,2,17.72
3108,1267,1,1,166.25
3109,1267,44,3,75.69
3110,1267,29,1,17.72
3111,1267,24,1,42.02
3112,1268,59,1,24.67
3113,1269,32,3,13.9
3114,1270,22,1,41.98
3115,1270,3,3,42.57
3116,1270,9,3,247.25
3117,1270,24,2,42.02
3118,1271,20,1,102.52
3119,1271,16,3,117.45
3120,1271,28,1,9.66
3121,1271,56,1,15.32
3122,1272,37,3,13.06
3123,1273,24,2,42.02
3124,1273,41,3,116.68
3125,1273,23,3,34.05
3126,1274,55,2,25.2
3127,1274,1,3,166.25
3128,1274,6,1,289.07
3129,1274,3,3,42.57
3130,1275,51,3,5.07
3131,1276,41,3,116.68
3132,1276,46,1,158.69
3133,1276,49,1,88.65
3134,1277,9,1,247.25
3135,1277,14,2,39.32
3136,1277,40,1,58.6
3137,1278,37,3,13.06
3138,1278,55,2,25.2
3139,1278,41,2,110.85
3140,1279,8,3,175.41
3141,1279,50,1,53.01
3142,1279,14,2,39.32
3143,1280,19,1,116.13
3144,1281,51,3,5.07
3145,1281,39,2,56.31
3146,1282,4,1,326.56
3147,1282,7,3,97.14
3148,1283,57,2,22.42
3149,1283,13,3,67.78
3150,1284,45,1,174.61
3151,1285,40,1,58.6
3152,1285,29,2,16.83
3153,1286,10,1,236.19
3154,1286,24,1,42.02
3155,1287,12,2,120.17
3156,1287,50,1,53.01
3157,1287,54,1,5.57
3158,1288,47,1,130.34
3159,1288,16,3,117.45
3160,1288,37,1,13.06
3161,1289,45,3,174.61
3162,1290,25,1,41.66
3163,1290,55,3,23.94
3164,1290,44,2,75.69
3165,1291,54,2,5.86
3166,1291,10,2,236.19
3167,1291,15,2,42.56
3168,1292,5,3,176.19
3169,1292,50,2,53.01
3170,1292,36,2,10.96
3171,1293,22,2,41.98
3172,1294,12,1,120.17
3173,1294,39,3,56.31
3174,1294,22,3,41.98
3175,1295,20,1,102.52
3176,1296,42,2,76.5
3177,1296,17,3,63.23
3178,1296,31,2,32.4
3179,1296,22,1,41.98
3180,1297,48,2,101.61
3181,1298,25,1,41.66
3182,1298,14,1,39.32
3183,1298,26,3,80.1
3184,1299,31,3,34.1
3185,1299,18,3,124.11
3186,1300,30,2,30.51
3187,1301,52,3,34.98
3188,1301,15,1,42.56
3189,1301,50,1,53.01
3190,1301,35,3,6.33
3191,1302,46,2,167.04
3192,1303,52,1,33.23
3193,1303,44,2,75.69
3194,1303,33,3,35.23
3195,1303,36,1,10.96
3196,1304,43,2,37.07
3197,1304,47,1,130.34
3198,1305,15,1,42.56
3199,1305,5,3,176.19
3200,1305,48,2,96.53
3201,1306,37,2,13.06
3202,1306,51,2,5.07
3203,1306,23,2,34.05
3204,1307,44,1,75.69
3205,1307,33,1,35.23
3206,1307,23,1,34.05
3207,1308,47,3,130.34
3208,1308,6,3,289.07
3209,1308,28,2,9.66
3210,1309,7,2,97.14
3211,1309,55,3,23.94
3212,1310,20,2,102.52
3213,1310,19,2,116.13
3214,1311,48,2,101.61
3215,1312,14,1,39.32
3216,1313,54,2,5.86
3217,1313,2,2,118.54
3218,1313,8,2,166.64
3219,1314,1,1,166.25
3220,1315,33,1,35.23
3221,1315,13,3,67.78
3222,1315,28,2,9.66
3223,1315,29,2,17.72
3224,1316,36,1,10.96
3225,1316,40,2,58.6
3226,1316,33,3,35.23
3227,1317,31,3,34.1
3228,1317,14,1,39.32
3229,1317,54,2,5.86
3230,1317,29,1,17.72
3231,1318,30,2,28.98
3232,1319,56,3,15.32
3233,1319,47,2,130.34
3234,1320,30,3,30.51
3235,1320,42,3,76.5
3236,1321,31,3,34.1
3237,1321,14,1,39.32
3238,1321,28,2,9.66
3239,1322,19,3,116.13
3240,1323,55,1,25.2
3241,1323,50,3,53.01
3242,1323,10,2,236.19
3243,1323,45,1,174.61
3244,1324,60,2,13.97
3245,1324,43,3,37.07
3246,1324,34,1,33.4
3247,1325,49,1,88.65
3248,1325,19,1,116.13
3249,1326,25,1,41.66
3250,1326,22,2,41.98
3251,1326,20,1,102.52
3252,1327,41,3,116.68
3253,1327,21,1,69.32
3254,1327,57,3,22.42
3255,1328,18,3,124.11
3256,1328,35,2,6.33
3257,1328,57,1,22.42
3258,1328,30,2,30.51
3259,1329,9,2,247.25
3260,1330,51,2,5.07
3261,1330,12,1,120.17
3262,1330,53,2,8.99
3263,1330,10,2,236.19
3264,1331,8,2,175.41
3265,1331,6,3,289.07
3266,1331,26,1,84.32
3267,1331,31,2,32.4
3268,1332,5,3,176.19
3269,1333,34,3,33.4
3270,1333,35,3,6.01
3271,1334,7,1,97.14
3272,1335,20,2,102.52
3273,1335,25,3,41.66
3274,1335,6,1,289.07
3275,1336,50,3,53.01
3276,1336,2,1,118.54
3277,1336,15,2,42.56
3278,1337,7,2,92.28
3279,1338,41,2,116.68
3280,1338,29,1,16.83
3281,1339,10,1,236.19
3282,1339,31,1,32.4
3283,1339,29,2,16.83
3284,1340,21,1,69.32
3285,1340,9,2,247.25
3286,1340,33,1,35.23
3287,1341,34,3,33.4
3288,1341,32,3,13.9
3289,1341,24,3,39.92
3290,1342,54,3,5.86
3291,1342,18,2,124.11
3292,1343,51,1,5.07
3293,1344,48,3,101.61
3294,1344,58,3,20.39
3295,1344,49,2,88.65
3296,1345,29,3,17.72
3297,1345,7,3,97.14
3298,1346,19,3,116.13
3299,1346,37,3,13.06
3300,1347,5,3,176.19
3301,1347,49,2,88.65
3302,1347,52,3,34.98
3303,1348,60,2,13.97
3304,1348,38,2,38.97
3305,1349,39,3,56.31
3306,1349,56,2,15.32
3307,1350,30,3,30.51
3308,1351,49,3,88.65
3309,1352,50,1,53.01
3310,1352,30,1,30.51
3311,1352,1,1,166.25
3312,1353,8,3,166.64
3313,1353,43,1,37.07
3314,1354,15,3,42.56
3315,1354,22,3,41.98
3316,1354,19,1,116.13
3317,1354,41,2,116.68
3318,1355,27,3,58.96
3319,1356,24,2,42.02
3320,1356,43,3,37.07
3321,1356,50,3,50.36
3322,1356,53,1,8.99
3323,1357,2,1,118.54
3324,1358,17,3,63.23
3325,1358,18,1,124.11
3326,1358,5,1,176.19
3327,1359,17,1,60.07
3328,1359,58,3,21.46
3329,1359,57,3,22.42
3330,1360,59,1,24.67
3331,1361,9,1,247.25
3332,1362,43,3,37.07
3333,1362,25,3,41.66
3334,1362,50,1,53.01
3335,1363,57,1,22.42
3336,1363,29,3,17.72
3337,1364,26,1,84.32
3338,1365,31,3,32.4
3339,1365,11,3,62.04
3340,1366,55,1,25.2
3341,1366,23,1,32.35
3342,1366,32,3,13.9
3343,1366,8,1,175.41
3344,1367,56,3,15.32
3345,1367,57,3,21.3
3346,1367,22,3,41.98
3347,1367,53,2,8.99
3348,1368,60,2,13.97
3349,1369,30,3,30.51
3350,1369,3,3,42.57
3351,1369,42,2,76.5
3352,1370,26,2,84.32
3353,1371,48,1,101.61
3354,1371,2,1,118.54
3355,1371,41,3,116.68
3356,1371,9,3,247.25
3357,1372,2,3,118.54
3358,1372,58,1,21.46
3359,1373,55,2,25.2
3360,1373,51,1,5.07
3361,1374,6,1,289.07
3362,1375,23,2,34.05
3363,1375,31,2,34.1
3364,1375,57,2,22.42
3365,1376,53,1,8.54
3366,1376,15,2,40.43
3367,1377,16,1,117.45
3368,1377,19,3,116.13
3369,1377,2,2,118.54
3370,1377,45,1,174.61
3371,1378,4,3,343.75
3372,1378,17,2,63.23
3373,1378,31,1,34.1
3374,1379,28,3,9.66
3375,1379,38,3,38.97
3376,1379,4,2,343.75
3377,1379,36,1,10.96
3378,1380,44,3,75.69
3379,1381,6,1,289.07
3380,1381,8,1,166.64
3381,1381,49,3,88.65
3382,1381,36,3,10.41
3383,1382,18,2,124.11
3384,1382,48,2,101.61
3385,1382,19,2,116.13
3386,1383,41,3,116.68
3387,1383,39,3,59.27
3388,1383,59,3,24.67
3389,1384,22,1,39.88
3390,1384,13,1,71.35
3391,1384,9,2,247.25
3392,1385,36,2,10.96
3393,1385,26,3,84.32
3394,1385,49,2,84.22
3395,1385,48,3,101.61
3396,1386,44,3,75.69
3397,1386,42,2,76.5
3398,1386,56,1,14.55
3399,1387,4,1,343.75
3400,1387,16,1,117.45
3401,1387,17,3,63.23
3402,1388,38,1,38.97
3403,1389,30,2,30.51
3404,1389,25,3,41.66
3405,1389,56,1,15.32
3406,1390,51,1,5.07
3407,1390,26,1,84.32
3408,1390,34,3,35.16
3409,1390,8,2,166.64
3410,1391,2,1,118.54
3411,1392,32,2,13.21
3412,1392,40,3,58.6
3413,1393,55,1,25.2
3414,1393,20,1,102.52
3415,1393,13,3,71.35
3416,1393,17,3,63.23
3417,1394,15,3,42.56
3418,1395,19,2,116.13
3419,1396,56,3,15.32
3420,1397,1,1,166.25
3421,1398,14,3,39.32
3422,1398,34,3,35.16
3423,1399,7,1,97.14
3424,1400,14,3,39.32
3425,1401,21,1,69.32
3426,1401,32,1,13.9
3427,1401,46,1,167.04
3428,1401,31,3,34.1
3429,1402,41,1,116.68
3430,1402,26,2,84.32
3431,1402,5,3,176.19
3432,1403,10,1,236.19
3433,1404,56,1,15.32
3434,1404,58,3,21.46
3435,1405,40,2,58.6
3436,1405,59,3,24.67
3437,1405,57,2,22.42
3438,1405,47,2,130.34
3439,1406,45,1,174.61
3440,1407,45,1,174.61
3441,1408,47,2,123.82
3442,1408,12,1,120.17
3443,1408,8,3,175.41
3444,1408,37,1,13.06
3445,1409,52,3,34.98
3446,1409,58,1,21.46
3447,1410,7,3,97.14
3448,1410,55,1,25.2
3449,1410,35,1,6.33
3450,1410,33,1,35.23
3451,1411,27,1,58.96
3452,1412,14,3,39.32
3453,1412,22,2,41.98
3454,1413,16,1,117.45
3455,1414,20,1,102.52
3456,1414,15,2,42.56
3457,1414,41,3,116.68
3458,1415,52,1,34.98
3459,1415,5,2,176.19
3460,1415,2,3,118.54
3461,1415,6,1,289.07
3462,1416,60,2,13.97
3463,1416,49,2,88.65
3464,1416,57,2,22.42
3465,1417,51,2,5.07
3466,1418,41,3,110.85
3467,1418,8,1,175.41
3468,1418,11,3,62.04
3469,1419,43,3,37.07
3470,1419,29,3,17.72
3471,1420,59,2,24.67
3472,1420,22,3,41.98
3473,1420,56,1,15.32
3474,1421,18,2,124.11
3475,1421,15,1,42.56
3476,1422,47,1,130.34
3477,1423,18,3,124.11
3478,1423,47,3,130.34
3479,1423,38,2,37.02
3480,1423,3,3,42.57
3481,1424,17,1,63.23
3482,1424,36,2,10.41
3483,1424,14,3,37.35
3484,1425,3,1,42.57
3485,1425,58,3,20.39
3486,1425,22,3,41.98
3487,1425,40,2,58.6
3488,1426,38,2,38.97
3489,1426,11,2,62.04
3490,1427,16,1,117.45
3491,1428,46,2,167.04
3492,1428,56,2,15.32
3493,1429,32,2,13.9
3494,1430,15,2,42.56
3495,1431,18,2,124.11
3496,1432,60,3,13.97
3497,1432,10,3,236.19
3498,1432,1,2,166.25
3499,1433,2,1,118.54
3500,1434,52,2,33.23
3501,1435,60,2,13.97
3502,1435,50,3,53.01
3503,1435,10,2,236.19
3504,1436,43,1,35.22
3505,1436,23,3,34.05
3506,1436,55,1,25.2
3507,1437,21,1,69.32
3508,1437,10,3,224.38
3509,1438,2,2,118.54
3510,1438,17,3,63.23
3511,1438,7,1,97.14
3512,1439,30,1,30.51
3513,1439,31,3,34.1
3514,1439,8,1,175.41
3515,1440,31,3,34.1
3516,1440,16,1,117.45
3517,1440,41,1,116.68
3518,1441,60,3,13.97
3519,1441,57,2,22.42
3520,1441,9,2,247.25
3521,1441,39,3,59.27
3522,1442,48,1,101.61
3523,1442,37,3,12.41
3524,1443,47,1,130.34
3525,1443,3,3,42.57
3526,1444,32,1,13.21
3527,1444,57,2,22.42
3528,1445,47,2,130.34
3529,1445,41,2,116.68
3530,1445,43,2,37.07
3531,1446,60,3,13.97
3532,1446,24,3,42.02
3533,1446,3,3,42.57
3534,1447,27,1,58.96
3535,1447,31,3,34.1
3536,1447,10,2,236.19
3537,1447,30,1,30.51
3538,1448,58,1,21.46
3539,1448,33,3,33.47
3540,1448,60,2,13.97
3541,1448,24,3,42.02
3542,1449,46,3,167.04
3543,1449,45,2,174.61
3544,1450,12,1,114.16
3545,1450,33,1,35.23
3546,1450,52,1,33.23
3547,1450,3,3,40.44
3548,1451,13,2,71.35
3549,1451,1,2,166.25
3550,1451,41,1,116.68
3551,1452,24,2,42.02
3552,1452,20,1,102.52
3553,1452,29,3,17.72
3554,1453,44,2,75.69
3555,1454,20,3,97.39
3556,1454,35,1,6.33
3557,1454,8,2,175.41
3558,1454,11,3,62.04
3559,1455,44,3,75.69
3560,1455,52,2,34.98
3561,1456,12,3,120.17
3562,1457,57,3,22.42
3563,1457,24,2,42.02
3564,1457,21,2,69.32
3565,1458,1,2,166.25
3566,1458,16,2,117.45
3567,1459,13,3,71.35
3568,1459,52,2,33.23
3569,1460,37,3,13.06
3570,1461,21,3,69.32
3571,1461,11,2,58.94
3572,1462,32,1,13.9
3573,1462,43,3,35.22
3574,1463,15,1,42.56
3575,1463,2,1,118.54
3576,1463,36,2,10.96
3577,1463,9,2,247.25
3578,1464,16,3,111.58
3579,1464,32,2,13.9
3580,1464,36,2,10.41
3581,1464,55,1,25.2
3582,1465,27,2,58.96
3583,1466,38,3,38.97
3584,1466,46,2,167.04
3585,1466,60,3,13.97
3586,1467,18,3,124.11
3587,1467,59,1,24.67
3588,1467,31,1,34.1
3589,1467,35,2,6.33
3590,1468,26,2,84.32
3591,1468,16,3,111.58
3592,1469,48,2,96.53
3593,1470,2,3,118.54
3594,1471,59,3,23.44
3595,1471,33,1,35.23
3596,1471,46,1,158.69
3597,1471,23,2,34.05
3598,1472,9,3,247.25
3599,1472,1,1,166.25
3600,1473,43,2,37.07
3601,1474,1,3,166.25
3602,1474,54,2,5.86
3603,1474,60,2,13.97
3604,1474,53,2,8.99
3605,1475,39,3,59.27
3606,1475,36,2,10.41
3607,1475,6,1,289.07
3608,1476,39,3,56.31
3609,1476,4,1,343.75
3610,1476,42,2,76.5
3611,1476,9,2,247.25
3612,1477,40,1,58.6
3613,1477,59,2,24.67
3614,1478,37,3,13.06
3615,1478,2,1,118.54
3616,1478,4,2,343.75
3617,1478,44,1,75.69
3618,1479,25,1,41.66
3619,1480,38,2,38.97
3620,1480,24,2,42.02
3621,1481,45,3,174.61
3622,1481,57,3,22.42
3623,1482,35,1,6.33
3624,1483,54,2,5.86
3625,1484,54,3,5.86
3626,1484,46,3,167.04
3627,1484,12,2,120.17
3628,1484,35,1,6.33
3629,1485,33,1,35.23
3630,1486,27,3,58.96
3631,1486,4,3,343.75
3632,1486,39,2,59.27
3633,1487,57,1,22.42
3634,1488,18,1,124.11
3635,1488,40,3,58.6
3636,1489,47,3,130.34
3637,1489,32,1,13.9
3638,1490,23,3,34.05
3639,1491,8,3,175.41
3640,1491,15,3,42.56
3641,1491,51,1,5.07
3642,1491,41,3,116.68
3643,1492,47,2,130.34
3644,1492,40,1,58.6
3645,1492,38,3,38.97
3646,1492,57,1,21.3
3647,1493,23,2,34.05
3648,1493,59,1,24.67
3649,1493,49,2,88.65
3650,1494,21,1,65.85
3651,1495,33,3,35.23
3652,1495,13,1,71.35
3653,1495,48,1,101.61
3654,1496,37,2,13.06
3655,1496,4,2,343.75
3656,1496,27,3,58.96
3657,1496,47,3,130.34
3658,1497,13,3,67.78
3659,1498,38,2,38.97
3660,1499,20,1,102.52
3661,1499,28,1,9.66
3662,1499,19,2,116.13
3663,1500,58,2,21.46
3664,1500,1,1,166.25
3665,1500,15,1,40.43
3666,1501,19,1,116.13
3667,1501,2,3,112.61
3668,1502,40,1,58.6
3669,1502,57,2,22.42
3670,1502,16,2,117.45
3671,1502,3,3,42.57
3672,1503,11,3,58.94
3673,1503,12,1,114.16
3674,1503,41,3,110.85
3675,1504,15,1,42.56
3676,1504,39,1,59.27
3677,1504,59,1,23.44
3678,1505,48,1,101.61
3679,1505,49,3,88.65
3680,1505,5,1,176.19
3681,1505,16,2,117.45
3682,1506,27,1,56.01
3683,1506,48,1,96.53
3684,1506,33,1,33.47
3685,1507,33,3,35.23
3686,1507,48,2,101.61
3687,1507,26,1,84.32
3688,1508,5,1,176.19
3689,1508,52,1,34.98
3690,1508,8,3,166.64
3691,1508,21,3,69.32
3692,1509,33,1,33.47
3693,1509,7,2,97.14
3694,1509,42,1,76.5
3695,1509,11,1,62.04
3696,1510,18,3,117.9
3697,1510,39,1,59.27
3698,1510,34,2,35.16
3699,1511,49,3,88.65
3700,1511,22,1,41.98
3701,1511,54,1,5.86
3702,1511,36,2,10.96
3703,1512,42,1,76.5
3704,1512,1,1,166.25
3705,1512,18,3,124.11
3706,1512,31,1,34.1
3707,1513,43,3,37.07
3708,1514,40,2,58.6
3709,1515,58,2,21.46
3710,1515,60,2,13.97
3711,1516,56,3,15.32
3712,1516,22,1,41.98
3713,1516,6,1,289.07
3714,1516,50,1,53.01
3715,1517,47,2,130.34
3716,1518,59,2,24.67
3717,1518,31,2,34.1
3718,1518,6,3,289.07
3719,1519,36,3,10.96
3720,1519,15,2,42.56
3721,1519,50,3,50.36
3722,1519,3,3,40.44
3723,1520,34,2,35.16
3724,1520,38,2,38.97
3725,1520,25,1,41.66
3726,1521,46,2,167.04
3727,1521,1,3,157.94
3728,1521,17,3,63.23
3729,1522,6,3,274.62
3730,1522,51,2,5.07
3731,1522,8,2,175.41
3732,1522,39,3,56.31
3733,1523,2,3,112.61
3734,1524,21,2,69.32
3735,1525,22,2,41.98
3736,1525,50,3,53.01
3737,1525,54,3,5.86
3738,1526,18,2,124.11
3739,1526,3,3,42.57
3740,1527,29,2,17.72
3741,1528,52,2,34.98
3742,1529,12,3,120.17
3743,1529,57,3,22.42
3744,1530,12,1,120.17
3745,1530,20,2,102.52
3746,1530,26,1,84.32
3747,1530,37,2,13.06
3748,1531,7,2,97.14
3749,1531,3,3,42.57
3750,1531,57,3,22.42
3751,1532,5,3,167.38
3752,1532,7,1,97.14
3753,1533,45,1,174.61
3754,1534,5,1,167.38
3755,1534,13,1,71.35
3756,1534,34,3,35.16
3757,1534,25,1,39.58
3758,1535,21,3,69.32
3759,1535,37,3,13.06
3760,1535,53,2,8.54
3761,1536,50,3,53.01
3762,1537,37,3,13.06
3763,1538,39,1,59.27
3764,1538,48,2,96.53
3765,1538,15,1,42.56
3766,1538,46,3,167.04
3767,1539,2,3,118.54
3768,1540,53,3,8.99
3769,1541,57,3,22.42
3770,1541,17,1,60.07
3771,1542,35,1,6.33
3772,1542,53,1,8.99
3773,1543,43,3,35.22
3774,1544,9,2,247.25
3775,1544,18,3,124.11
3776,1545,54,2,5.86
3777,1545,58,3,21.46
3778,1545,33,2,35.23
3779,1546,33,1,35.23
3780,1546,1,2,166.25
3781,1546,48,1,101.61
3782,1547,7,3,97.14
3783,1547,44,1,75.69
3784,1547,43,3,37.07
3785,1548,10,2,236.19
3786,1549,46,3,167.04
3787,1550,48,3,101.61
3788,1550,45,1,174.61
3789,1551,26,3,84.32
3790,1551,50,2,53.01
3791,1552,44,1,71.91
3792,1553,4,3,343.75
3793,1553,60,1,13.97
3794,1553,51,1,5.07
3795,1554,4,1,326.56
3796,1554,12,3,114.16
3797,1555,41,3,110.85
3798,1555,31,2,34.1
3799,1555,3,1,42.57
3800,1556,45,3,174.61
3801,1556,38,2,38.97
3802,1556,28,2,9.66
3803,1557,38,2,38.97
3804,1557,27,3,58.96
3805,1557,54,1,5.86
3806,1557,52,1,34.98
3807,1558,46,3,167.04
3808,1558,48,1,101.61
3809,1559,7,1,97.14
3810,1559,20,3,102.52
3811,1560,47,3,130.34
3812,1561,4,1,343.75
3813,1561,13,1,71.35
3814,1561,22,3,39.88
3815,1562,35,2,6.33
3816,1562,21,1,69.32
3817,1562,41,3,116.68
3818,1563,20,1,102.52
3819,1563,54,1,5.86
3820,1563,36,3,10.96
3821,1564,47,1,130.34
3822,1564,41,1,116.68
3823,1564,7,3,97.14
3824,1565,13,3,71.35
3825,1565,2,1,118.54
3826,1565,26,1,84.32
3827,1565,22,1,41.98
3828,1566,8,2,166.64
3829,1566,27,3,58.96
3830,1566,57,3,22.42
3831,1566,2,1,118.54
3832,1567,54,2,5.86
3833,1567,17,3,63.23
3834,1568,31,2,34.1
3835,1568,38,1,38.97
3836,1568,51,2,4.82
3837,1568,49,3,88.65
3838,1569,30,2,30.51
3839,1569,4,3,343.75
3840,1569,57,1,22.42
3841,1570,44,2,75.69
3842,1570,7,2,97.14
3843,1570,20,3,97.39
3844,1570,40,3,55.67
3845,1571,49,1,88.65
3846,1571,28,2,9.66
3847,1571,3,1,42.57
3848,1572,55,3,23.94
3849,1573,56,3,15.32
3850,1573,44,2,75.69
3851,1573,10,2,236.19
3852,1573,32,2,13.9
3853,1574,33,1,35.23
3854,1574,38,3,38.97
3855,1575,27,3,58.96
3856,1575,29,2,17.72
3857,1575,10,3,236.19
3858,1576,40,3,58.6
3859,1576,58,2,20.39
3860,1576,53,1,8.99
3861,1577,16,2,117.45
3862,1577,30,1,30.51
3863,1578,28,1,9.66
3864,1579,22,2,41.98
3865,1580,37,2,13.06
3866,1580,55,3,25.2
3867,1581,31,1,34.1
3868,1581,56,2,15.32
3869,1581,48,1,101.61
3870,1581,57,1,22.42
3871,1582,12,1,120.17
3872,1582,50,1,53.01
3873,1582,2,2,118.54
3874,1582,19,2,116.13
3875,1583,56,3,15.32
3876,1583,55,1,25.2
3877,1584,24,1,42.02
3878,1584,10,2,236.19
3879,1584,49,1,88.65
3880,1584,43,1,37.07
3881,1585,42,3,76.5
3882,1585,20,3,97.39
3883,1586,18,2,124.11
3884,1586,3,1,40.44
3885,1587,19,2,116.13
3886,1587,30,3,30.51
3887,1587,2,1,118.54
3888,1587,16,3,117.45
3889,1588,14,2,37.35
3890,1588,20,1,102.52
3891,1589,12,1,120.17
3892,1590,29,3,17.72
3893,1590,44,3,75.69
3894,1591,51,3,5.07
3895,1592,60,2,13.97
3896,1592,11,2,58.94
3897,1593,8,1,175.41
3898,1593,40,3,55.67
3899,1593,52,3,34.98
3900,1594,30,1,30.51
3901,1594,47,1,130.34
3902,1594,59,2,24.67
3903,1594,3,2,42.57
3904,1595,26,1,84.32
3905,1596,22,3,41.98
3906,1596,37,1,13.06
3907,1596,20,1,97.39
3908,1596,1,2,166.25
3909,1597,23,1,34.05
3910,1597,7,2,97.14
3911,1598,37,3,13.06
3912,1598,40,3,58.6
3913,1598,55,2,25.2
3914,1599,33,3,33.47
3915,1599,22,1,41.98
3916,1600,30,2,30.51
3917,1600,58,2,21.46
3918,1600,7,1,97.14
3919,1600,18,3,124.11
3920,1601,35,2,6.33
3921,1601,54,1,5.86
3922,1601,25,3,41.66
3923,1601,20,2,102.52
3924,1602,22,2,41.98
3925,1602,48,3,101.61
3926,1602,8,1,175.41
3927,1603,36,3,10.96
3928,1603,37,1,12.41
3929,1603,19,3,116.13
3930,1604,57,3,21.3
3931,1604,17,1,63.23
3932,1605,7,1,97.14
3933,1605,25,1,39.58
3934,1606,54,2,5.86
3935,1606,43,1,37.07
3936,1606,4,2,343.75
3937,1606,52,2,34.98
3938,1607,60,1,13.97
3939,1608,55,1,25.2
3940,1609,29,2,16.83
3941,1609,17,1,63.23
3942,1609,26,2,80.1
3943,1609,18,3,124.11
3944,1610,10,3,236.19
3945,1611,2,1,118.54
3946,1611,10,3,236.19
3947,1611,46,3,167.04
3948,1612,15,2,42.56
3949,1612,37,1,13.06
3950,1612,4,1,343.75
3951,1612,26,1,84.32
3952,1613,48,1,101.61
3953,1614,6,3,289.07
3954,1615,5,1,167.38
3955,1615,48,1,101.61
3956,1616,21,3,69.32
3957,1616,9,2,247.25
3958,1616,8,1,175.41
3959,1616,2,2,118.54
3960,1617,49,2,88.65
3961,1617,37,3,13.06
3962,1617,38,1,38.97
3963,1618,14,1,39.32
3964,1619,60,1,13.97
3965,1619,35,3,6.33
3966,1620,42,1,76.5
3967,1620,36,2,10.96
3968,1620,55,2,25.2
3969,1621,18,3,117.9
3970,1621,35,1,6.33
3971,1621,60,3,13.97
3972,1621,28,3,9.66
3973,1622,45,3,174.61
3974,1623,35,3,6.33
3975,1624,56,2,15.32
3976,1624,4,2,343.75
3977,1625,58,1,21.46
3978,1625,44,3,71.91
3979,1626,50,3,53.01
3980,1627,49,1,88.65
3981,1628,12,2,120.17
3982,1628,29,2,17.72
3983,1628,59,2,24.67
3984,1628,18,3,124.11
3985,1629,50,1,53.01
3986,1630,39,3,59.27
3987,1630,6,1,289.07
3988,1630,29,2,16.83
3989,1631,7,2,97.14
3990,1631,12,1,120.17
3991,1631,1,3,166.25
3992,1632,59,3,24.67
3993,1632,58,2,21.46
3994,1633,6,2,289.07
3995,1633,27,3,58.96
3996,1633,37,2,13.06
3997,1633,43,3,37.07
3998,1634,47,1,130.34
3999,1634,35,1,6.33
4000,1634,23,2,34.05
4001,1634,5,3,176.19
4002,1635,14,3,39.32
4003,1635,55,1,25.2
4004,1635,41,1,116.68
4005,1636,9,3,247.25
4006,1636,11,1,62.04
4007,1637,5,3,176.19
4008,1637,40,1,58.6
4009,1638,16,2,117.45
4010,1639,22,3,41.98
4011,1640,59,2,24.67
4012,1640,25,2,41.66
4013,1640,19,1,116.13
4014,1641,11,1,62.04
4015,1641,21,2,69.32
4016,1642,42,2,76.5
4017,1642,51,1,5.07
4018,1643,3,2,40.44
4019,1643,20,3,102.52
4020,1644,52,3,34.98
4021,1644,8,1,166.64
4022,1644,48,3,96.53
4023,1644,18,3,124.11
4024,1645,3,3,42.57
4025,1645,43,1,37.07
4026,1645,51,1,5.07
4027,1646,6,3,289.07
4028,1646,1,2,166.25
4029,1646,4,1,343.75
4030,1646,21,3,69.32
4031,1647,6,2,274.62
4032,1647,44,2,71.91
4033,1647,52,1,34.98
4034,1647,12,2,120.17
4035,1648,21,3,65.85
4036,1648,54,2,5.86
4037,1648,31,1,34.1
4038,1649,43,1,35.22
4039,1649,26,2,84.32
4040,1649,9,3,247.25
4041,1650,28,3,9.66
4042,1651,49,2,84.22
4043,1651,34,3,35.16
4044,1651,2,3,118.54
4045,1652,52,1,34.98
4046,1652,14,3,39.32
4047,1653,50,2,53.01
4048,1653,58,2,21.46
4049,1654,40,2,58.6
4050,1655,27,3,58.96
4051,1655,13,3,71.35
4052,1655,38,1,38.97
4053,1655,25,3,41.66
4054,1656,52,3,34.98
4055,1656,40,1,55.67
4056,1657,27,3,58.96
4057,1658,24,3,42.02
4058,1658,4,1,343.75
4059,1658,43,1,35.22
4060,1659,28,1,9.18
4061,1660,59,1,24.67
4062,1660,42,3,76.5
4063,1660,58,3,21.46
4064,1660,23,3,34.05
4065,1661,2,2,118.54
4066,1661,41,3,116.68
4067,1661,11,1,62.04
4068,1662,43,1,37.07
4069,1662,21,2,69.32
4070,1662,36,2,10.96
4071,1662,45,3,174.61
4072,1663,32,2,13.9
4073,1664,17,3,63.23
4074,1664,49,2,88.65
4075,1665,18,2,124.11
4076,1665,57,2,22.42
4077,1665,12,1,120.17
4078,1666,24,2,42.02
4079,1666,32,2,13.9
4080,1667,28,3,9.66
4081,1667,29,3,17.72
4082,1667,46,2,167.04
4083,1667,42,3,76.5
4084,1668,33,2,35.23
4085,1668,42,1,72.67
4086,1668,16,2,117.45
4087,1668,20,1,102.52
4088,1669,38,3,38.97
4089,1670,37,3,12.41
4090,1670,11,2,62.04
4091,1670,25,3,41.66
4092,1671,36,3,10.96
4093,1671,12,3,120.17
4094,1672,4,3,343.75
4095,1672,49,2,84.22
4096,1673,31,3,34.1
4097,1674,13,1,71.35
4098,1674,36,3,10.96
4099,1674,60,3,13.27
4100,1674,23,1,34.05
4101,1675,38,3,38.97
4102,1675,31,2,34.1
4103,1676,21,3,69.32
4104,1676,4,3,326.56
4105,1676,60,1,13.97
4106,1677,41,1,116.68
4107,1678,7,1,92.28
4108,1679,60,1,13.97
4109,1680,52,2,34.98
4110,1680,34,1,35.16
4111,1680,16,1,111.58
4112,1680,30,2,28.98
4113,1681,58,1,21.46
4114,1681,35,1,6.33
4115,1682,41,1,116.68
4116,1683,28,3,9.66
4117,1683,14,3,37.35
4118,1683,20,2,102.52
4119,1684,17,1,60.07
4120,1684,40,3,58.6
4121,1684,28,1,9.66
4122,1684,38,3,38.97
4123,1685,25,1,41.66
4124,1686,6,3,289.07
4125,1686,45,1,174.61
4126,1687,40,3,58.6
4127,1687,21,1,69.32
4128,1687,50,3,53.01
4129,1688,48,2,101.61
4130,1688,17,3,63.23
4131,1688,3,1,42.57
4132,1689,50,2,53.01
4133,1689,32,1,13.21
4134,1689,40,1,55.67
4135,1690,26,1,84.32
4136,1691,59,2,24.67
4137,1691,36,2,10.96
4138,1692,12,2,120.17
4139,1692,24,1,42.02
4140,1692,22,2,41.98
4141,1692,29,1,17.72
4142,1693,3,3,40.44
4143,1694,4,3,343.75
4144,1695,13,1,71.35
4145,1696,16,2,117.45
4146,1696,34,1,35.16
4147,1697,24,2,42.02
4148,1697,17,2,63.23
4149,1698,31,1,34.1
4150,1698,15,2,42.56
4151,1698,24,2,42.02
4152,1698,58,2,21.46
4153,1699,14,2,39.32
4154,1699,35,3,6.33
4155,1699,20,1,102.52
4156,1699,15,3,42.56
4157,1700,54,1,5.86
4158,1700,44,1,75.69
4159,1700,23,1,34.05
4160,1701,12,3,114.16
4161,1701,8,1,175.41
4162,1701,7,2,92.28
4163,1701,9,2,247.25
4164,1702,32,3,13.9
4165,1703,56,1,15.32
4166,1703,31,2,34.1
4167,1703,32,3,13.9
4168,1703,57,2,21.3
4169,1704,49,1,88.65
4170,1705,6,1,289.07
4171,1705,58,1,21.46
4172,1705,41,1,116.68
4173,1706,13,3,71.35
4174,1706,15,2,42.56
4175,1707,32,3,13.9
4176,1708,34,2,35.16
4177,1708,54,1,5.57
4178,1708,48,1,101.61
4179,1709,27,3,58.96
4180,1709,58,1,20.39
4181,1709,3,3,42.57
4182,1709,34,2,35.16
4183,1710,24,1,42.02
4184,1710,38,2,38.97
4185,1710,22,3,41.98
4186,1710,40,3,58.6
4187,1711,22,1,41.98
4188,1711,24,1,39.92
4189,1711,41,1,116.68
4190,1711,1,2,157.94
4191,1712,8,1,175.41
4192,1713,13,1,71.35
4193,1713,40,2,58.6
4194,1714,39,3,56.31
4195,1714,29,2,17.72
4196,1714,35,2,6.33
4197,1714,24,2,42.02
4198,1715,13,2,71.35
4199,1716,45,1,174.61
4200,1716,38,3,38.97
4201,1717,59,3,23.44
4202,1717,28,3,9.66
4203,1718,40,3,58.6
4204,1718,55,2,25.2
4205,1719,6,1,289.07
4206,1719,15,3,42.56
4207,1719,21,3,69.32
4208,1720,56,2,15.32
4209,1720,33,1,35.23
4210,1720,27,1,58.96
4211,1720,14,1,39.32
4212,1721,25,2,41.66
4213,1722,48,1,101.61
4214,1722,51,1,5.07
4215,1722,36,3,10.96
4216,1723,26,1,84.32
4217,1724,27,3,58.96
4218,1725,20,3,102.52
4219,1725,35,3,6.01
4220,1725,3,1,42.57
4221,1726,42,3,76.5
4222,1726,22,3,41.98
4223,1727,31,3,34.1
4224,1727,14,1,39.32
4225,1727,41,1,116.68
4226,1728,22,1,39.88
4227,1728,55,2,23.94
4228,1728,51,1,4.82
4229,1728,54,2,5.86
4230,1729,28,1,9.18
4231,1730,26,2,84.32
4232,1730,51,1,5.07
4233,1731,16,3,111.58
4234,1731,52,3,34.98
4235,1731,42,2,76.5
4236,1731,38,2,38.97
4237,1732,33,3,35.23
4238,1732,12,1,120.17
4239,1732,34,1,35.16
4240,1733,13,1,71.35
4241,1733,54,2,5.57
4242,1734,17,3,63.23
4243,1735,37,2,13.06
4244,1735,39,3,59.27
4245,1735,23,2,34.05
4246,1736,53,2,8.99
4247,1736,34,1,35.16
4248,1736,13,2,71.35
4249,1736,3,2,40.44
4250,1737,5,3,167.38
4251,1738,8,1,175.41
4252,1738,35,3,6.33
4253,1738,3,2,42.57
4254,1739,49,3,88.65
4255,1739,11,2,62.04
4256,1739,30,3,30.51
4257,1740,54,3,5.86
4258,1740,12,3,120.17
4259,1741,20,2,102.52
4260,1742,51,3,5.07
4261,1743,40,3,55.67
4262,1743,3,1,42.57
4263,1744,2,2,118.54
4264,1744,19,1,116.13
4265,1745,40,1,58.6
4266,1746,27,1,56.01
4267,1746,3,1,42.57
4268,1746,26,2,84.32
4269,1746,31,2,34.1
4270,1747,50,2,53.01
4271,1747,2,3,118.54
4272,1747,44,1,75.69
4273,1748,34,2,35.16
4274,1748,41,2,116.68
4275,1748,49,3,88.65
4276,1749,18,1,124.11
4277,1749,55,2,25.2
4278,1749,39,1,59.27
4279,1750,9,3,247.25
4280,1750,2,2,118.54
4281,1750,18,1,117.9
4282,1750,12,1,114.16
4283,1751,55,2,25.2
4284,1751,45,3,165.88
4285,1751,8,3,175.41
4286,1751,9,3,247.25
4287,1752,58,1,21.46
4288,1753,14,3,39.32
4289,1753,46,2,167.04
4290,1753,44,3,75.69
4291,1753,1,3,166.25
4292,1754,22,3,39.88
4293,1754,17,1,60.07
4294,1754,15,2,42.56
4295,1755,49,3,88.65
4296,1755,58,1,21.46
4297,1756,23,1,32.35
4298,1756,27,1,58.96
4299,1756,57,2,22.42
4300,1757,44,1,71.91
4301,1757,50,2,50.36
4302,1758,12,2,120.17
4303,1758,47,1,130.34
4304,1759,33,2,35.23
4305,1759,42,2,76.5
4306,1759,56,2,14.55
4307,1759,36,3,10.96
4308,1760,47,2,130.34
4309,1760,46,3,167.04
4310,1760,28,1,9.66
4311,1760,39,1,59.27
4312,1761,49,2,88.65
4313,1761,31,1,32.4
4314,1761,18,3,124.11
4315,1761,23,2,34.05
4316,1762,28,2,9.66
4317,1762,35,3,6.33
4318,1762,23,1,34.05
4319,1762,26,3,84.32
4320,1763,37,1,13.06
4321,1763,48,2,101.61
4322,1763,36,1,10.96
4323,1764,52,3,34.98
4324,1764,44,1,75.69
4325,1765,11,3,62.04
4326,1765,33,1,35.23
4327,1766,60,2,13.97
4328,1766,6,2,289.07
4329,1766,43,1,37.07
4330,1767,14,3,39.32
4331,1768,57,3,21.3
4332,1769,12,3,120.17
4333,1770,45,1,174.61
4334,1770,8,1,175.41
4335,1771,56,2,14.55
4336,1772,39,3,59.27
4337,1772,19,2,116.13
4338,1772,35,1,6.01
4339,1773,26,2,84.32
4340,1773,55,3,25.2
4341,1773,43,2,37.07
4342,1774,22,3,41.98
4343,1775,20,2,102.52
4344,1776,55,2,25.2
4345,1776,29,1,17.72
4346,1777,32,3,13.9
4347,1778,42,1,72.67
4348,1778,24,3,42.02
4349,1778,7,2,97.14
4350,1778,35,2,6.33
4351,1779,30,1,30.51
4352,1779,18,3,124.11
4353,1780,56,1,14.55
4354,1780,4,2,343.75
4355,1780,54,1,5.86
4356,1781,22,3,39.88
4357,1782,13,2,67.78
4358,1783,42,3,76.5
4359,1783,7,1,97.14
4360,1783,16,2,111.58
4361,1783,40,1,58.6
4362,1784,24,1,42.02
4363,1785,11,3,62.04
4364,1785,18,2,124.11
4365,1785,54,3,5.86
4366,1785,60,3,13.97
4367,1786,20,3,102.52
4368,1786,6,3,289.07
4369,1786,58,2,20.39
4370,1787,60,1,13.97
4371,1787,4,3,326.56
4372,1788,46,3,167.04
4373,1788,6,1,289.07
4374,1788,39,3,59.27
4375,1789,52,2,34.98
4376,1789,22,1,41.98
4377,1789,1,1,166.25
4378,1789,42,1,76.5
4379,1790,54,2,5.86
4380,1790,2,2,118.54
4381,1790,41,3,116.68
4382,1790,36,2,10.96
4383,1791,17,1,63.23
4384,1791,57,3,22.42
4385,1791,56,2,14.55
4386,1792,60,3,13.97
4387,1792,43,1,37.07
4388,1792,53,1,8.99
4389,1792,14,2,39.32
4390,1793,47,3,130.34
4391,1793,24,3,42.02
4392,1793,30,3,30.51
4393,1793,3,1,42.57
4394,1794,11,3,62.04
4395,1795,41,1,116.68
4396,1795,9,2,247.25
4397,1795,39,1,59.27
4398,1795,12,3,120.17
4399,1796,55,1,25.2
4400,1796,57,1,22.42
4401,1796,58,1,21.46
4402,1796,14,2,39.32
4403,1797,16,1,117.45
4404,1797,15,3,42.56
4405,1797,43,2,37.07
4406,1798,27,1,58.96
4407,1799,59,1,23.44
4408,1800,20,2,102.52
4409,1800,52,2,34.98
4410,1801,26,3,84.32
4411,1802,50,3,53.01
4412,1803,13,1,71.35
4413,1803,17,2,63.23
4414,1803,11,2,62.04
4415,1804,15,1,40.43
4416,1805,56,3,15.32
4417,1805,32,1,13.9
4418,1805,57,1,22.42
4419,1806,39,1,59.27
4420,1807,32,2,13.9
4421,1808,15,1,42.56
4422,1808,8,1,175.41
4423,1809,18,3,124.11
4424,1810,48,1,96.53
4425,1810,21,3,69.32
4426,1810,41,3,116.68
4427,1810,29,3,17.72
4428,1811,44,3,75.69
4429,1812,26,3,84.32
4430,1812,45,2,174.61
4431,1812,8,1,175.41
4432,1812,20,1,97.39
4433,1813,35,2,6.33
4434,1813,37,2,12.41
4435,1814,48,3,101.61
4436,1814,8,2,175.41
4437,1815,7,2,97.14
4438,1815,27,3,58.96
4439,1816,42,3,76.5
4440,1816,6,3,289.07
4441,1816,58,2,21.46
4442,1817,53,3,8.99
4443,1817,1,1,166.25
4444,1818,29,2,17.72
4445,1818,35,1,6.33
4446,1818,10,1,236.19
4447,1819,30,3,30.51
4448,1819,44,2,75.69
4449,1819,45,2,174.61
4450,1819,3,2,42.57
4451,1820,55,3,25.2
4452,1821,29,2,17.72
4453,1821,42,3,76.5
4454,1822,12,2,120.17
4455,1822,7,3,97.14
4456,1822,25,2,39.58
4457,1822,18,2,124.11
4458,1823,33,1,35.23
4459,1823,45,3,174.61
4460,1823,41,3,116.68
4461,1823,12,3,114.16
4462,1824,36,3,10.96
4463,1824,51,1,5.07
4464,1824,22,1,41.98
4465,1824,55,1,25.2
4466,1825,20,3,102.52
4467,1826,41,3,116.68
4468,1826,28,2,9.66
4469,1826,30,3,28.98
4470,1826,58,1,21.46
4471,1827,26,3,84.32
4472,1827,12,2,120.17
4473,1828,19,2,116.13
4474,1828,39,3,59.27
4475,1829,36,2,10.96
4476,1829,53,3,8.99
4477,1829,18,3,124.11
4478,1830,47,3,123.82
4479,1830,12,1,120.17
4480,1830,42,2,76.5
4481,1831,9,1,234.89
4482,1831,42,3,72.67
4483,1831,11,3,62.04
4484,1831,17,1,63.23
4485,1832,30,1,30.51
4486,1833,53,1,8.99
4487,1833,20,1,102.52
4488,1833,45,2,174.61
4489,1833,32,1,13.9
4490,1834,4,1,343.75
4491,1835,2,1,118.54
4492,1836,41,2,116.68
4493,1836,10,3,236.19
4494,1836,39,2,59.27
4495,1837,30,2,28.98
4496,1837,18,3,124.11
4497,1837,23,2,34.05
4498,1837,10,2,236.19
4499,1838,28,2,9.66
4500,1838,32,3,13.9
4501,1839,8,3,175.41
4502,1839,26,1,80.1
4503,1839,19,1,110.32
4504,1840,45,1,174.61
4505,1840,6,3,289.07
4506,1840,11,3,62.04
4507,1841,43,2,37.07
4508,1841,37,1,12.41
4509,1841,35,1,6.33
4510,1842,51,2,4.82
4511,1842,28,1,9.66
4512,1842,36,2,10.96
4513,1842,59,1,24.67
4514,1843,42,2,76.5
4515,1843,11,1,58.94
4516,1843,27,1,58.96
4517,1843,54,2,5.86
4518,1844,12,1,120.17
4519,1844,20,2,102.52
4520,1845,3,3,42.57
4521,1846,30,1,30.51
4522,1846,45,2,174.61
4523,1847,1,1,166.25
4524,1847,29,3,17.72
4525,1847,48,1,101.61
4526,1847,54,3,5.86
4527,1848,29,3,17.72
4528,1848,2,1,118.54
4529,1848,9,2,247.25
4530,1849,3,1,42.57
4531,1849,5,3,176.19
4532,1849,6,1,274.62
4533,1849,8,2,175.41
4534,1850,57,3,22.42
4535,1850,39,1,59.27
4536,1851,38,2,38.97
4537,1851,54,2,5.86
4538,1852,45,2,174.61
4539,1852,47,3,130.34
4540,1852,5,3,176.19
4541,1852,33,3,35.23
4542,1853,51,2,5.07
4543,1853,44,1,75.69
4544,1853,59,2,24.67
4545,1854,25,1,39.58
4546,1854,11,2,62.04
4547,1854,36,1,10.96
4548,1854,3,3,42.57
4549,1855,25,3,41.66
4550,1855,20,2,102.52
4551,1855,22,3,41.98
4552,1856,59,2,23.44
4553,1857,56,1,15.32
4554,1857,3,2,42.57
4555,1858,7,2,92.28
4556,1858,35,2,6.33
4557,1858,55,1,23.94
4558,1858,54,3,5.86
4559,1859,43,1,37.07
4560,1860,50,2,53.01
4561,1860,3,3,42.57
4562,1860,45,3,165.88
4563,1861,25,1,41.66
4564,1861,11,2,62.04
4565,1861,53,3,8.99
4566,1862,17,2,63.23
4567,1862,35,1,6.33
4568,1862,31,1,34.1
4569,1862,20,3,102.52
4570,1863,23,1,34.05
4571,1863,53,1,8.99
4572,1863,49,1,88.65
4573,1864,34,1,35.16
4574,1864,50,2,53.01
4575,1864,35,2,6.33
4576,1865,9,2,247.25
4577,1865,19,1,116.13
4578,1865,44,3,75.69
4579,1866,26,1,84.32
4580,1866,48,2,101.61
4581,1867,3,2,42.57
4582,1867,6,1,289.07
4583,1867,55,3,23.94
4584,1867,43,1,37.07
4585,1868,2,2,112.61
4586,1868,59,2,24.67
4587,1869,5,2,176.19
4588,1870,29,3,17.72
4589,1871,36,3,10.96
4590,1871,54,3,5.86
4591,1872,10,3,236.19
4592,1872,32,1,13.9
4593,1872,43,1,35.22
4594,1872,47,3,130.34
4595,1873,4,1,343.75
4596,1874,26,3,84.32
4597,1874,22,1,39.88
4598,1874,38,1,38.97
4599,1875,53,1,8.99
4600,1875,15,3,42.56
4601,1875,3,2,42.57
4602,1875,50,3,53.01
4603,1876,32,2,13.21
4604,1876,16,3,117.45
4605,1876,4,2,343.75
4606,1877,45,2,174.61
4607,1877,51,3,5.07
4608,1877,16,3,117.45
4609,1878,46,1,167.04
4610,1878,1,3,166.25
4611,1878,10,1,236.19
4612,1878,32,3,13.9
4613,1879,58,3,21.46
4614,1880,50,3,53.01
4615,1880,49,2,88.65
4616,1880,13,2,71.35
4617,1881,26,2,84.32
4618,1881,30,1,28.98
4619,1881,45,3,174.61
4620,1881,13,1,67.78
4621,1882,39,2,59.27
4622,1882,15,2,42.56
4623,1882,42,1,72.67
4624,1882,34,3,35.16
4625,1883,25,2,41.66
4626,1884,45,3,174.61
4627,1884,7,2,97.14
4628,1884,32,1,13.9
4629,1885,37,1,13.06
4630,1885,3,1,42.57
4631,1885,43,3,37.07
4632,1886,44,1,75.69
4633,1886,4,3,343.75
4634,1887,4,3,343.75
4635,1888,24,1,42.02
4636,1888,12,3,120.17
4637,1888,46,1,158.69
4638,1889,8,2,175.41
4639,1889,7,2,97.14
4640,1889,18,3,117.9
4641,1890,8,1,175.41
4642,1890,17,1,60.07
4643,1890,48,3,101.61
4644,1890,12,1,120.17
4645,1891,57,3,22.42
4646,1891,21,3,69.32
4647,1891,25,3,41.66
4648,1892,21,3,69.32
4649,1892,3,1,42.57
4650,1893,9,1,247.25
4651,1894,41,1,116.68
4652,1894,21,3,69.32
4653,1894,38,2,38.97
4654,1895,22,1,41.98
4655,1895,55,2,23.94
4656,1896,36,3,10.96
4657,1896,51,2,5.07
4658,1897,21,1,69.32
4659,1897,57,1,21.3
4660,1897,30,2,30.51
4661,1897,26,1,84.32
4662,1898,35,2,6.33
4663,1899,56,2,15.32
4664,1899,26,3,84.32
4665,1900,4,1,343.75
4666,1901,15,1,40.43
4667,1901,23,3,34.05
4668,1901,25,2,41.66
4669,1901,36,1,10.96
4670,1902,41,1,116.68
4671,1902,36,2,10.96
4672,1902,28,2,9.66
4673,1903,1,2,166.25
4674,1903,23,3,34.05
4675,1903,25,3,41.66
4676,1903,31,1,34.1
4677,1904,3,1,42.57
4678,1905,14,1,39.32
4679,1906,33,2,33.47
4680,1906,36,3,10.96
4681,1906,19,1,116.13
4682,1906,37,3,13.06
4683,1907,43,3,37.07
4684,1907,42,2,76.5
4685,1907,58,3,21.46
4686,1907,19,3,116.13
4687,1908,53,1,8.99
4688,1909,4,3,343.75
4689,1910,22,1,39.88
4690,1911,19,2,116.13
4691,1911,46,2,167.04
4692,1911,20,1,97.39
4693,1912,11,2,62.04
4694,1913,39,1,59.27
4695,1914,26,1,80.1
4696,1915,36,1,10.96
4697,1916,38,3,38.97
4698,1916,55,3,25.2
4699,1916,1,1,166.25
4700,1916,7,2,92.28
4701,1917,11,1,62.04
4702,1918,28,2,9.66
4703,1918,46,3,167.04
4704,1918,3,1,42.57
4705,1918,30,3,30.51
4706,1919,23,2,34.05
4707,1919,39,3,59.27
4708,1919,19,2,116.13
4709,1920,7,2,97.14
4710,1920,43,3,37.07
4711,1920,4,3,343.75
4712,1920,54,3,5.57
4713,1921,53,1,8.99
4714,1921,6,3,289.07
4715,1922,10,1,236.19
4716,1922,46,3,167.04
4717,1922,23,1,34.05
4718,1923,58,3,21.46
4719,1923,13,2,67.78
4720,1924,6,1,289.07
4721,1925,26,1,84.32
4722,1925,1,1,157.94
4723,1925,52,1,34.98
4724,1925,32,1,13.9
4725,1926,29,3,17.72
4726,1926,57,1,22.42
4727,1926,28,1,9.66
4728,1927,50,2,53.01
4729,1928,19,3,116.13
4730,1928,44,1,71.91
4731,1928,57,1,22.42
4732,1929,40,3,58.6
4733,1930,35,2,6.33
4734,1931,38,1,38.97
4735,1931,2,3,118.54
4736,1931,4,3,343.75
4737,1932,13,2,71.35
4738,1932,53,2,8.99
4739,1932,27,1,58.96
4740,1932,52,3,34.98
4741,1933,53,2,8.99
4742,1933,11,1,62.04
4743,1934,29,2,17.72
4744,1935,34,3,35.16
4745,1935,9,3,247.25
4746,1935,41,2,116.68
4747,1935,13,2,71.35
4748,1936,9,2,247.25
4749,1936,20,1,102.52
4750,1937,21,3,69.32
4751,1937,35,2,6.33
4752,1937,22,2,41.98
4753,1938,14,2,39.32
4754,1938,16,3,117.45
4755,1938,55,2,25.2
4756,1939,40,3,58.6
4757,1939,11,3,62.04
4758,1939,48,2,101.61
4759,1939,45,3,174.61
4760,1940,41,3,110.85
4761,1940,34,2,35.16
4762,1941,12,1,120.17
4763,1941,36,2,10.96
4764,1942,30,3,28.98
4765,1942,39,3,59.27
4766,1943,38,2,37.02
4767,1943,1,2,166.25
4768,1943,59,2,24.67
4769,1943,15,2,42.56
4770,1944,8,3,175.41
4771,1944,1,3,166.25
4772,1944,7,1,97.14
4773,1944,38,2,38.97
4774,1945,24,2,39.92
4775,1945,32,3,13.9
4776,1945,3,2,42.57
4777,1945,37,1,12.41
4778,1946,51,1,5.07
4779,1947,3,1,42.57
4780,1947,23,2,34.05
4781,1947,52,2,34.98
4782,1948,16,1,117.45
4783,1948,26,3,84.32
4784,1949,51,2,5.07
4785,1950,2,3,118.54
4786,1951,13,1,71.35
4787,1951,54,3,5.86
4788,1951,12,2,120.17
4789,1952,39,1,59.27
4790,1952,24,3,42.02
4791,1952,47,1,130.34
4792,1952,9,2,234.89
4793,1953,58,2,21.46
4794,1953,30,1,30.51
4795,1954,57,3,22.42
4796,1955,9,3,247.25
4797,1955,46,3,167.04
4798,1955,41,2,110.85
4799,1955,13,3,71.35
4800,1956,25,1,41.66
4801,1956,45,1,174.61
4802,1956,53,3,8.99
4803,1957,16,3,117.45
4804,1958,25,3,41.66
4805,1958,56,1,15.32
4806,1958,5,1,176.19
4807,1959,5,1,176.19
4808,1959,51,1,4.82
4809,1959,2,1,118.54
4810,1959,58,3,21.46
4811,1960,38,1,38.97
4812,1960,41,2,116.68
4813,1960,10,2,236.19
4814,1961,26,2,84.32
4815,1961,14,2,39.32
4816,1962,33,3,35.23
4817,1963,46,3,167.04
4818,1964,58,1,20.39
4819,1964,59,2,24.67
4820,1964,31,1,34.1
4821,1964,46,3,158.69
4822,1965,56,1,14.55
4823,1965,3,1,42.57
4824,1965,32,2,13.9
4825,1966,60,3,13.97
4826,1966,28,3,9.66
4827,1966,44,2,75.69
4828,1967,47,1,123.82
4829,1967,52,1,34.98
4830,1968,40,1,58.6
4831,1968,30,3,30.51
4832,1968,32,2,13.21
4833,1968,60,3,13.97
4834,1969,44,2,75.69
4835,1969,21,3,69.32
4836,1969,39,3,59.27
4837,1970,56,3,15.32
4838,1970,57,3,22.42
4839,1970,32,1,13.21
4840,1970,28,2,9.66
4841,1971,21,3,69.32
4842,1971,26,1,84.32
4843,1972,14,3,39.32
4844,1973,31,2,34.1
4845,1973,17,3,63.23
4846,1973,30,1,28.98
4847,1973,57,2,22.42
4848,1974,28,1,9.18
4849,1974,35,2,6.33
4850,1975,29,2,17.72
4851,1975,47,2,130.34
4852,1975,31,3,34.1
4853,1975,44,1,75.69
4854,1976,55,3,23.94
4855,1976,17,1,63.23
4856,1977,41,1,116.68
4857,1977,9,2,234.89
4858,1978,51,2,4.82
4859,1978,52,1,34.98
4860,1979,12,2,114.16
4861,1979,16,1,117.45
4862,1979,15,2,42.56
4863,1980,44,3,75.69
4864,1981,8,2,166.64
4865,1981,18,2,124.11
4866,1981,44,2,75.69
4867,1982,53,1,8.99
4868,1982,21,2,65.85
4869,1982,41,2,116.68
4870,1983,51,3,5.07
4871,1983,53,2,8.99
4872,1983,8,3,175.41
4873,1983,45,2,174.61
4874,1984,60,2,13.97
4875,1984,33,2,33.47
4876,1984,27,1,58.96
4877,1984,6,1,289.07
4878,1985,4,2,326.56
4879,1985,25,3,41.66
4880,1985,13,1,71.35
4881,1985,5,2,176.19
4882,1986,38,1,38.97
4883,1986,37,1,13.06
4884,1987,33,2,33.47
4885,1987,42,3,76.5
4886,1987,30,2,30.51
4887,1988,36,3,10.96
4888,1989,35,1,6.33
4889,1990,11,3,62.04
4890,1991,28,3,9.66
4891,1991,58,1,21.46
4892,1992,7,3,97.14
4893,1992,33,1,35.23
4894,1992,21,2,69.32
4895,1992,4,1,343.75
4896,1993,51,2,5.07
4897,1994,37,3,13.06
4898,1994,46,3,167.04
4899,1994,9,1,247.25
4900,1995,11,3,62.04
4901,1995,26,1,84.32
4902,1995,56,2,15.32
4903,1996,21,1,69.32
4904,1996,33,1,35.23
4905,1996,36,3,10.96
4906,1997,11,3,62.04
4907,1997,21,1,69.32
4908,1997,22,3,41.98
4909,1997,9,2,234.89
4910,1998,42,3,76.5
4911,1998,15,3,42.56
4912,1999,40,3,58.6
4913,1999,38,2,38.97
4914,1999,57,2,22.42
4915,2000,5,3,176.19
4916,2000,6,1,274.62
4917,2001,25,2,41.66
4918,2001,30,1,30.51
4919,2002,37,3,12.41
4920,2002,38,2,38.97
4921,2002,32,2,13.9
4922,2002,41,1,116.68
4923,2003,8,2,175.41
4924,2003,32,1,13.21
4925,2003,48,1,101.61
4926,2003,46,3,158.69
4927,2004,3,1,42.57
4928,2005,43,2,37.07
4929,2006,41,3,116.68
4930,2007,9,1,234.89
4931,2007,20,3,102.52
4932,2008,20,3,97.39
4933,2008,2,1,118.54
4934,2008,23,2,34.05
4935,2009,28,2,9.66
4936,2009,52,3,34.98
4937,2009,14,2,39.32
4938,2010,30,1,28.98
4939,2010,11,1,62.04
4940,2010,34,3,35.16
4941,2011,2,3,118.54
4942,2011,18,3,124.11
4943,2011,48,1,101.61
4944,2012,50,1,53.01
4945,2012,5,2,176.19
4946,2012,22,3,39.88
4947,2013,19,1,116.13
4948,2013,55,1,23.94
4949,2013,42,1,76.5
4950,2013,44,2,75.69
4951,2014,13,1,71.35
4952,2014,56,2,15.32
4953,2014,11,1,62.04
4954,2014,33,1,35.23
4955,2015,54,3,5.86
4956,2015,45,3,174.61
4957,2016,17,3,63.23
4958,2017,39,1,59.27
4959,2017,47,2,123.82
4960,2017,22,1,41.98
4961,2017,17,1,63.23
4962,2018,49,3,88.65
4963,2018,14,2,39.32
4964,2018,36,1,10.96
4965,2018,58,2,21.46
4966,2019,59,3,24.67
4967,2019,25,2,41.66
4968,2020,41,1,116.68
4969,2020,54,2,5.86
4970,2020,13,3,67.78
4971,2021,35,3,6.33
4972,2022,24,2,42.02
4973,2023,51,3,5.07
4974,2023,20,1,102.52
4975,2023,57,3,22.42
4976,2024,15,3,42.56
4977,2024,11,2,62.04
4978,2025,11,3,62.04
4979,2026,3,1,42.57
4980,2026,15,2,40.43
4981,2026,50,2,53.01
4982,2026,24,3,42.02
4983,2027,28,3,9.66
4984,2028,48,1,101.61
4985,2029,46,2,167.04
4986,2029,28,3,9.66
4987,2029,48,2,101.61
4988,2030,25,2,41.66
4989,2030,16,3,117.45
4990,2030,55,3,25.2
4991,2030,35,3,6.33
4992,2031,43,2,37.07
4993,2032,56,2,15.32
4994,2032,23,1,34.05
4995,2033,45,2,174.61
4996,2033,36,3,10.96
4997,2033,44,2,71.91
4998,2033,1,2,166.25
4999,2034,7,1,97.14
5000,2035,35,1,6.01
5001,2035,31,2,34.1
5002,2036,30,2,28.98
5003,2036,57,1,22.42
5004,2037,41,2,116.68
5005,2037,4,3,343.75
5006,2037,57,2,21.3
5007,2038,41,2,110.85
5008,2039,37,2,13.06
5009,2039,43,1,37.07
5010,2040,33,2,35.23
5011,2040,36,2,10.96
5012,2040,18,3,124.11
5013,2041,7,1,97.14
5014,2041,32,1,13.9
5015,2041,11,3,62.04
5016,2042,57,2,22.42
5017,2043,27,2,58.96
5018,2043,22,3,41.98
5019,2043,55,1,25.2
5020,2043,31,3,34.1
5021,2044,29,1,16.83
5022,2045,60,3,13.27
5023,2046,33,1,35.23
5024,2046,57,3,22.42
5025,2046,59,2,23.44
5026,2046,49,2,88.65
5027,2047,5,1,176.19
5028,2047,18,3,124.11
5029,2047,43,2,37.07
5030,2048,15,2,42.56
5031,2048,49,1,88.65
5032,2048,42,2,76.5
5033,2049,41,2,116.68
5034,2049,26,2,80.1
5035,2049,35,2,6.33
5036,2049,57,1,22.42
5037,2050,42,2,76.5
5038,2050,49,2,84.22
5039,2051,10,2,236.19
5040,2051,31,2,34.1
5041,2051,27,2,58.96
5042,2052,18,3,124.11
5043,2052,27,2,58.96
5044,2053,31,2,34.1
5045,2053,37,1,13.06
5046,2054,23,2,34.05
5047,2055,1,2,166.25
5048,2055,49,3,88.65
5049,2055,8,3,166.64
5050,2055,22,2,39.88
5051,2056,51,1,5.07
5052,2056,60,3,13.97
5053,2056,12,1,120.17
5054,2056,30,1,30.51
5055,2057,37,3,13.06
5056,2057,26,3,84.32
5057,2058,31,3,34.1
5058,2059,21,2,69.32
5059,2059,8,2,175.41
5060,2059,50,3,53.01
5061,2060,53,1,8.99
5062,2061,43,1,37.07
5063,2062,39,1,59.27
5064,2062,19,2,116.13
5065,2062,7,1,97.14
5066,2063,19,1,116.13
5067,2063,11,3,62.04
5068,2063,22,2,41.98
5069,2064,43,3,37.07
5070,2064,16,2,117.45
5071,2065,27,1,58.96
5072,2065,53,1,8.99
5073,2065,54,3,5.86
5074,2066,48,3,101.61
5075,2066,58,2,21.46
5076,2066,50,2,53.01
5077,2066,25,3,41.66
5078,2067,55,2,25.2
5079,2067,21,3,69.32
5080,2068,42,3,76.5
5081,2068,37,3,13.06
5082,2068,35,2,6.33
5083,2068,51,2,5.07
5084,2069,5,1,176.19
5085,2069,51,2,4.82
5086,2069,46,2,167.04
5087,2070,3,1,42.57
5088,2070,6,2,289.07
5089,2070,31,1,34.1
5090,2071,6,3,289.07
5091,2071,15,1,42.56
5092,2071,39,2,59.27
5093,2072,57,1,21.3
5094,2072,12,2,114.16
5095,2072,7,2,97.14
5096,2072,18,2,124.11
5097,2073,23,2,34.05
5098,2073,35,1,6.33
5099,2073,57,3,22.42
5100,2074,22,2,41.98
5101,2074,53,2,8.99
5102,2074,25,2,39.58
5103,2075,8,2,175.41
5104,2075,48,1,96.53
5105,2075,32,2,13.9
5106,2075,24,3,39.92
5107,2076,55,1,25.2
5108,2077,53,1,8.99
5109,2077,59,2,24.67
5110,2077,24,1,42.02
5111,2078,15,1,40.43
5112,2078,43,3,35.22
5113,2078,1,2,166.25
5114,2078,39,1,59.27
5115,2079,10,1,236.19
5116,2079,11,1,62.04
5117,2079,18,3,124.11
5118,2079,44,2,75.69
5119,2080,51,1,5.07
5120,2080,39,3,59.27
5121,2080,20,1,102.52
5122,2080,22,2,41.98
5123,2081,22,1,41.98
5124,2081,33,2,35.23
5125,2081,54,3,5.86
5126,2081,10,1,236.19
5127,2082,18,2,124.11
5128,2082,19,3,116.13
5129,2082,31,3,32.4
5130,2082,44,3,75.69
5131,2083,52,1,34.98
5132,2083,6,3,289.07
5133,2083,41,3,110.85
5134,2083,60,3,13.97
5135,2084,31,3,34.1
5136,2085,27,2,56.01
5137,2085,45,3,165.88
5138,2086,60,3,13.97
5139,2086,44,3,75.69
5140,2087,34,1,35.16
5141,2087,19,3,116.13
5142,2087,59,3,24.67
5143,2087,55,3,25.2
5144,2088,37,2,13.06
5145,2089,38,1,38.97
5146,2089,41,3,110.85
5147,2089,20,1,102.52
5148,2089,53,1,8.99
5149,2090,59,3,24.67
5150,2090,40,1,58.6
5151,2091,40,1,58.6
5152,2092,47,1,130.34
5153,2093,38,2,38.97
5154,2094,49,2,84.22
5155,2095,23,3,34.05
5156,2095,26,3,84.32
5157,2095,32,2,13.9
5158,2096,16,3,117.45
5159,2096,20,1,102.52
5160,2096,29,2,17.72
5161,2096,32,3,13.9
5162,2097,35,3,6.33
5163,2097,36,3,10.41
5164,2097,7,2,97.14
5165,2098,24,3,42.02
5166,2098,47,1,130.34
5167,2098,7,1,97.14
5168,2098,28,3,9.66
5169,2099,40,3,58.6
5170,2099,28,1,9.66
5171,2100,35,3,6.01
5172,2101,18,3,117.9
5173,2101,43,1,37.07
5174,2102,47,3,130.34
5175,2102,30,2,30.51
5176,2102,42,2,76.5
5177,2102,23,2,34.05
5178,2103,6,3,289.07
5179,2104,8,3,175.41
5180,2105,26,2,84.32
5181,2105,17,2,63.23
5182,2106,42,2,76.5
5183,2107,51,2,5.07
5184,2107,28,3,9.18
5185,2107,52,1,34.98
5186,2107,27,2,58.96
5187,2108,29,1,17.72
5188,2108,51,3,5.07
5189,2109,55,1,25.2
5190,2110,44,1,75.69
5191,2111,54,1,5.86
5192,2112,53,2,8.99
5193,2112,8,2,166.64
5194,2113,16,1,111.58
5195,2114,29,1,17.72
5196,2114,34,3,35.16
5197,2114,43,1,37.07
5198,2114,60,1,13.27
5199,2115,37,2,13.06
5200,2115,27,2,58.96
5201,2115,59,2,24.67
5202,2116,13,1,71.35
5203,2116,43,2,37.07
5204,2117,47,2,130.34
5205,2118,51,1,5.07
5206,2118,5,2,176.19
5207,2118,31,2,34.1
5208,2119,40,3,58.6
5209,2119,60,3,13.97
5210,2119,24,1,42.02
5211,2119,16,3,117.45
5212,2120,51,3,5.07
5213,2121,30,1,30.51
5214,2122,13,2,71.35
5215,2123,18,3,117.9
5216,2123,44,1,75.69
5217,2124,5,2,176.19
5218,2124,23,1,34.05
5219,2124,15,1,42.56
5220,2124,41,2,116.68
5221,2125,30,3,28.98
5222,2126,57,3,22.42
5223,2127,46,3,167.04
5224,2128,54,1,5.86
5225,2129,37,1,13.06
5226,2130,49,1,88.65
5227,2130,47,3,130.34
5228,2130,42,2,76.5
5229,2130,33,3,35.23
5230,2131,28,2,9.66
5231,2131,30,3,30.51
5232,2131,6,2,289.07
5233,2131,40,1,58.6
5234,2132,44,1,75.69
5235,2132,36,1,10.96
5236,2133,58,3,20.39
5237,2133,3,2,42.57
5238,2134,2,2,118.54
5239,2134,57,1,22.42
5240,2135,49,1,88.65
5241,2135,25,2,41.66
5242,2135,15,3,42.56
5243,2135,46,2,167.04
5244,2136,43,1,37.07
5245,2136,55,1,25.2
5246,2136,41,3,116.68
5247,2137,60,3,13.97
5248,2137,9,3,247.25
5249,2137,12,1,120.17
5250,2137,1,2,166.25
5251,2138,60,2,13.97
5252,2139,11,2,62.04
5253,2139,9,3,247.25
5254,2140,37,1,13.06
5255,2140,11,1,58.94
5256,2140,29,3,16.83
5257,2141,58,3,21.46
5258,2141,12,3,120.17
5259,2142,4,1,343.75
5260,2142,33,3,33.47
5261,2142,30,3,30.51
5262,2143,46,1,167.04
5263,2143,56,2,15.32
5264,2143,24,1,42.02
5265,2144,51,1,5.07
5266,2144,40,3,58.6
5267,2144,39,3,59.27
5268,2144,46,2,167.04
5269,2145,55,3,25.2
5270,2145,30,3,30.51
5271,2145,19,1,116.13
5272,2145,27,1,58.96
5273,2146,55,2,25.2
5274,2147,55,2,25.2
5275,2147,47,3,130.34
5276,2148,23,1,34.05
5277,2148,25,2,41.66
5278,2148,30,2,30.51
5279,2149,36,2,10.96
5280,2149,10,2,236.19
5281,2149,30,1,28.98
5282,2149,12,1,120.17
5283,2150,26,1,84.32
5284,2151,5,3,176.19
5285,2151,28,3,9.66
5286,2151,32,2,13.21
5287,2152,60,3,13.97
5288,2152,30,2,30.51
5289,2153,26,1,84.32
5290,2154,48,1,101.61
5291,2154,38,2,38.97
5292,2155,20,3,102.52
5293,2156,32,2,13.9
5294,2156,9,1,234.89
5295,2156,52,3,34.98
5296,2157,3,1,42.57
5297,2157,17,2,60.07
5298,2158,45,1,174.61
5299,2159,27,1,58.96
5300,2159,8,2,175.41
5301,2160,16,1,117.45
5302,2161,34,2,35.16
5303,2161,48,3,101.61
5304,2161,25,1,41.66
5305,2162,15,2,42.56
5306,2162,39,2,59.27
5307,2163,34,3,35.16
5308,2163,4,3,343.75
5309,2163,23,1,34.05
5310,2164,35,2,6.33
5311,2164,5,2,167.38
5312,2164,29,2,17.72
5313,2164,27,3,58.96
5314,2165,30,3,30.51
5315,2165,8,2,166.64
5316,2165,6,3,289.07
5317,2165,45,2,174.61
5318,2166,30,3,30.51
5319,2166,50,3,53.01
5320,2166,34,3,33.4
5321,2166,35,1,6.33
5322,2167,14,1,39.32
5323,2167,13,2,71.35
5324,2168,52,3,33.23
5325,2168,38,2,38.97
5326,2169,11,2,62.04
5327,2169,48,3,101.61
5328,2170,51,3,5.07
5329,2170,44,2,75.69
5330,2170,43,2,37.07
5331,2170,47,1,123.82
5332,2171,41,3,116.68
5333,2171,47,2,130.34
5334,2171,7,1,97.14
5335,2172,45,1,174.61
5336,2172,55,2,25.2
5337,2173,34,3,35.16
5338,2173,37,2,13.06
5339,2173,16,3,117.45
5340,2174,6,3,289.07
5341,2174,48,1,101.61
5342,2174,28,3,9.18
5343,2175,23,3,34.05
5344,2175,44,1,75.69
5345,2175,37,1,13.06
5346,2176,58,2,21.46
5347,2176,37,1,13.06
5348,2177,39,3,59.27
5349,2177,55,1,25.2
5350,2177,52,1,34.98
5351,2177,1,1,166.25
5352,2178,60,3,13.97
5353,2178,6,3,289.07
5354,2178,4,2,343.75
5355,2179,5,3,176.19
5356,2179,44,3,75.69
5357,2180,13,1,71.35
5358,2181,57,2,21.3
5359,2181,7,2,97.14
5360,2182,36,3,10.41
5361,2183,37,3,13.06
5362,2183,6,2,289.07
5363,2183,15,3,42.56
5364,2184,4,3,343.75
5365,2184,53,1,8.99
5366,2184,39,3,59.27
5367,2185,41,3,110.85
5368,2185,53,2,8.99
5369,2185,14,1,39.32
5370,2185,37,1,13.06
5371,2186,38,1,38.97
5372,2186,58,1,20.39
5373,2186,42,2,76.5
5374,2187,34,1,33.4
5375,2187,18,1,117.9
5376,2187,16,2,111.58
5377,2188,41,2,116.68
5378,2188,40,1,58.6
5379,2189,54,3,5.86
5380,2189,39,2,59.27
5381,2190,13,3,71.35
5382,2190,18,1,124.11
5383,2190,51,1,5.07
5384,2190,40,3,58.6
5385,2191,22,3,41.98
5386,2191,26,2,84.32
5387,2191,34,2,35.16
5388,2192,28,3,9.18
5389,2192,55,3,23.94
5390,2193,7,3,97.14
5391,2193,27,2,58.96
5392,2194,2,3,118.54
5393,2194,30,3,30.51
5394,2194,25,2,41.66
5395,2194,40,2,58.6
5396,2195,25,2,41.66
5397,2195,21,2,69.32
5398,2196,10,1,236.19
5399,2196,45,1,174.61
5400,2197,24,3,42.02
5401,2197,33,1,35.23
5402,2197,35,1,6.33
5403,2198,22,3,41.98
5404,2199,10,2,236.19
5405,2199,16,2,117.45
5406,2199,2,2,118.54
5407,2200,28,1,9.66
5408,2200,4,3,343.75
5409,2200,36,2,10.96
5410,2201,47,3,130.34
5411,2201,26,1,84.32
5412,2202,15,3,42.56
5413,2202,60,2,13.97
5414,2202,30,1,30.51
5415,2203,46,2,167.04
5416,2203,52,3,34.98
5417,2204,49,1,88.65
5418,2204,14,2,39.32
5419,2205,11,2,62.04
5420,2206,56,1,15.32
5421,2206,47,1,130.34
5422,2206,11,2,58.94
5423,2206,34,1,35.16
5424,2207,8,3,166.64
5425,2207,15,2,40.43
5426,2207,39,3,59.27
5427,2208,27,1,58.96
5428,2208,45,1,174.61
5429,2208,37,3,13.06
5430,2209,36,3,10.96
5431,2209,39,3,59.27
5432,2209,31,3,34.1
5433,2209,27,2,58.96
5434,2210,27,1,58.96
5435,2210,17,2,60.07
5436,2210,20,1,97.39
5437,2210,8,3,175.41
5438,2211,6,3,274.62
5439,2212,13,3,71.35
5440,2213,4,2,343.75
5441,2213,49,1,88.65
5442,2213,38,3,38.97
5443,2214,1,2,166.25
5444,2214,27,3,58.96
5445,2214,9,3,247.25
5446,2215,60,1,13.97
5447,2215,8,3,175.41
5448,2216,54,2,5.86
5449,2216,11,1,62.04
5450,2216,42,1,76.5
5451,2216,24,3,42.02
5452,2217,38,1,38.97
5453,2217,28,2,9.18
5454,2217,24,3,42.02
5455,2218,60,2,13.97
5456,2218,19,2,116.13
5457,2219,49,3,88.65
5458,2220,50,1,50.36
5459,2220,43,2,37.07
5460,2220,48,3,101.61
5461,2220,30,3,30.51
5462,2221,14,1,39.32
5463,2221,22,1,41.98
5464,2221,29,2,17.72
5465,2221,11,2,58.94
5466,2222,48,2,101.61
5467,2222,57,1,22.42
5468,2222,17,3,63.23
5469,2223,32,1,13.9
5470,2223,56,3,15.32
5471,2223,57,1,22.42
5472,2223,1,1,166.25
5473,2224,45,3,165.88
5474,2224,43,3,37.07
5475,2225,26,3,84.32
5476,2225,32,3,13.9
5477,2225,50,2,53.01
5478,2226,31,1,32.4
5479,2226,27,2,58.96
5480,2227,47,1,130.34
5481,2227,54,3,5.86
5482,2228,36,2,10.96
5483,2228,55,1,25.2
5484,2228,48,1,96.53
5485,2229,53,1,8.99
5486,2230,4,2,326.56
5487,2230,29,2,17.72
5488,2230,8,3,175.41
5489,2231,27,1,58.96
5490,2231,1,3,157.94
5491,2232,21,2,69.32
5492,2232,39,2,59.27
5493,2233,14,1,39.32
5494,2233,53,2,8.99
5495,2233,52,1,33.23
5496,2234,22,1,41.98
5497,2235,58,1,21.46
5498,2236,38,2,38.97
5499,2236,18,3,124.11
5500,2236,36,3,10.96
5501,2237,41,2,116.68
5502,2237,25,1,41.66
5503,2238,17,3,63.23
5504,2238,49,2,88.65
5505,2238,59,3,24.67
5506,2239,35,3,6.33
5507,2239,2,2,118.54
5508,2240,55,2,25.2
5509,2240,58,1,21.46
5510,2240,5,3,176.19
5511,2241,25,1,39.58
5512,2241,10,3,236.19
5513,2242,6,2,289.07
5514,2243,24,2,42.02
5515,2244,59,3,24.67
5516,2244,5,2,176.19
5517,2245,50,1,50.36
5518,2245,39,3,59.27
5519,2246,51,3,5.07
5520,2246,3,2,42.57
5521,2246,40,3,58.6
5522,2246,13,1,71.35
5523,2247,40,3,58.6
5524,2247,26,3,84.32
5525,2248,5,3,176.19
5526,2248,14,1,39.32
5527,2248,45,1,174.61
5528,2249,15,2,40.43
5529,2249,57,3,21.3
5530,2249,23,2,34.05
5531,2250,18,3,124.11
5532,2250,39,2,56.31
5533,2250,44,3,75.69
5534,2251,48,3,96.53
5535,2251,9,1,247.25
5536,2251,43,2,37.07
5537,2252,14,1,39.32
5538,2252,28,2,9.66
5539,2253,55,3,25.2
5540,2253,32,2,13.9
5541,2253,9,2,247.25
5542,2253,46,1,167.04
5543,2254,13,3,67.78
5544,2254,14,3,37.35
5545,2254,49,3,88.65
5546,2255,2,3,118.54
5547,2255,57,2,22.42
5548,2256,23,2,34.05
5549,2257,55,1,25.2
5550,2257,4,3,343.75
5551,2257,10,1,236.19
5552,2258,16,1,111.58
5553,2259,45,1,174.61
5554,2259,48,3,101.61
5555,2260,33,1,35.23
5556,2261,32,1,13.9
5557,2261,11,1,62.04
5558,2262,18,2,124.11
5559,2262,44,1,71.91
5560,2262,5,2,176.19
5561,2263,54,3,5.86
5562,2263,32,2,13.9
5563,2263,13,2,71.35
5564,2263,41,1,116.68
5565,2264,7,3,97.14
5566,2264,55,3,25.2
5567,2264,8,1,175.41
5568,2265,24,2,42.02
5569,2265,49,2,88.65
5570,2266,58,1,21.46
5571,2267,46,3,167.04
5572,2267,31,1,34.1
5573,2268,10,3,236.19
5574,2268,27,2,56.01
5575,2269,2,1,118.54
5576,2269,60,3,13.97
5577,2270,46,2,158.69
5578,2270,51,2,5.07
5579,2270,58,2,21.46
5580,2271,50,2,50.36
5581,2271,11,1,62.04
5582,2271,54,1,5.86
5583,2272,3,3,42.57
5584,2272,54,1,5.86
5585,2272,11,2,58.94
5586,2273,52,2,34.98
5587,2273,42,2,76.5
5588,2273,5,1,176.19
5589,2273,24,1,42.02
5590,2274,22,1,41.98
5591,2275,40,1,58.6
5592,2275,8,3,175.41
5593,2275,57,1,21.3
5594,2276,53,3,8.99
5595,2276,17,3,63.23
5596,2277,51,2,5.07
5597,2277,16,3,111.58
5598,2277,54,1,5.86
5599,2277,38,2,38.97
5600,2278,45,1,174.61
5601,2278,9,2,247.25
5602,2278,18,2,124.11
5603,2279,21,2,69.32
5604,2279,47,3,130.34
5605,2280,56,2,15.32
5606,2281,27,3,56.01
5607,2281,51,1,4.82
5608,2281,21,1,69.32
5609,2281,39,1,59.27
5610,2282,56,2,15.32
5611,2282,57,1,21.3
5612,2282,2,3,112.61
5613,2282,45,2,165.88
5614,2283,10,2,236.19
5615,2283,29,1,17.72
5616,2284,21,2,69.32
5617,2285,10,2,236.19
5618,2285,58,1,21.46
5619,2285,44,1,75.69
5620,2285,32,3,13.9
5621,2286,41,2,110.85
5622,2286,50,2,53.01
5623,2286,44,1,75.69
5624,2287,29,2,17.72
5625,2287,57,1,22.42
5626,2287,60,1,13.97
5627,2287,9,2,247.25
5628,2288,40,2,58.6
5629,2288,29,3,17.72
5630,2288,34,1,35.16
5631,2288,18,3,124.11
5632,2289,50,1,53.01
5633,2289,4,1,343.75
5634,2290,29,3,16.83
5635,2290,4,2,343.75
5636,2291,33,3,35.23
5637,2291,8,3,175.41
5638,2291,59,2,24.67
5639,2292,20,1,102.52
5640,2292,40,1,58.6
5641,2292,4,3,343.75
5642,2293,51,2,5.07
5643,2293,10,1,236.19
5644,2293,11,2,58.94
5645,2294,54,1,5.86
5646,2294,59,2,24.67
5647,2295,15,3,42.56
5648,2295,37,2,13.06
5649,2295,11,3,62.04
5650,2295,38,3,38.97
5651,2296,49,2,88.65
5652,2297,54,3,5.57
5653,2297,20,3,102.52
5654,2298,48,2,96.53
5655,2298,33,2,35.23
5656,2298,18,1,124.11
5657,2299,25,2,41.66
5658,2299,34,3,35.16
5659,2300,20,2,102.52
5660,2301,60,1,13.97
5661,2301,14,2,37.35
5662,2302,34,1,35.16
5663,2302,2,3,118.54
5664,2302,52,1,34.98
5665,2302,38,2,38.97
5666,2303,14,1,39.32
5667,2303,52,1,34.98
5668,2303,56,2,15.32
5669,2303,27,3,58.96
5670,2304,43,3,37.07
5671,2304,11,3,62.04
5672,2305,52,2,34.98
5673,2305,57,1,22.42
5674,2305,27,3,58.96
5675,2305,4,3,343.75
5676,2306,55,3,25.2
5677,2306,11,2,62.04
5678,2307,22,1,41.98
5679,2307,7,2,97.14
5680,2307,9,1,247.25
5681,2307,58,2,21.46
5682,2308,6,2,289.07
5683,2308,16,1,117.45
5684,2308,48,1,101.61
5685,2308,42,3,76.5
5686,2309,37,2,13.06
5687,2309,29,1,16.83
5688,2310,44,3,75.69
5689,2310,8,2,175.41
5690,2311,22,1,39.88
5691,2311,30,3,30.51
5692,2311,3,2,42.57
5693,2312,6,2,289.07
5694,2312,40,2,58.6
5695,2312,54,3,5.57
5696,2312,41,3,116.68
5697,2313,57,1,21.3
5698,2313,12,3,120.17
5699,2314,57,1,22.42
5700,2314,37,1,13.06
5701,2314,25,3,41.66
5702,2315,18,1,124.11
5703,2315,10,1,224.38
5704,2316,2,3,118.54
5705,2316,47,1,130.34
5706,2316,50,1,53.01
5707,2317,14,3,37.35
5708,2318,57,3,22.42
5709,2318,27,2,58.96
5710,2318,21,3,69.32
5711,2318,17,2,63.23
5712,2319,16,1,117.45
5713,2320,5,3,176.19
5714,2321,35,3,6.33
5715,2321,47,2,130.34
5716,2321,28,1,9.18
5717,2321,41,1,116.68
5718,2322,37,2,13.06
5719,2322,21,2,69.32
5720,2322,53,1,8.54
5721,2323,22,3,41.98
5722,2324,59,1,24.67
5723,2324,29,2,16.83
5724,2324,12,1,120.17
5725,2324,31,2,34.1
5726,2325,45,2,174.61
5727,2326,31,3,34.1
5728,2326,57,1,22.42
5729,2327,9,3,247.25
5730,2327,3,3,42.57
5731,2327,33,1,35.23
5732,2327,15,3,42.56
5733,2328,26,2,84.32
5734,2328,28,1,9.66
5735,2328,43,3,37.07
5736,2328,44,3,75.69
5737,2329,55,1,25.2
5738,2329,42,2,76.5
5739,2330,24,1,42.02
5740,2330,22,3,41.98
5741,2330,15,2,40.43
5742,2331,40,3,58.6
5743,2331,46,2,167.04
5744,2332,43,2,37.07
5745,2332,3,1,42.57
5746,2333,23,2,34.05
5747,2333,41,3,116.68
5748,2334,53,2,8.99
5749,2334,24,2,42.02
5750,2334,5,2,176.19
5751,2334,45,1,165.88
5752,2335,1,1,166.25
5753,2335,55,1,25.2
5754,2336,52,1,34.98
5755,2336,40,3,58.6
5756,2336,44,2,75.69
5757,2337,17,3,63.23
5758,2337,38,1,38.97
5759,2337,9,1,234.89
5760,2337,20,1,102.52
5761,2338,12,1,120.17
5762,2338,17,3,63.23
5763,2339,29,3,17.72
5764,2339,10,3,236.19
5765,2340,47,2,130.34
5766,2341,59,1,24.67
5767,2341,47,1,130.34
5768,2342,30,1,30.51
5769,2342,59,1,24.67
5770,2342,12,3,120.17
5771,2343,11,1,62.04
5772,2343,32,3,13.9
5773,2343,51,3,5.07
5774,2344,37,3,12.41
5775,2344,20,2,97.39
5776,2344,3,2,42.57
5777,2345,44,2,71.91
5778,2345,30,2,30.51
5779,2345,51,1,4.82
5780,2346,22,1,41.98
5781,2346,46,3,167.04
5782,2346,17,1,63.23
5783,2346,54,2,5.86
5784,2347,45,1,174.61
5785,2348,33,1,35.23
5786,2348,50,1,53.01
5787,2348,5,1,176.19
5788,2349,31,2,32.4
5789,2349,40,1,58.6
5790,2349,53,1,8.99
5791,2350,40,1,58.6
5792,2351,32,2,13.9
5793,2351,31,2,34.1
5794,2351,19,1,116.13
5795,2352,53,1,8.99
5796,2352,40,2,58.6
5797,2352,22,3,41.98
5798,2353,20,2,97.39
5799,2353,3,2,42.57
5800,2354,39,1,59.27
5801,2355,32,2,13.21
5802,2355,3,1,40.44
5803,2355,57,2,21.3
5804,2355,55,1,23.94
5805,2356,40,3,55.67
5806,2357,7,2,97.14
5807,2357,55,2,25.2
5808,2357,3,2,42.57
5809,2357,20,2,102.52
5810,2358,5,2,176.19
5811,2358,9,1,247.25
5812,2359,2,2,118.54
5813,2359,44,2,75.69
5814,2359,14,1,39.32
5815,2360,18,3,124.11
5816,2361,14,1,39.32
5817,2361,6,3,289.07
5818,2361,29,3,16.83
5819,2362,13,2,71.35
5820,2363,21,2,69.32
5821,2363,35,2,6.33
5822,2364,45,2,174.61
5823,2364,56,1,15.32
5824,2365,57,1,21.3
5825,2365,44,3,75.69
5826,2365,36,2,10.96
5827,2366,48,2,96.53
5828,2366,31,3,34.1
5829,2366,50,3,50.36
5830,2367,35,2,6.33
5831,2367,48,2,101.61
5832,2368,40,2,58.6
5833,2369,24,1,42.02
5834,2370,5,1,176.19
5835,2370,47,2,130.34
5836,2370,9,3,247.25
5837,2370,55,1,23.94
5838,2371,12,1,114.16
5839,2371,31,2,34.1
5840,2371,30,2,30.51
5841,2372,31,2,34.1
5842,2372,25,3,41.66
5843,2372,4,2,343.75
5844,2373,52,3,34.98
5845,2373,14,1,39.32
5846,2374,51,2,4.82
5847,2375,42,2,76.5
5848,2376,57,1,22.42
5849,2376,16,3,117.45
5850,2376,18,2,124.11
5851,2376,15,3,42.56
5852,2377,21,3,69.32
5853,2377,34,1,35.16
5854,2377,50,2,53.01
5855,2377,12,3,120.17
5856,2378,56,1,15.32
5857,2378,12,2,120.17
5858,2378,57,3,22.42
5859,2378,24,2,42.02
5860,2379,36,2,10.96
5861,2379,12,1,114.16
5862,2379,10,3,236.19
5863,2379,21,2,69.32
5864,2380,30,3,30.51
5865,2381,11,3,62.04
5866,2381,9,3,247.25
5867,2381,36,3,10.96
5868,2381,22,1,41.98
5869,2382,38,1,38.97
5870,2382,54,3,5.57
5871,2382,47,2,130.34
5872,2383,49,1,84.22
5873,2383,53,3,8.99
5874,2383,52,2,34.98
5875,2383,18,1,124.11
5876,2384,56,1,15.32
5877,2384,44,2,75.69
5878,2384,57,2,21.3
5879,2384,11,2,62.04
5880,2385,26,2,84.32
5881,2386,56,3,15.32
5882,2386,4,2,343.75
5883,2386,36,2,10.41
5884,2387,47,2,130.34
5885,2387,43,3,37.07
5886,2387,10,1,224.38
5887,2388,10,3,236.19
5888,2388,19,1,110.32
5889,2388,50,1,53.01
5890,2389,9,3,247.25
5891,2390,27,2,58.96
5892,2390,6,1,289.07
5893,2390,23,1,32.35
5894,2390,47,2,130.34
5895,2391,17,1,63.23
5896,2392,46,1,167.04
5897,2392,53,3,8.99
5898,2392,25,1,41.66
5899,2392,23,2,34.05
5900,2393,55,2,25.2
5901,2393,45,3,174.61
5902,2393,4,1,343.75
5903,2393,26,2,84.32
5904,2394,33,1,35.23
5905,2395,26,1,84.32
5906,2395,33,1,35.23
5907,2395,44,1,75.69
5908,2395,51,1,5.07
5909,2396,35,1,6.33
5910,2396,46,2,167.04
5911,2397,23,1,34.05
5912,2397,56,2,15.32
5913,2397,20,1,102.52
5914,2397,19,2,116.13
5915,2398,30,2,28.98
5916,2398,32,3,13.9
5917,2399,15,2,42.56
5918,2399,24,3,42.02
5919,2400,60,1,13.97
5920,2400,16,3,111.58
5921,2401,7,2,97.14
5922,2401,5,1,176.19
5923,2401,44,3,75.69
5924,2402,20,1,102.52
5925,2402,15,3,42.56
5926,2402,58,1,21.46
5927,2403,32,3,13.9
5928,2403,52,3,34.98
5929,2403,8,1,175.41
5930,2404,38,3,38.97
5931,2405,33,1,33.47
5932,2405,31,2,34.1
5933,2405,40,1,58.6
5934,2406,41,2,110.85
5935,2406,20,3,102.52
5936,2406,50,3,53.01
5937,2406,43,2,35.22
5938,2407,51,2,5.07
5939,2408,9,2,247.25
5940,2408,3,2,42.57
5941,2408,24,1,42.02
5942,2408,38,1,38.97
5943,2409,51,2,4.82
5944,2410,8,1,175.41
5945,2410,59,1,23.44
5946,2410,35,1,6.33
5947,2410,24,1,39.92
5948,2411,6,2,289.07
5949,2411,12,3,120.17
5950,2411,11,1,62.04
5951,2412,41,3,116.68
5952,2412,47,2,123.82
5953,2412,38,1,38.97
5954,2413,7,1,97.14
5955,2413,13,2,71.35
5956,2413,25,1,41.66
5957,2414,58,2,21.46
5958,2414,41,2,116.68
5959,2414,46,3,167.04
5960,2414,2,3,112.61
5961,2415,32,3,13.9
5962,2415,26,3,84.32
5963,2416,12,1,120.17
5964,2416,1,2,166.25
5965,2416,8,3,175.41
5966,2416,58,2,21.46
5967,2417,12,3,120.17
5968,2418,10,1,236.19
5969,2419,1,2,166.25
5970,2419,47,2,130.34
5971,2419,39,3,59.27
5972,2420,55,2,25.2
5973,2420,52,1,34.98
5974,2420,7,1,97.14
5975,2420,1,2,166.25
5976,2421,23,3,34.05
5977,2422,46,2,167.04
5978,2422,14,3,39.32
5979,2422,43,1,37.07
5980,2422,15,1,40.43
5981,2423,36,1,10.96
5982,2423,8,3,175.41
5983,2423,14,2,39.32
5984,2424,39,2,56.31
5985,2424,23,3,32.35
5986,2425,11,2,58.94
5987,2425,55,1,25.2
5988,2425,57,1,22.42
5989,2425,43,1,35.22
5990,2426,6,3,274.62
5991,2427,25,2,41.66
5992,2428,40,1,58.6
5993,2428,12,2,120.17
5994,2429,15,2,42.56
5995,2429,24,3,42.02
5996,2429,19,3,116.13
5997,2430,11,2,62.04
5998,2430,51,1,4.82
5999,2430,23,2,34.05
6000,2430,15,2,42.56
6001,2431,7,2,97.14
6002,2431,48,2,101.61
6003,2431,41,3,116.68
6004,2431,8,1,175.41
6005,2432,21,2,69.32
6006,2432,58,1,21.46
6007,2432,11,1,62.04
6008,2432,22,1,41.98
6009,2433,53,1,8.54
6010,2433,42,2,76.5
6011,2433,46,3,167.04
6012,2434,13,1,71.35
6013,2434,42,2,76.5
6014,2434,23,2,34.05
6015,2434,40,1,58.6
6016,2435,17,1,63.23
6017,2435,10,2,236.19
6018,2435,35,3,6.33
6019,2436,23,3,34.05
6020,2436,21,2,69.32
6021,2437,58,1,20.39
6022,2437,17,2,63.23
6023,2437,49,2,88.65
6024,2437,2,1,118.54
6025,2438,18,3,124.11
6026,2438,2,3,112.61
6027,2438,45,1,174.61
6028,2439,41,2,116.68
6029,2439,23,2,32.35
6030,2439,1,2,166.25
6031,2440,39,2,59.27
6032,2440,5,2,176.19
6033,2440,55,1,25.2
6034,2440,49,1,88.65
6035,2441,24,2,42.02
6036,2441,53,3,8.99
6037,2441,23,3,32.35
6038,2441,45,2,174.61
6039,2442,57,3,22.42
6040,2443,13,1,71.35
6041,2443,9,3,247.25
6042,2444,46,3,167.04
6043,2444,27,2,58.96
6044,2444,28,2,9.66
6045,2444,51,2,5.07
6046,2445,41,2,110.85
6047,2445,9,3,247.25
6048,2445,52,2,34.98
6049,2446,20,1,102.52
6050,2446,43,1,35.22
6051,2446,58,2,21.46
6052,2447,42,2,76.5
6053,2448,22,3,41.98
6054,2449,20,1,102.52
6055,2449,4,2,343.75
6056,2450,9,1,247.25
6057,2450,48,3,101.61
6058,2450,5,2,176.19
6059,2451,14,2,39.32
6060,2451,22,1,39.88
6061,2451,37,1,13.06
6062,2452,9,3,247.25
6063,2452,4,1,343.75
6064,2452,19,3,116.13
6065,2452,31,1,32.4
6066,2453,10,3,236.19
6067,2453,25,3,41.66
6068,2454,46,3,167.04
6069,2454,34,2,35.16
6070,2454,58,2,21.46
6071,2455,1,1,166.25
6072,2455,29,2,17.72
6073,2455,54,3,5.86
6074,2455,21,3,65.85
6075,2456,25,1,41.66
6076,2456,8,1,175.41
6077,2456,6,3,289.07
6078,2456,20,2,102.52
6079,2457,40,1,58.6
6080,2457,45,3,165.88
6081,2458,13,2,71.35
6082,2458,34,1,35.16
6083,2458,53,2,8.99
6084,2459,31,1,34.1
6085,2460,44,2,75.69
6086,2461,38,1,38.97
6087,2462,20,3,102.52
6088,2462,15,2,42.56
6089,2462,18,2,124.11
6090,2462,57,2,22.42
6091,2463,15,3,42.56
6092,2463,57,3,22.42
6093,2463,27,3,58.96
6094,2464,1,3,166.25
6095,2464,47,3,130.34
6096,2464,2,3,118.54
6097,2464,60,1,13.97
6098,2465,30,2,30.51
6099,2465,5,2,167.38
6100,2465,6,2,289.07
6101,2465,32,1,13.9
6102,2466,52,1,34.98
6103,2466,45,2,174.61
6104,2467,28,3,9.66
6105,2467,44,1,75.69
6106,2467,55,1,25.2
6107,2468,56,2,14.55
6108,2468,17,1,63.23
6109,2469,40,2,58.6
6110,2469,27,3,58.96
6111,2469,22,1,41.98
6112,2469,12,3,114.16
6113,2470,59,2,24.67
6114,2471,13,2,71.35
6115,2472,22,2,41.98
6116,2472,30,2,28.98
6117,2472,53,1,8.54
6118,2473,43,1,37.07
6119,2473,41,1,116.68
6120,2474,12,3,120.17
6121,2475,15,3,42.56
6122,2475,41,3,116.68
6123,2475,48,3,101.61
6124,2476,25,1,41.66
6125,2476,15,1,42.56
6126,2477,15,1,42.56
6127,2477,38,3,38.97
6128,2478,7,1,97.14
6129,2478,5,1,167.38
6130,2478,56,1,14.55
6131,2478,52,1,34.98
6132,2479,5,3,176.19
6133,2479,15,1,42.56
6134,2480,13,3,71.35
6135,2481,20,1,102.52
6136,2482,48,3,96.53
6137,2482,11,2,62.04
6138,2482,21,1,69.32
6139,2483,58,1,21.46
6140,2483,17,2,63.23
6141,2483,42,1,76.5
6142,2484,55,2,25.2
6143,2485,42,1,76.5
6144,2485,51,1,5.07
6145,2485,19,2,116.13
6146,2486,59,2,23.44
6147,2486,56,3,15.32
6148,2486,49,1,88.65
6149,2487,36,3,10.96
6150,2487,25,1,41.66
6151,2488,21,2,69.32
6152,2489,3,2,42.57
6153,2489,12,3,120.17
6154,2489,10,1,236.19
6155,2490,11,1,62.04
6156,2490,41,2,110.85
6157,2491,28,2,9.66
6158,2491,23,2,34.05
6159,2491,50,1,53.01
6160,2492,57,2,22.42
6161,2492,46,2,167.04
6162,2492,34,2,35.16
6163,2493,59,3,24.67
6164,2493,50,1,53.01
6165,2493,57,1,22.42
6166,2494,7,3,97.14
6167,2494,16,3,117.45
6168,2494,51,3,5.07
6169,2494,12,1,120.17
6170,2495,36,1,10.96
6171,2495,27,1,56.01
6172,2496,1,1,157.94
6173,2496,24,2,42.02
6174,2496,53,2,8.99
6175,2497,44,3,75.69
6176,2497,18,3,124.11
6177,2498,47,1,130.34
6178,2498,4,3,343.75
6179,2499,53,1,8.54
6180,2500,8,3,166.64
6181,2500,60,3,13.97
6182,2501,7,2,97.14
6183,2501,9,2,234.89
6184,2501,46,2,167.04
6185,2501,23,1,34.05
6186,2502,4,3,343.75
6187,2502,45,2,174.61
6188,2502,46,1,167.04
6189,2502,1,1,166.25
6190,2503,45,3,174.61
6191,2504,58,2,21.46
6192,2504,55,2,25.2
6193,2504,50,2,53.01
6194,2504,33,1,33.47
6195,2505,55,1,25.2
6196,2505,6,1,289.07
6197,2505,7,1,97.14
6198,2505,16,3,117.45
6199,2506,4,2,343.75
6200,2506,53,3,8.99
6201,2507,54,3,5.57
6202,2507,2,3,118.54
6203,2507,53,1,8.99
6204,2507,60,3,13.97
6205,2508,22,1,41.98
6206,2508,42,2,76.5
6207,2508,15,1,40.43
6208,2508,19,2,116.13
6209,2509,42,3,76.5
6210,2509,51,1,5.07
6211,2510,40,3,58.6
6212,2510,37,2,13.06
6213,2511,29,2,17.72
6214,2511,58,1,21.46
6215,2511,47,2,123.82
6216,2512,49,3,88.65
6217,2513,39,2,59.27
6218,2513,7,3,97.14
6219,2513,5,2,176.19
6220,2514,2,1,118.54
6221,2514,34,3,35.16
6222,2514,45,3,165.88
6223,2514,55,1,25.2
6224,2515,35,1,6.33
6225,2515,22,1,39.88
6226,2515,46,2,167.04
6227,2516,57,1,22.42
6228,2516,50,2,53.01
6229,2517,46,1,167.04
6230,2517,11,1,62.04
6231,2517,5,3,176.19
6232,2518,25,2,41.66
6233,2518,57,3,22.42
6234,2518,22,3,39.88
6235,2518,33,3,35.23
6236,2519,13,2,71.35
6237,2520,50,1,53.01
6238,2521,10,3,236.19
6239,2521,14,1,39.32
6240,2521,23,3,34.05
6241,2521,42,2,72.67
6242,2522,17,3,63.23
6243,2523,3,1,42.57
6244,2524,1,2,166.25
6245,2525,7,1,97.14
6246,2525,59,3,23.44
6247,2525,15,1,42.56
6248,2525,3,2,40.44
6249,2526,47,1,130.34
6250,2526,28,3,9.66
6251,2527,58,1,21.46
6252,2527,32,3,13.9
6253,2527,24,1,42.02
6254,2528,35,2,6.33
6255,2529,32,2,13.9
6256,2529,25,3,39.58
6257,2530,4,1,343.75
6258,2530,46,3,167.04
6259,2530,33,1,35.23
6260,2530,52,3,34.98
6261,2531,29,1,17.72
6262,2532,11,3,62.04
6263,2532,51,3,5.07
6264,2532,10,3,236.19
6265,2532,27,1,58.96
6266,2533,40,2,58.6
6267,2533,30,2,30.51
6268,2533,49,3,84.22
6269,2533,21,2,69.32
6270,2534,38,1,38.97
6271,2535,35,3,6.33
6272,2535,30,2,30.51
6273,2535,23,1,34.05
6274,2535,10,2,236.19
6275,2536,53,3,8.99
6276,2536,4,2,343.75
6277,2536,57,2,22.42
6278,2537,33,3,35.23
6279,2538,20,3,97.39
6280,2538,55,1,25.2
6281,2538,9,1,247.25
6282,2539,25,2,41.66
6283,2539,5,3,176.19
6284,2539,19,1,116.13
6285,2540,48,1,96.53
6286,2540,16,3,117.45
6287,2540,52,1,34.98
6288,2540,17,1,63.23
6289,2541,57,2,22.42
6290,2541,42,2,76.5
6291,2541,48,2,101.61
6292,2541,40,1,58.6
6293,2542,40,1,58.6
6294,2542,15,3,42.56
6295,2542,23,2,34.05
6296,2542,11,1,62.04
6297,2543,48,1,101.61
6298,2543,6,2,274.62
6299,2543,20,1,102.52
6300,2544,21,3,69.32
6301,2544,58,2,20.39
6302,2544,41,2,110.85
6303,2544,56,3,15.32
6304,2545,54,2,5.86
6305,2545,29,3,17.72
6306,2545,38,2,38.97
6307,2546,49,3,88.65
6308,2546,38,3,37.02
6309,2547,46,3,167.04
6310,2547,16,1,117.45
6311,2547,42,1,76.5
6312,2547,4,2,343.75
6313,2548,2,1,118.54
6314,2549,46,2,167.04
6315,2550,47,3,130.34
6316,2550,46,3,167.04
6317,2551,41,1,116.68
6318,2551,19,1,116.13
6319,2552,36,1,10.96
6320,2552,30,2,30.51
6321,2552,39,3,59.27
6322,2552,9,1,234.89
6323,2553,56,2,15.32
6324,2553,1,2,166.25
6325,2553,20,2,102.52
6326,2554,23,3,34.05
6327,2554,5,2,176.19
6328,2554,8,3,175.41
6329,2554,9,3,247.25
6330,2555,11,1,62.04
6331,2556,60,2,13.97
6332,2556,25,2,41.66
6333,2556,20,1,102.52
6334,2557,49,2,88.65
6335,2558,59,1,24.67
6336,2558,26,3,84.32
6337,2558,18,3,124.11
6338,2558,17,1,63.23
6339,2559,21,3,69.32
6340,2559,48,1,101.61
6341,2559,43,3,37.07
6342,2560,43,3,37.07
6343,2561,17,3,63.23
6344,2561,34,2,35.16
6345,2561,33,2,35.23
6346,2561,29,2,17.72
6347,2562,34,3,33.4
6348,2562,46,1,167.04
6349,2563,14,1,39.32
6350,2563,22,1,39.88
6351,2564,47,1,130.34
6352,2565,19,2,116.13
6353,2565,54,2,5.86
6354,2565,22,2,41.98
6355,2565,3,1,40.44
6356,2566,57,2,21.3
6357,2566,16,1,117.45
6358,2566,1,3,157.94
6359,2566,24,3,42.02
6360,2567,18,3,124.11
6361,2567,28,3,9.66
6362,2567,51,2,5.07
6363,2567,60,3,13.97
6364,2568,49,3,88.65
6365,2568,20,1,102.52
6366,2568,30,3,30.51
6367,2569,37,3,13.06
6368,2569,54,2,5.86
6369,2569,46,3,167.04
6370,2569,14,1,39.32
6371,2570,14,2,39.32
6372,2571,60,2,13.97
6373,2571,2,3,118.54
6374,2571,19,1,116.13
6375,2571,37,2,13.06
6376,2572,45,1,174.61
6377,2572,19,3,116.13
6378,2572,7,2,97.14
6379,2572,14,3,39.32
6380,2573,58,1,20.39
6381,2573,30,3,30.51
6382,2573,41,3,116.68
6383,2574,22,2,41.98
6384,2574,35,1,6.33
6385,2575,41,2,116.68
6386,2575,20,1,97.39
6387,2576,22,2,41.98
6388,2577,40,3,58.6
6389,2577,53,2,8.99
6390,2577,6,2,274.62
6391,2577,41,2,116.68
6392,2578,49,1,88.65
6393,2579,54,2,5.86
6394,2579,32,2,13.9
6395,2579,19,3,116.13
6396,2580,27,3,58.96
6397,2581,53,1,8.99
6398,2581,50,2,53.01
6399,2582,9,1,247.25
6400,2582,20,3,102.52
6401,2582,14,2,39.32
6402,2582,2,2,118.54
6403,2583,7,2,97.14
6404,2583,58,2,21.46
6405,2584,34,2,35.16
6406,2584,33,2,35.23
6407,2584,2,3,118.54
6408,2585,44,1,75.69
6409,2585,22,3,41.98
6410,2585,55,3,25.2
6411,2585,25,1,41.66
6412,2586,40,2,58.6
6413,2586,42,2,76.5
6414,2586,55,2,25.2
6415,2586,35,2,6.33
6416,2587,8,3,175.41
6417,2587,25,2,41.66
6418,2587,55,3,25.2
6419,2587,44,1,75.69
6420,2588,5,3,176.19
6421,2588,51,1,5.07
6422,2588,18,1,124.11
6423,2588,26,1,84.32
6424,2589,50,1,53.01
6425,2590,54,2,5.86
6426,2590,5,2,176.19
6427,2591,57,1,22.42
6428,2592,55,1,25.2
6429,2592,36,3,10.96
6430,2592,38,2,38.97
6431,2593,8,2,175.41
6432,2593,36,1,10.96
6433,2593,55,2,25.2
6434,2594,38,3,37.02
6435,2594,36,3,10.96
6436,2594,57,1,22.42
6437,2595,54,1,5.86
6438,2596,46,2,167.04
6439,2596,33,3,35.23
6440,2596,47,3,130.34
6441,2596,30,1,28.98
6442,2597,48,3,101.61
6443,2597,39,1,59.27
6444,2597,1,3,166.25
6445,2597,29,3,17.72
6446,2598,53,3,8.99
6447,2598,45,1,174.61
6448,2599,25,2,41.66
6449,2600,26,2,84.32
6450,2600,13,2,71.35
6451,2600,9,3,247.25
6452,2601,28,3,9.66
6453,2601,47,2,123.82
6454,2601,51,1,4.82
6455,2602,52,1,34.98
6456,2602,20,3,97.39
6457,2602,34,1,35.16
6458,2602,44,3,75.69
6459,2603,1,3,166.25
6460,2603,30,2,30.51
6461,2603,4,1,343.75
6462,2603,35,3,6.33
6463,2604,36,3,10.96
6464,2605,2,3,118.54
6465,2606,16,2,117.45
6466,2606,15,3,42.56
6467,2606,38,2,38.97
6468,2606,47,3,130.34
6469,2607,2,3,112.61
6470,2607,47,2,130.34
6471,2607,11,2,62.04
6472,2607,5,2,176.19
6473,2608,47,2,130.34
6474,2609,58,1,21.46
6475,2609,19,1,116.13
6476,2609,57,1,21.3
6477,2609,4,1,343.75
6478,2610,6,2,274.62
6479,2610,5,3,176.19
6480,2610,14,3,39.32
6481,2610,56,2,14.55
6482,2611,34,2,35.16
6483,2611,56,3,15.32
6484,2611,28,2,9.66
6485,2611,21,3,69.32
6486,2612,17,1,63.23
6487,2612,37,1,13.06
6488,2613,49,2,88.65
6489,2613,13,2,67.78
6490,2613,16,1,111.58
6491,2613,55,2,25.2
6492,2614,14,2,39.32
6493,2614,40,1,58.6
6494,2614,43,1,37.07
6495,2615,21,1,65.85
6496,2615,28,3,9.66
6497,2615,14,3,37.35
6498,2615,48,1,101.61
6499,2616,31,2,32.4
6500,2617,58,1,21.46
6501,2617,46,3,167.04
6502,2617,15,3,42.56
6503,2618,2,2,118.54
6504,2618,20,2,97.39
6505,2618,31,3,34.1
6506,2619,26,3,84.32
6507,2619,24,1,42.02
6508,2620,50,2,53.01
6509,2620,5,1,176.19
6510,2620,36,3,10.96
6511,2620,35,3,6.01
6512,2621,51,2,5.07
6513,2621,29,3,17.72
6514,2621,3,3,42.57
6515,2622,16,1,117.45
6516,2622,18,3,124.11
6517,2622,35,3,6.01
6518,2623,25,1,41.66
6519,2623,50,3,53.01
6520,2624,39,3,59.27
6521,2624,43,1,35.22
6522,2625,40,1,58.6
6523,2626,35,3,6.33
6524,2626,49,3,88.65
6525,2626,32,3,13.9
6526,2626,60,3,13.97
6527,2627,33,3,35.23
6528,2628,13,1,71.35
6529,2628,22,1,41.98
6530,2628,24,3,42.02
6531,2629,56,1,15.32
6532,2629,6,2,289.07
6533,2629,2,2,118.54
6534,2629,52,3,34.98
6535,2630,53,3,8.99
6536,2630,22,3,41.98
6537,2630,47,2,130.34
6538,2631,46,3,167.04
6539,2632,8,2,175.41
6540,2633,7,3,97.14
6541,2633,6,1,289.07
6542,2634,42,3,76.5
6543,2634,34,3,35.16
6544,2634,54,3,5.86
6545,2634,23,1,34.05
6546,2635,29,2,17.72
6547,2636,4,1,343.75
6548,2636,47,2,130.34
6549,2637,2,2,118.54
6550,2637,4,1,343.75
6551,2637,32,1,13.21
6552,2637,57,3,22.42
6553,2638,53,3,8.54
6554,2638,22,2,41.98
6555,2638,34,2,35.16
6556,2639,37,2,13.06
6557,2639,20,3,102.52
6558,2639,45,2,174.61
6559,2639,13,2,71.35
6560,2640,16,3,117.45
6561,2640,18,2,124.11
6562,2640,21,1,69.32
6563,2640,31,3,34.1
6564,2641,25,1,41.66
6565,2641,43,3,37.07
6566,2641,24,3,42.02
6567,2641,41,2,116.68
6568,2642,23,3,34.05
6569,2642,41,1,116.68
6570,2643,22,2,41.98
6571,2643,17,3,63.23
6572,2644,40,3,58.6
6573,2644,50,1,53.01
6574,2644,17,3,63.23
6575,2645,22,2,41.98
6576,2645,15,3,42.56
6577,2646,33,3,35.23
6578,2646,53,2,8.99
6579,2647,4,1,343.75
6580,2647,52,1,33.23
6581,2647,18,2,124.11
6582,2647,1,3,166.25
6583,2648,13,1,71.35
6584,2649,36,3,10.96
6585,2649,4,3,343.75
6586,2650,49,3,84.22
6587,2650,9,1,234.89
6588,2650,52,1,34.98
6589,2651,30,2,30.51
6590,2651,36,3,10.96
6591,2652,22,3,41.98
6592,2652,36,1,10.96
6593,2652,26,3,84.32
6594,2652,30,3,30.51
6595,2653,50,1,50.36
6596,2653,47,1,130.34
6597,2654,52,1,33.23
6598,2654,38,3,38.97
6599,2655,23,2,32.35
6600,2656,49,3,88.65
6601,2657,42,3,76.5
6602,2658,15,2,42.56
6603,2658,56,2,15.32
6604,2659,21,1,69.32
6605,2659,14,1,39.32
6606,2659,10,2,236.19
6607,2660,53,2,8.99
6608,2660,28,2,9.66
6609,2660,57,3,22.42
6610,2660,24,2,42.02
6611,2661,40,1,58.6
6612,2661,43,2,37.07
6613,2662,58,2,21.46
6614,2662,21,3,69.32
6615,2662,30,1,30.51
6616,2663,57,2,22.42
6617,2663,7,1,97.14
6618,2663,58,1,21.46
6619,2664,23,3,34.05
6620,2664,42,1,76.5
6621,2664,10,2,236.19
6622,2665,22,3,41.98
6623,2665,16,1,117.45
6624,2665,46,1,167.04
6625,2666,42,1,72.67
6626,2666,12,3,120.17
6627,2666,10,2,236.19
6628,2667,30,3,30.51
6629,2667,28,1,9.66
6630,2668,19,1,116.13
6631,2668,17,2,63.23
6632,2668,6,2,289.07
6633,2669,57,2,22.42
6634,2669,58,2,20.39
6635,2670,8,1,175.41
6636,2670,29,2,17.72
6637,2670,51,1,4.82
6638,2671,14,2,39.32
6639,2671,58,1,21.46
6640,2672,38,3,38.97
6641,2672,49,2,88.65
6642,2672,18,2,124.11
6643,2672,45,3,174.61
6644,2673,48,3,101.61
6645,2674,8,1,166.64
6646,2674,24,1,42.02
6647,2674,43,3,37.07
6648,2674,49,1,88.65
6649,2675,34,3,35.16
6650,2675,32,2,13.9
6651,2676,35,2,6.01
6652,2676,5,3,176.19
6653,2676,13,1,71.35
6654,2677,27,1,56.01
6655,2678,53,3,8.99
6656,2678,47,1,130.34
6657,2679,19,1,116.13
6658,2679,25,1,39.58
6659,2679,6,2,289.07
6660,2680,52,2,34.98
6661,2681,11,1,62.04
6662,2682,54,1,5.86
6663,2682,15,1,42.56
6664,2683,17,2,63.23
6665,2683,40,3,58.6
6666,2683,27,1,58.96
6667,2683,2,1,118.54
6668,2684,29,2,17.72
6669,2685,13,3,71.35
6670,2686,21,3,69.32
6671,2686,59,1,24.67
6672,2687,26,2,80.1
6673,2688,29,3,17.72
6674,2688,16,2,111.58
6675,2688,37,1,12.41
6676,2688,31,3,34.1
6677,2689,33,2,33.47
6678,2689,42,3,76.5
6679,2689,58,2,21.46
6680,2690,3,1,42.57
6681,2691,51,1,5.07
6682,2691,32,2,13.9
6683,2691,25,3,41.66
6684,2692,50,3,53.01
6685,2693,36,2,10.96
6686,2693,24,1,42.02
6687,2694,35,3,6.33
6688,2694,26,2,80.1
6689,2694,21,3,69.32
6690,2695,6,2,274.62
6691,2695,28,3,9.66
6692,2696,42,1,76.5
6693,2696,19,1,110.32
6694,2696,1,2,166.25
6695,2697,40,2,55.67
6696,2697,53,1,8.99
6697,2698,7,3,97.14
6698,2698,50,2,53.01
6699,2698,39,3,59.27
6700,2699,23,3,34.05
6701,2699,26,2,84.32
6702,2699,57,2,22.42
6703,2699,29,2,17.72
6704,2700,51,1,5.07
6705,2700,27,3,58.96
6706,2700,33,2,35.23
6707,2700,40,3,58.6
6708,2701,31,2,34.1
6709,2702,40,3,58.6
6710,2703,52,1,34.98
6711,2703,20,3,102.52
6712,2703,34,1,35.16
6713,2704,25,2,41.66
6714,2704,1,1,166.25
6715,2704,47,3,130.34
6716,2705,2,3,118.54
6717,2705,4,1,343.75
6718,2705,49,1,88.65
6719,2705,23,1,34.05
6720,2706,1,2,166.25
6721,2707,50,1,53.01
6722,2707,41,1,116.68
6723,2707,26,1,84.32
6724,2708,2,2,118.54
6725,2708,11,3,62.04
6726,2708,36,2,10.96
6727,2709,36,2,10.96
6728,2709,10,1,236.19
6729,2709,57,2,22.42
6730,2709,52,2,34.98
6731,2710,45,1,174.61
6732,2710,1,3,166.25
6733,2710,39,3,59.27
6734,2710,12,3,120.17
6735,2711,18,2,124.11
6736,2711,31,3,34.1
6737,2711,2,2,118.54
6738,2712,55,1,25.2
6739,2713,15,3,42.56
6740,2713,19,2,116.13
6741,2714,35,3,6.33
6742,2714,15,3,42.56
6743,2714,29,3,17.72
6744,2714,14,2,39.32
6745,2715,32,1,13.9
6746,2715,45,1,174.61
6747,2715,46,3,167.04
6748,2716,19,2,116.13
6749,2716,10,1,236.19
6750,2716,45,3,174.61
6751,2716,48,2,101.61
6752,2717,7,1,97.14
6753,2717,20,3,97.39
6754,2717,28,2,9.66
6755,2717,57,1,22.42
6756,2718,1,3,157.94
6757,2718,58,3,21.46
6758,2718,41,3,116.68
6759,2718,38,3,38.97
6760,2719,34,1,35.16
6761,2719,20,3,102.52
6762,2719,52,1,34.98
6763,2720,49,2,88.65
6764,2720,60,3,13.27
6765,2721,7,1,97.14
6766,2722,3,3,42.57
6767,2722,28,3,9.66
6768,2722,31,1,32.4
6769,2722,49,2,88.65
6770,2723,22,3,41.98
6771,2724,57,2,21.3
6772,2725,10,2,236.19
6773,2725,1,3,166.25
6774,2725,20,2,102.52
6775,2725,23,2,34.05
6776,2726,44,2,75.69
6777,2726,16,1,117.45
6778,2726,14,1,39.32
6779,2726,18,2,124.11
6780,2727,21,2,69.32
6781,2727,8,2,175.41
6782,2727,3,3,42.57
6783,2728,10,3,236.19
6784,2728,35,2,6.33
6785,2728,1,3,166.25
6786,2728,50,3,53.01
6787,2729,38,3,38.97
6788,2729,52,1,34.98
6789,2730,11,1,62.04
6790,2730,40,3,58.6
6791,2730,17,3,63.23
6792,2730,48,2,101.61
6793,2731,7,3,97.14
6794,2731,55,3,25.2
6795,2731,60,3,13.27
6796,2732,41,2,116.68
6797,2732,57,1,22.42
6798,2732,36,1,10.96
6799,2733,18,3,124.11
6800,2733,19,1,110.32
6801,2734,7,3,97.14
6802,2734,56,2,15.32
6803,2734,5,3,176.19
6804,2735,13,2,71.35
6805,2735,14,3,37.35
6806,2736,54,2,5.86
6807,2737,33,3,35.23
6808,2737,7,3,97.14
6809,2738,49,2,88.65
6810,2738,25,1,41.66
6811,2739,54,2,5.86
6812,2739,13,1,71.35
6813,2739,10,2,236.19
6814,2739,21,2,69.32
6815,2740,20,2,102.52
6816,2741,12,2,120.17
6817,2742,14,3,39.32
6818,2742,56,1,15.32
6819,2742,26,2,84.32
6820,2742,60,1,13.97
6821,2743,35,3,6.33
6822,2744,28,1,9.66
6823,2745,46,2,158.69
6824,2745,35,3,6.33
6825,2745,7,1,92.28
6826,2745,6,2,289.07
6827,2746,15,3,42.56
6828,2746,5,2,176.19
6829,2746,8,1,175.41
6830,2747,34,1,35.16
6831,2747,3,3,42.57
6832,2747,33,2,35.23
6833,2748,1,1,166.25
6834,2748,23,2,32.35
6835,2748,60,1,13.97
6836,2748,9,3,247.25
6837,2749,28,2,9.18
6838,2749,10,2,236.19
6839,2749,9,1,247.25
6840,2750,56,3,14.55
6841,2751,29,2,17.72
6842,2752,17,3,63.23
6843,2752,12,3,120.17
6844,2752,6,2,289.07
6845,2753,24,3,42.02
6846,2754,60,2,13.97
6847,2755,46,2,158.69
6848,2756,38,3,38.97
6849,2756,9,1,247.25
6850,2756,28,2,9.18
6851,2756,30,2,30.51
6852,2757,40,2,58.6
6853,2757,14,3,39.32
6854,2758,14,2,39.32
6855,2758,25,2,41.66
6856,2758,39,2,59.27
6857,2759,41,2,116.68
6858,2759,57,2,22.42
6859,2759,12,3,120.17
6860,2759,17,3,63.23
6861,2760,52,3,34.98
6862,2760,26,2,84.32
6863,2760,49,1,88.65
6864,2761,40,1,58.6
6865,2761,9,1,247.25
6866,2761,36,2,10.41
6867,2762,18,2,117.9
6868,2762,27,2,58.96
6869,2762,30,3,30.51
6870,2763,27,2,58.96
6871,2763,8,1,175.41
6872,2764,18,2,117.9
6873,2765,23,2,34.05
6874,2766,13,2,71.35
6875,2766,26,1,84.32
6876,2766,30,1,30.51
6877,2766,36,3,10.41
6878,2767,5,2,176.19
6879,2767,51,3,4.82
6880,2767,15,2,42.56
6881,2767,28,2,9.66
6882,2768,9,1,234.89
6883,2768,24,3,42.02
6884,2768,19,3,116.13
6885,2769,10,1,236.19
6886,2769,36,2,10.96
6887,2769,16,3,117.45
6888,2769,31,3,34.1
6889,2770,27,2,58.96
6890,2770,60,1,13.97
6891,2770,35,3,6.33
6892,2771,58,1,21.46
6893,2771,50,3,53.01
6894,2771,42,2,76.5
6895,2772,2,1,112.61
6896,2772,8,3,175.41
6897,2772,25,2,41.66
6898,2772,26,2,84.32
6899,2773,43,1,37.07
6900,2773,55,3,23.94
6901,2773,27,1,58.96
6902,2773,3,2,42.57
6903,2774,56,2,15.32
6904,2774,58,1,21.46
6905,2775,12,2,120.17
6906,2776,27,2,58.96
6907,2776,24,1,42.02
6908,2776,33,2,35.23
6909,2777,9,1,247.25
6910,2777,17,1,63.23
6911,2777,26,2,84.32
6912,2778,46,2,167.04
6913,2778,12,3,120.17
6914,2779,48,3,101.61
6915,2779,21,3,69.32
6916,2780,52,3,34.98
6917,2780,34,2,35.16
6918,2780,11,2,62.04
6919,2780,12,2,114.16
6920,2781,8,2,175.41
6921,2781,14,2,39.32
6922,2781,44,2,71.91
6923,2781,59,3,23.44
6924,2782,40,2,58.6
6925,2782,35,3,6.01
6926,2782,56,1,15.32
6927,2783,35,3,6.33
6928,2783,58,3,20.39
6929,2783,38,3,38.97
6930,2783,46,2,167.04
6931,2784,8,3,175.41
6932,2784,2,2,118.54
6933,2784,18,1,124.11
6934,2784,40,3,58.6
6935,2785,7,3,92.28
6936,2785,19,3,116.13
6937,2785,43,3,37.07
6938,2786,39,1,59.27
6939,2787,42,1,76.5
6940,2787,21,2,69.32
6941,2787,18,2,124.11
6942,2787,35,1,6.01
6943,2788,54,3,5.86
6944,2789,17,3,63.23
6945,2789,46,1,167.04
6946,2789,51,2,5.07
6947,2789,1,3,166.25
6948,2790,37,2,13.06
6949,2790,4,1,343.75
6950,2791,32,3,13.9
6951,2791,47,3,123.82
6952,2791,46,2,167.04
6953,2791,21,2,69.32
6954,2792,52,2,34.98
6955,2792,31,1,34.1
6956,2792,21,3,69.32
6957,2792,22,3,41.98
6958,2793,23,1,34.05
6959,2793,6,1,289.07
6960,2793,12,3,120.17
6961,2794,19,3,116.13
6962,2794,8,2,175.41
6963,2794,53,3,8.99
6964,2794,27,1,56.01
6965,2795,54,1,5.86
6966,2795,40,2,58.6
6967,2795,60,1,13.97
6968,2796,42,1,76.5
6969,2796,40,3,58.6
6970,2796,16,1,117.45
6971,2797,29,3,17.72
6972,2797,48,2,101.61
6973,2797,2,2,112.61
6974,2798,58,1,21.46
6975,2798,46,1,167.04
6976,2798,24,1,42.02
6977,2798,57,1,22.42
6978,2799,30,3,28.98
6979,2799,34,1,33.4
6980,2800,52,2,33.23
6981,2800,50,3,53.01
6982,2800,55,3,25.2
6983,2800,7,1,97.14
6984,2801,40,2,58.6
6985,2801,23,2,34.05
6986,2801,54,3,5.86
6987,2802,45,1,165.88
6988,2803,50,2,53.01
6989,2804,21,2,69.32
6990,2804,19,2,116.13
6991,2804,29,3,17.72
6992,2805,21,2,69.32
6993,2805,52,2,34.98
6994,2805,38,3,38.97
6995,2805,43,2,37.07
6996,2806,46,3,167.04
6997,2806,2,1,118.54
6998,2806,37,2,13.06
6999,2807,51,2,5.07
7000,2808,51,1,5.07
7001,2808,19,1,116.13
7002,2809,6,1,289.07
7003,2809,42,3,76.5
7004,2810,24,3,42.02
7005,2810,28,2,9.66
7006,2810,14,1,39.32
7007,2810,50,1,53.01
7008,2811,12,2,120.17
7009,2812,47,3,123.82
7010,2812,55,1,25.2
7011,2812,41,2,116.68
7012,2813,45,1,174.61
7013,2814,12,1,120.17
7014,2814,53,3,8.99
7015,2815,3,1,42.57
7016,2815,39,2,59.27
7017,2815,41,2,116.68
7018,2815,37,3,13.06
7019,2816,7,1,97.14
7020,2817,44,2,75.69
7021,2817,39,3,59.27
7022,2817,20,3,102.52
7023,2818,54,3,5.86
7024,2818,40,2,58.6
7025,2818,42,3,76.5
7026,2818,37,3,13.06
7027,2819,59,2,24.67
7028,2819,6,2,289.07
7029,2819,35,3,6.33
7030,2820,23,1,34.05
7031,2821,24,1,42.02
7032,2821,11,2,58.94
7033,2822,45,3,174.61
7034,2823,59,2,24.67
7035,2824,55,1,23.94
7036,2825,28,3,9.66
7037,2825,14,3,39.32
7038,2825,47,1,130.34
7039,2826,57,1,22.42
7040,2826,60,3,13.27
7041,2827,58,3,21.46
7042,2827,40,1,55.67
7043,2827,43,1,37.07
7044,2827,41,2,116.68
7045,2828,10,3,224.38
7046,2829,1,3,166.25
7047,2829,58,2,21.46
7048,2829,32,2,13.9
7049,2829,22,3,41.98
7050,2830,55,1,25.2
7051,2830,57,3,21.3
7052,2831,59,2,24.67
7053,2832,2,3,118.54
7054,2832,51,1,5.07
7055,2833,41,1,116.68
7056,2833,54,2,5.86
7057,2833,25,2,41.66
7058,2834,14,2,39.32
7059,2835,53,1,8.99
7060,2835,33,2,35.23
7061,2835,39,2,56.31
7062,2836,25,2,39.58
7063,2836,38,3,38.97
7064,2836,20,3,102.52
7065,2836,10,1,236.19
7066,2837,35,1,6.33
7067,2838,46,3,167.04
7068,2838,56,1,15.32
7069,2838,15,2,42.56
7070,2839,8,1,175.41
7071,2840,30,3,30.51
7072,2841,37,1,13.06
7073,2841,58,1,21.46
7074,2841,59,3,24.67
7075,2842,40,1,58.6
7076,2842,42,3,76.5
7077,2842,55,2,25.2
7078,2842,41,2,116.68
7079,2843,33,2,35.23
7080,2843,4,3,343.75
7081,2844,57,3,22.42
7082,2844,44,1,75.69
7083,2844,48,1,101.61
7084,2844,45,1,174.61
7085,2845,24,1,42.02
7086,2846,50,3,50.36
7087,2846,56,2,15.32
7088,2847,1,2,166.25
7089,2847,12,2,120.17
7090,2847,33,2,35.23
7091,2848,26,1,84.32
7092,2849,50,1,50.36
7093,2850,24,1,42.02
7094,2850,35,3,6.33
7095,2851,38,1,37.02
7096,2851,22,1,41.98
7097,2851,20,3,102.52
7098,2852,57,2,22.42
7099,2853,8,2,175.41
7100,2854,21,2,69.32
7101,2854,58,2,21.46
7102,2854,33,2,35.23
7103,2855,54,2,5.86
7104,2855,2,3,112.61
7105,2856,42,3,76.5
7106,2856,37,2,13.06
7107,2857,60,1,13.27
7108,2858,15,3,42.56
7109,2858,47,2,130.34
7110,2858,40,1,58.6
7111,2859,51,3,4.82
7112,2859,2,1,118.54
7113,2859,4,1,343.75
7114,2859,31,2,34.1
7115,2860,19,2,110.32
7116,2860,49,1,88.65
7117,2860,3,3,42.57
7118,2861,53,3,8.99
7119,2862,5,2,176.19
7120,2862,12,2,120.17
7121,2862,34,1,35.16
7122,2862,13,3,71.35
7123,2863,12,1,120.17
7124,2864,59,2,24.67
7125,2864,52,2,34.98
7126,2865,52,2,34.98
7127,2865,13,3,71.35
7128,2866,54,2,5.86
7129,2867,10,1,236.19
7130,2867,41,3,116.68
7131,2867,5,2,176.19
7132,2868,41,3,110.85
7133,2868,31,1,34.1
7134,2868,19,3,110.32
7135,2868,20,1,102.52
7136,2869,60,1,13.97
7137,2869,24,1,42.02
7138,2870,42,1,72.67
7139,2870,32,3,13.9
7140,2870,38,2,37.02
7141,2870,48,2,101.61
7142,2871,48,1,101.61
7143,2872,6,2,289.07
7144,2872,41,3,110.85
7145,2872,22,3,41.98
7146,2873,47,1,123.82
7147,2874,40,2,58.6
7148,2874,27,1,58.96
7149,2874,2,3,112.61
7150,2875,33,1,35.23
7151,2875,12,3,120.17
7152,2876,4,1,343.75
7153,2876,34,1,35.16
7154,2876,51,3,5.07
7155,2876,40,1,58.6
7156,2877,31,3,34.1
7157,2877,56,2,15.32
7158,2878,58,1,21.46
7159,2878,51,2,5.07
7160,2878,34,1,35.16
7161,2878,39,3,59.27
7162,2879,7,3,97.14
7163,2879,8,3,175.41
7164,2879,12,2,120.17
7165,2879,54,3,5.86
7166,2880,57,2,22.42
7167,2881,29,3,17.72
7168,2881,21,2,69.32
7169,2881,20,3,102.52
7170,2881,6,1,274.62
7171,2882,19,1,116.13
7172,2882,21,3,69.32
7173,2882,28,1,9.66
7174,2883,31,3,34.1
7175,2883,43,1,37.07
7176,2884,57,1,22.42
7177,2884,56,3,14.55
7178,2884,34,3,35.16
7179,2884,26,3,80.1
7180,2885,50,3,53.01
7181,2885,22,3,41.98
7182,2885,60,3,13.97
7183,2885,44,2,75.69
7184,2886,58,3,21.46
7185,2886,25,3,41.66
7186,2887,36,1,10.96
7187,2888,27,1,58.96
7188,2888,31,1,34.1
7189,2889,26,1,80.1
7190,2889,42,1,76.5
7191,2889,59,2,24.67
7192,2890,35,3,6.33
7193,2890,30,1,30.51
7194,2891,60,1,13.97
7195,2891,10,1,224.38
7196,2892,30,3,30.51
7197,2892,26,3,84.32
7198,2892,10,1,236.19
7199,2892,46,3,167.04
7200,2893,38,3,37.02
7201,2893,26,1,84.32
7202,2893,11,3,62.04
7203,2893,14,3,37.35
7204,2894,35,2,6.01
7205,2894,17,1,63.23
7206,2894,18,3,117.9
7207,2895,48,3,101.61
7208,2896,57,1,22.42
7209,2896,2,3,118.54
7210,2897,34,2,35.16
7211,2897,39,1,59.27
7212,2898,15,3,42.56
7213,2898,39,2,59.27
7214,2898,23,2,34.05
7215,2899,18,1,117.9
7216,2899,9,3,247.25
7217,2900,47,1,130.34
7218,2901,50,3,53.01
7219,2901,41,3,116.68
7220,2901,4,1,326.56
7221,2901,27,2,58.96
7222,2902,26,3,84.32
7223,2902,36,3,10.96
7224,2902,37,2,12.41
7225,2903,55,1,25.2
7226,2903,50,1,53.01
7227,2903,24,1,42.02
7228,2904,19,2,116.13
7229,2904,38,1,38.97
7230,2904,10,3,236.19
7231,2904,58,3,20.39
7232,2905,48,3,101.61
7233,2905,36,2,10.96
7234,2905,33,1,35.23
7235,2906,7,2,97.14
7236,2906,22,1,41.98
7237,2906,2,1,118.54
7238,2907,4,2,343.75
7239,2908,4,3,343.75
7240,2908,33,2,33.47
7241,2908,12,2,120.17
7242,2909,3,3,42.57
7243,2910,60,2,13.97
7244,2911,38,1,38.97
7245,2911,9,3,234.89
7246,2911,27,1,58.96
7247,2912,54,3,5.86
7248,2913,24,3,42.02
7249,2913,47,3,130.34
7250,2913,35,3,6.33
7251,2913,16,1,111.58
7252,2914,60,1,13.97
7253,2915,31,1,34.1
7254,2916,34,2,35.16
7255,2917,19,1,116.13
7256,2917,3,1,42.57
7257,2918,7,2,97.14
7258,2919,9,2,247.25
7259,2919,42,1,76.5
7260,2919,8,3,175.41
7261,2919,46,3,167.04
7262,2920,18,2,124.11
7263,2920,24,1,42.02
7264,2920,43,1,35.22
7265,2921,1,2,166.25
7266,2921,43,3,37.07
7267,2921,12,3,120.17
7268,2921,19,3,116.13
7269,2922,42,3,76.5
7270,2923,51,2,5.07
7271,2923,40,1,58.6
7272,2923,35,2,6.33
7273,2923,11,2,58.94
7274,2924,16,1,117.45
7275,2924,8,3,175.41
7276,2924,32,2,13.9
7277,2924,39,2,59.27
7278,2925,12,2,120.17
7279,2925,37,3,13.06
7280,2925,29,3,17.72
7281,2926,38,2,38.97
7282,2926,1,1,166.25
7283,2926,2,3,118.54
7284,2927,48,2,101.61
7285,2927,60,3,13.97
7286,2927,41,3,116.68
7287,2927,25,3,41.66
7288,2928,12,2,120.17
7289,2929,24,1,42.02
7290,2930,56,2,15.32
7291,2930,42,3,72.67
7292,2930,36,3,10.96
7293,2931,1,1,166.25
7294,2931,36,3,10.41
7295,2931,21,3,65.85
7296,2931,54,3,5.86
7297,2932,12,2,120.17
7298,2932,59,2,24.67
7299,2932,42,2,76.5
7300,2933,31,2,34.1
7301,2933,12,2,120.17
7302,2934,23,1,34.05
7303,2934,59,3,24.67
7304,2935,1,1,166.25
7305,2935,57,2,22.42
7306,2936,50,2,53.01
7307,2936,37,3,13.06
7308,2937,1,2,166.25
7309,2937,54,3,5.86
7310,2937,52,3,34.98
7311,2937,45,3,174.61
7312,2938,11,2,58.94
7313,2938,18,2,117.9
7314,2938,4,2,343.75
7315,2939,53,3,8.99
7316,2940,24,3,42.02
7317,2940,15,2,42.56
7318,2940,41,3,116.68
7319,2940,28,2,9.66
7320,2941,47,2,130.34
7321,2941,57,1,22.42
7322,2942,57,1,22.42
7323,2942,47,1,130.34
7324,2942,26,3,84.32
7325,2942,14,3,39.32
7326,2943,30,2,30.51
7327,2943,11,3,62.04
7328,2943,23,1,34.05
7329,2944,14,1,39.32
7330,2944,37,1,12.41
7331,2945,52,3,33.23
7332,2945,58,3,21.46
7333,2945,38,3,38.97
7334,2946,57,3,22.42
7335,2946,8,1,175.41
7336,2946,28,3,9.18
7337,2947,51,2,5.07
7338,2948,39,1,59.27
7339,2948,3,1,42.57
7340,2948,15,1,42.56
7341,2948,37,2,13.06
7342,2949,28,3,9.66
7343,2949,46,2,167.04
7344,2949,11,3,62.04
7345,2949,57,3,22.42
7346,2950,46,2,167.04
7347,2950,54,3,5.86
7348,2950,7,2,97.14
7349,2950,6,3,289.07
7350,2951,18,2,124.11
7351,2951,17,1,63.23
7352,2952,44,1,71.91
7353,2953,5,3,176.19
7354,2954,29,1,17.72
7355,2954,22,1,41.98
7356,2955,28,3,9.66
7357,2955,17,3,63.23
7358,2955,20,1,102.52
7359,2955,14,2,39.32
7360,2956,26,2,84.32
7361,2956,55,1,25.2
7362,2956,16,1,117.45
7363,2956,4,3,343.75
7364,2957,25,1,41.66
7365,2958,16,1,117.45
7366,2958,24,1,42.02
7367,2958,60,2,13.97
7368,2959,48,1,101.61
7369,2959,39,2,59.27
7370,2959,49,3,88.65
7371,2960,34,3,35.16
7372,2960,56,2,15.32
7373,2960,13,2,71.35
7374,2961,4,2,343.75
7375,2962,5,3,176.19
7376,2963,53,3,8.99
7377,2963,31,2,34.1
7378,2963,59,1,23.44
7379,2963,36,1,10.96
7380,2964,59,1,24.67
7381,2964,34,1,35.16
7382,2964,31,3,34.1
7383,2964,16,1,117.45
7384,2965,29,2,17.72
7385,2965,49,1,88.65
7386,2965,44,1,75.69
7387,2966,43,3,35.22
7388,2967,22,2,41.98
7389,2967,53,1,8.54
7390,2967,24,1,42.02
7391,2968,43,3,37.07
7392,2968,36,1,10.41
7393,2968,48,3,96.53
7394,2968,2,3,118.54
7395,2969,1,1,166.25
7396,2969,38,3,38.97
7397,2969,57,2,22.42
7398,2970,35,1,6.33
7399,2970,15,1,42.56
7400,2970,37,2,13.06
7401,2970,16,2,117.45
7402,2971,59,2,24.67
7403,2971,12,2,114.16
7404,2972,48,3,101.61
7405,2973,36,2,10.96
7406,2974,58,2,21.46
7407,2975,59,2,24.67
7408,2976,59,2,24.67
7409,2977,36,3,10.96
7410,2977,20,2,102.52
7411,2978,40,2,58.6
7412,2979,46,3,158.69
7413,2980,46,2,167.04
7414,2980,13,1,71.35
7415,2980,14,3,39.32
7416,2980,50,2,53.01
7417,2981,14,3,39.32
7418,2982,31,1,32.4
7419,2982,56,1,15.32
7420,2983,51,3,5.07
7421,2983,57,2,22.42
7422,2983,44,3,75.69
7423,2983,56,2,15.32
7424,2984,7,3,97.14
7425,2984,15,2,42.56
7426,2985,57,2,21.3
7427,2985,35,2,6.01
7428,2985,44,1,71.91
7429,2985,41,1,116.68
7430,2986,36,2,10.96
7431,2987,25,2,41.66
7432,2987,5,1,167.38
7433,2987,16,2,117.45
7434,2988,39,1,59.27
7435,2989,52,3,34.98
7436,2989,54,3,5.86
7437,2989,58,2,21.46
7438,2989,10,3,236.19
7439,2990,48,1,101.61
7440,2990,60,3,13.27
7441,2991,46,1,167.04
7442,2991,29,1,17.72
7443,2992,17,3,63.23
7444,2992,47,1,130.34
7445,2992,57,1,22.42
7446,2992,33,3,35.23
7447,2993,35,2,6.01
7448,2993,60,2,13.27
7449,2993,10,1,236.19
7450,2994,49,2,88.65
7451,2994,21,1,69.32
7452,2995,40,3,58.6
7453,2996,28,1,9.66
7454,2996,52,2,34.98
7455,2996,45,3,174.61
7456,2996,55,1,25.2
7457,2997,33,2,35.23
7458,2998,56,1,15.32
7459,2998,1,3,166.25
7460,2999,17,2,63.23
7461,2999,22,3,39.88
7462,2999,18,1,124.11
7463,2999,21,2,69.32
7464,3000,59,2,24.67
7465,3000,20,2,102.52
7466,3000,14,3,39.32
7467,3001,20,3,102.52
7468,3001,40,1,58.6
7469,3002,34,1,35.16
7470,3002,13,2,71.35
7471,3003,14,3,37.35
7472,3004,31,3,34.1
7473,3005,9,1,247.25
7474,3005,18,2,117.9
7475,3005,36,1,10.96
7476,3006,47,3,130.34
7477,3006,51,3,5.07
7478,3006,21,2,69.32
7479,3006,59,2,23.44
7480,3007,48,1,96.53
7481,3007,15,2,42.56
7482,3007,2,1,118.54
7483,3007,25,3,39.58
7484,3008,48,1,101.61
7485,3008,43,2,35.22
7486,3009,37,2,13.06
7487,3009,14,3,39.32
7488,3010,3,1,42.57
7489,3010,13,3,71.35
7490,3011,33,2,35.23
7491,3011,15,3,42.56
7492,3011,20,1,102.52
7493,3012,26,1,84.32
7494,3012,55,1,25.2
7495,3013,16,3,117.45
7496,3014,55,2,25.2
7497,3015,56,3,14.55
7498,3015,25,3,41.66
7499,3015,48,2,101.61
7500,3015,59,3,24.67
7501,3016,50,3,53.01
7502,3016,5,1,176.19
7503,3016,36,3,10.96
7504,3016,10,3,224.38
7505,3017,60,3,13.97
7506,3018,9,2,247.25
7507,3018,54,1,5.86
7508,3019,46,3,167.04
7509,3020,30,1,30.51
7510,3020,29,3,17.72
7511,3020,49,3,88.65
7512,3021,5,1,176.19
7513,3022,20,2,102.52
7514,3023,8,2,175.41
7515,3023,24,2,42.02
7516,3024,19,1,110.32
7517,3025,11,3,62.04
7518,3025,19,3,116.13
7519,3025,45,3,174.61
7520,3025,41,2,116.68
7521,3026,7,3,97.14
7522,3026,50,2,53.01
7523,3026,14,1,39.32
7524,3026,47,3,123.82
7525,3027,46,2,167.04
7526,3027,3,2,42.57
7527,3028,9,2,247.25
7528,3029,3,3,42.57
7529,3030,57,3,22.42
7530,3030,8,3,175.41
7531,3031,51,2,5.07
7532,3031,38,3,38.97
7533,3031,54,1,5.86
7534,3031,6,1,289.07
7535,3032,55,1,25.2
7536,3032,51,2,5.07
7537,3033,3,2,42.57
7538,3034,6,3,289.07
7539,3034,40,1,58.6
7540,3034,23,3,34.05
7541,3035,45,3,174.61
7542,3035,46,2,167.04
7543,3035,34,1,35.16
7544,3035,12,3,120.17
7545,3036,3,2,42.57
7546,3036,16,2,117.45
7547,3036,57,1,21.3
7548,3036,51,3,5.07
7549,3037,49,3,88.65
7550,3037,4,3,343.75
7551,3037,30,3,30.51
7552,3037,34,2,35.16
7553,3038,23,3,34.05
7554,3038,29,1,17.72
7555,3038,40,1,58.6
7556,3038,2,3,118.54
7557,3039,19,3,116.13
7558,3039,38,2,38.97
7559,3039,28,2,9.66
7560,3040,36,3,10.96
7561,3040,56,3,15.32
7562,3040,26,3,84.32
7563,3041,33,3,35.23
7564,3041,17,1,63.23
7565,3041,22,3,41.98
7566,3042,49,1,88.65
7567,3043,24,3,42.02
7568,3043,44,2,75.69
7569,3043,59,1,23.44
7570,3043,57,3,22.42
7571,3044,20,3,102.52
7572,3044,7,1,97.14
7573,3044,44,2,75.69
7574,3044,32,2,13.9
7575,3045,29,1,17.72
7576,3045,11,1,62.04
7577,3046,23,2,34.05
7578,3047,14,1,39.32
7579,3047,1,1,166.25
7580,3047,30,2,30.51
7581,3047,47,2,130.34
7582,3048,15,3,42.56
7583,3048,19,1,116.13
7584,3048,11,3,62.04
7585,3049,41,3,116.68
7586,3049,23,3,34.05
7587,3049,18,1,124.11
7588,3049,45,3,174.61
7589,3050,32,2,13.9
7590,3050,27,1,58.96
7591,3051,28,1,9.18
7592,3052,22,1,41.98
7593,3052,38,3,38.97
7594,3053,33,2,35.23
7595,3054,42,2,76.5
7596,3054,56,3,14.55
7597,3055,21,1,69.32
7598,3055,34,1,35.16
7599,3055,41,3,116.68
7600,3056,5,1,176.19
7601,3057,55,2,25.2
7602,3058,60,1,13.97
7603,3058,13,1,71.35
7604,3058,55,1,23.94
7605,3059,42,2,76.5
7606,3059,51,1,5.07
7607,3060,50,1,53.01
7608,3060,41,2,116.68
7609,3060,30,2,30.51
7610,3061,10,1,224.38
7611,3061,21,3,69.32
7612,3062,16,1,117.45
7613,3063,24,3,42.02
7614,3064,55,3,25.2
7615,3064,29,2,17.72
7616,3065,2,1,118.54
7617,3065,21,2,69.32
7618,3065,43,1,35.22
7619,3065,52,2,34.98
7620,3066,2,3,118.54
7621,3066,13,3,67.78
7622,3066,20,2,102.52
7623,3066,26,1,84.32
7624,3067,25,3,41.66
7625,3067,47,3,130.34
7626,3067,26,3,84.32
7627,3068,4,3,343.75
7628,3068,26,1,84.32
7629,3068,1,2,166.25
7630,3068,32,3,13.9
7631,3069,19,1,116.13
7632,3069,29,3,17.72
7633,3069,38,3,38.97
7634,3069,5,3,176.19
7635,3070,27,3,58.96
7636,3070,31,3,34.1
7637,3070,2,1,118.54
7638,3070,3,3,42.57
7639,3071,21,1,69.32
7640,3071,31,3,34.1
7641,3071,13,1,71.35
7642,3072,52,1,34.98
7643,3072,23,2,34.05
7644,3073,5,1,176.19
7645,3073,43,1,37.07
7646,3074,1,2,166.25
7647,3074,32,1,13.9
7648,3074,44,3,75.69
7649,3075,49,2,88.65
7650,3075,53,2,8.99
7651,3075,38,2,38.97
7652,3075,48,3,101.61
7653,3076,26,2,84.32
7654,3077,18,3,124.11
7655,3078,17,1,63.23
7656,3078,54,2,5.86
7657,3079,7,3,97.14
7658,3079,24,2,42.02
7659,3079,44,2,71.91
7660,3080,16,2,111.58
7661,3080,11,2,62.04
7662,3080,9,1,247.25
7663,3080,21,2,69.32
7664,3081,9,2,247.25
7665,3081,14,1,39.32
7666,3081,21,2,69.32
7667,3081,30,2,30.51
7668,3082,35,3,6.33
7669,3082,36,1,10.96
7670,3082,50,2,53.01
7671,3082,49,2,88.65
7672,3083,17,3,63.23
7673,3083,32,2,13.9
7674,3083,11,3,62.04
7675,3083,47,2,130.34
7676,3084,11,2,58.94
7677,3084,22,3,41.98
7678,3084,5,3,176.19
7679,3085,17,3,63.23
7680,3086,47,1,130.34
7681,3087,26,2,80.1
7682,3087,58,2,21.46
7683,3088,20,2,102.52
7684,3088,14,2,39.32
7685,3088,46,2,167.04
7686,3089,53,1,8.99
7687,3090,49,3,88.65
7688,3090,22,1,41.98
7689,3090,14,3,39.32
7690,3091,33,1,35.23
7691,3091,18,1,117.9
7692,3091,23,2,34.05
7693,3091,25,3,41.66
7694,3092,48,1,101.61
7695,3092,38,2,38.97
7696,3092,39,3,59.27
7697,3092,4,1,343.75
7698,3093,32,2,13.9
7699,3093,26,1,84.32
7700,3094,54,3,5.57
7701,3095,35,2,6.01
7702,3095,20,3,102.52
7703,3095,43,2,37.07
7704,3096,50,3,53.01
7705,3096,35,3,6.33
7706,3097,27,3,58.96
7707,3097,6,1,289.07
7708,3098,6,3,289.07
7709,3098,8,1,175.41
7710,3099,20,2,102.52
7711,3100,51,3,5.07
7712,3100,49,3,88.65
7713,3100,50,3,53.01
7714,3101,40,2,58.6
7715,3102,54,3,5.86
7716,3102,43,2,37.07
7717,3102,35,3,6.33
7718,3102,6,2,289.07
7719,3103,14,2,39.32
7720,3104,40,2,55.67
7721,3104,49,1,88.65
7722,3104,60,1,13.97
7723,3105,3,2,42.57
7724,3105,9,1,234.89
7725,3105,39,3,59.27
7726,3105,4,1,343.75
7727,3106,15,1,42.56
7728,3107,59,2,24.67
7729,3107,57,2,22.42
7730,3108,17,1,63.23
7731,3108,20,1,102.52
7732,3108,33,2,33.47
7733,3108,24,3,42.02
7734,3109,40,1,55.67
7735,3109,16,2,117.45
7736,3110,54,1,5.86
7737,3110,20,2,102.52
7738,3110,56,2,14.55
7739,3111,32,3,13.9
7740,3111,4,1,343.75
7741,3112,31,2,34.1
7742,3112,26,1,84.32
7743,3113,27,1,56.01
7744,3113,6,3,289.07
7745,3114,26,2,84.32
7746,3114,22,3,41.98
7747,3114,44,2,75.69
7748,3115,48,2,101.61
7749,3115,38,2,38.97
7750,3115,25,2,39.58
7751,3115,24,1,42.02
7752,3116,21,2,65.85
7753,3116,55,1,25.2
7754,3116,10,3,236.19
7755,3117,31,1,34.1
7756,3117,14,1,39.32
7757,3118,44,1,75.69
7758,3118,10,2,236.19
7759,3119,3,3,42.57
7760,3119,46,2,167.04
7761,3120,21,2,69.32
7762,3120,1,1,157.94
7763,3121,46,2,167.04
7764,3121,7,2,97.14
7765,3121,48,2,101.61
7766,3122,25,3,41.66
7767,3122,15,2,42.56
7768,3123,49,1,88.65
7769,3123,20,1,102.52
7770,3124,30,2,30.51
7771,3124,45,2,174.61
7772,3125,39,3,59.27
7773,3125,33,3,35.23
7774,3126,15,3,42.56
7775,3126,46,3,167.04
7776,3127,10,1,236.19
7777,3127,47,1,130.34
7778,3127,30,1,28.98
7779,3128,27,3,58.96
7780,3129,56,3,14.55
7781,3129,17,2,63.23
7782,3129,38,3,38.97
7783,3130,41,3,116.68
7784,3130,13,2,71.35
7785,3130,50,1,53.01
7786,3131,49,2,88.65
7787,3131,26,3,84.32
7788,3132,28,2,9.66
7789,3132,19,3,116.13
7790,3132,54,3,5.86
7791,3132,27,2,58.96
7792,3133,18,2,124.11
7793,3133,26,3,84.32
7794,3133,57,1,21.3
7795,3134,13,2,67.78
7796,3134,50,1,53.01
7797,3134,3,3,42.57
7798,3134,14,1,39.32
7799,3135,56,3,15.32
7800,3136,32,3,13.9
7801,3136,52,3,34.98
7802,3137,23,1,32.35
7803,3137,18,2,124.11
7804,3137,26,2,84.32
7805,3137,22,3,41.98
7806,3138,29,1,17.72
7807,3138,7,1,97.14
7808,3139,60,3,13.97
7809,3139,42,2,76.5
7810,3140,17,3,63.23
7811,3140,55,3,25.2
7812,3141,31,3,34.1
7813,3141,41,2,116.68
7814,3141,4,3,343.75
7815,3142,30,3,30.51
7816,3142,9,1,247.25
7817,3142,13,3,71.35
7818,3142,6,2,289.07
7819,3143,11,1,62.04
7820,3143,42,3,76.5
7821,3143,55,2,25.2
7822,3143,50,1,53.01
7823,3144,21,2,69.32
7824,3144,34,1,35.16
7825,3145,57,3,22.42
7826,3145,44,1,75.69
7827,3146,46,3,158.69
7828,3147,32,2,13.9
7829,3147,8,1,175.41
7830,3148,35,3,6.01
7831,3149,12,2,120.17
7832,3149,22,1,41.98
7833,3149,27,3,58.96
7834,3150,28,1,9.18
7835,3151,36,2,10.96
7836,3151,22,1,41.98
7837,3151,39,2,59.27
7838,3152,38,1,37.02
7839,3152,17,2,63.23
7840,3152,13,2,67.78
7841,3152,3,3,42.57
7842,3153,21,2,65.85
7843,3154,48,1,101.61
7844,3155,55,1,25.2
7845,3156,3,1,42.57
7846,3156,52,1,33.23
7847,3156,14,1,39.32
7848,3157,5,2,176.19
7849,3158,24,2,42.02
7850,3158,18,3,124.11
7851,3158,17,1,60.07
7852,3159,42,2,76.5
7853,3160,59,2,23.44
7854,3160,60,3,13.97
7855,3160,7,3,92.28
7856,3161,21,3,69.32
7857,3161,60,2,13.27
7858,3161,2,3,118.54
7859,3162,3,2,42.57
7860,3162,12,2,120.17
7861,3162,53,2,8.99
7862,3162,42,2,76.5
7863,3163,13,3,67.78
7864,3163,55,1,23.94
7865,3163,21,2,65.85
7866,3164,8,2,175.41
7867,3164,6,2,289.07
7868,3165,14,2,39.32
7869,3166,6,1,289.07
7870,3167,25,1,41.66
7871,3167,59,1,24.67
7872,3167,23,2,34.05
7873,3167,45,3,174.61
7874,3168,28,1,9.66
7875,3169,28,3,9.66
7876,3169,47,3,130.34
7877,3170,29,1,17.72
7878,3170,33,1,35.23
7879,3170,44,3,75.69
7880,3171,56,3,14.55
7881,3171,59,3,24.67
7882,3171,15,1,42.56
7883,3172,15,2,42.56
7884,3172,21,3,69.32
7885,3172,46,3,167.04
7886,3173,37,3,13.06
7887,3173,13,2,71.35
7888,3174,42,2,76.5
7889,3175,15,1,40.43
7890,3175,8,1,175.41
7891,3175,40,2,58.6
7892,3176,39,1,59.27
7893,3176,32,3,13.9
7894,3176,22,3,41.98
7895,3177,3,1,42.57
7896,3178,35,1,6.01
7897,3178,29,3,17.72
7898,3179,23,1,34.05
7899,3179,45,1,174.61
7900,3179,16,3,117.45
7901,3180,54,3,5.86
7902,3181,36,1,10.96
7903,3182,9,1,247.25
7904,3182,19,3,116.13
7905,3183,46,1,167.04
7906,3183,39,1,59.27
7907,3184,36,2,10.96
7908,3184,6,3,289.07
7909,3184,25,2,41.66
7910,3185,47,1,130.34
7911,3185,36,3,10.96
7912,3185,1,2,166.25
7913,3186,46,1,167.04
7914,3186,45,2,165.88
7915,3186,56,3,14.55
7916,3186,12,1,120.17
7917,3187,10,1,236.19
7918,3187,44,1,75.69
7919,3187,26,2,84.32
7920,3187,47,2,130.34
7921,3188,44,1,71.91
7922,3188,35,2,6.33
7923,3189,45,1,174.61
7924,3189,23,1,34.05
7925,3190,32,1,13.21
7926,3190,22,2,41.98
7927,3191,31,1,34.1
7928,3191,23,3,34.05
7929,3191,52,1,34.98
7930,3192,58,2,21.46
7931,3193,58,2,21.46
7932,3193,8,3,175.41
7933,3194,26,2,84.32
7934,3194,38,2,38.97
7935,3195,46,2,167.04
7936,3195,1,1,166.25
7937,3196,59,3,24.67
7938,3196,58,2,21.46
7939,3197,39,3,59.27
7940,3197,6,2,289.07
7941,3197,9,3,247.25
7942,3197,37,1,13.06
7943,3198,34,1,35.16
7944,3198,3,1,42.57
7945,3198,42,1,76.5
7946,3199,58,1,21.46
7947,3199,30,2,30.51
7948,3200,22,3,41.98
7949,3201,16,1,117.45
7950,3201,30,1,30.51
7951,3202,15,2,42.56
7952,3203,23,2,34.05
7953,3203,44,3,75.69
7954,3203,45,3,174.61
7955,3203,55,1,25.2
7956,3204,4,1,326.56
7957,3204,49,1,88.65
7958,3204,47,2,130.34
7959,3205,39,2,59.27
7960,3205,49,1,88.65
7961,3205,45,3,174.61
7962,3206,27,2,58.96
7963,3206,40,1,58.6
7964,3206,7,2,97.14
7965,3206,10,2,236.19
7966,3207,28,1,9.66
7967,3208,1,2,166.25
7968,3209,2,3,118.54
7969,3209,25,1,41.66
7970,3209,45,1,174.61
7971,3210,7,3,97.14
7972,3210,21,1,65.85
7973,3210,10,2,236.19
7974,3210,33,3,33.47
7975,3211,57,1,22.42
7976,3211,47,3,130.34
7977,3211,34,2,35.16
7978,3211,20,1,97.39
7979,3212,11,1,58.94
7980,3213,1,1,166.25
7981,3214,46,2,167.04
7982,3215,22,1,41.98
7983,3215,9,3,247.25
7984,3215,57,3,22.42
7985,3215,12,3,120.17
7986,3216,48,1,96.53
7987,3216,57,1,22.42
7988,3216,38,3,38.97
7989,3217,15,2,42.56
7990,3218,57,3,22.42
7991,3218,21,2,69.32
7992,3219,24,1,42.02
7993,3219,6,3,274.62
7994,3219,30,2,28.98
7995,3220,60,3,13.97
7996,3220,12,1,120.17
7997,3220,18,2,124.11
7998,3220,49,1,88.65
7999,3221,22,3,41.98
8000,3221,26,2,84.32
8001,3222,1,2,166.25
8002,3222,7,1,97.14
8003,3222,44,3,75.69
8004,3223,28,1,9.66
8005,3224,7,3,97.14
8006,3224,11,1,62.04
8007,3224,39,3,59.27
8008,3224,46,1,167.04
8009,3225,36,1,10.41
8010,3226,41,1,116.68
8011,3226,44,1,75.69
8012,3226,20,3,102.52
8013,3226,25,3,39.58
8014,3227,52,1,34.98
8015,3227,41,3,116.68
8016,3228,54,2,5.86
8017,3229,13,3,71.35
8018,3229,39,2,59.27
8019,3230,43,3,37.07
8020,3230,14,1,39.32
8021,3230,56,1,15.32
8022,3231,22,3,41.98
8023,3232,38,3,37.02
8024,3232,39,3,59.27
8025,3232,44,1,75.69
8026,3233,15,2,40.43
8027,3233,31,2,32.4
8028,3233,32,1,13.21
8029,3234,54,1,5.86
8030,3235,54,1,5.86
8031,3235,2,2,118.54
8032,3235,1,1,166.25
8033,3235,52,1,34.98
8034,3236,4,1,343.75
8035,3236,35,2,6.33
8036,3237,1,1,166.25
8037,3238,1,3,166.25
8038,3239,9,2,247.25
8039,3239,8,1,175.41
8040,3240,29,1,17.72
8041,3240,40,1,55.67
8042,3240,14,2,37.35
8043,3240,24,3,42.02
8044,3241,45,2,174.61
8045,3242,11,1,62.04
8046,3242,9,1,247.25
8047,3243,12,2,120.17
8048,3244,60,2,13.97
8049,3244,26,3,84.32
8050,3244,10,3,236.19
8051,3245,14,2,39.32
8052,3245,58,1,21.46
8053,3246,49,1,88.65
8054,3246,51,2,5.07
8055,3246,42,3,76.5
8056,3246,1,1,166.25
8057,3247,19,2,110.32
8058,3248,26,1,84.32
8059,3249,16,2,117.45
8060,3250,21,1,69.32
8061,3250,57,3,22.42
8062,3251,50,1,53.01
8063,3252,29,3,17.72
8064,3253,44,2,75.69
8065,3253,32,2,13.9
8066,3254,43,3,37.07
8067,3254,35,1,6.33
8068,3255,9,1,247.25
8069,3256,26,1,84.32
8070,3256,23,3,32.35
8071,3256,24,3,42.02
8072,3257,16,2,117.45
8073,3258,49,2,88.65
8074,3258,30,3,30.51
8075,3258,46,1,167.04
8076,3258,23,1,34.05
8077,3259,41,1,116.68
8078,3259,27,3,58.96
8079,3259,44,2,75.69
8080,3259,30,3,30.51
8081,3260,4,1,343.75
8082,3260,1,2,166.25
8083,3260,40,1,55.67
8084,3260,36,1,10.96
8085,3261,45,3,165.88
8086,3261,7,1,97.14
8087,3261,43,3,37.07
8088,3262,2,1,112.61
8089,3262,5,3,176.19
8090,3262,14,1,39.32
8091,3263,12,2,120.17
8092,3264,21,3,69.32
8093,3265,21,2,69.32
8094,3266,7,1,97.14
8095,3266,54,1,5.57
8096,3267,4,3,343.75
8097,3267,13,2,71.35
8098,3268,26,1,84.32
8099,3268,27,2,58.96
8100,3268,22,1,41.98
8101,3269,11,1,58.94
8102,3270,8,1,175.41
8103,3270,57,2,21.3
8104,3270,3,1,42.57
8105,3271,51,1,5.07
8106,3271,43,2,37.07
8107,3271,31,1,34.1
8108,3272,7,3,97.14
8109,3272,24,3,42.02
8110,3272,28,2,9.66
8111,3272,41,2,116.68
8112,3273,32,3,13.9
8113,3274,41,1,110.85
8114,3274,3,3,40.44
8115,3274,38,3,38.97
8116,3274,25,3,41.66
8117,3275,45,1,174.61
8118,3275,3,2,42.57
8119,3275,39,2,59.27
8120,3275,48,1,101.61
8121,3276,33,1,35.23
8122,3276,6,2,289.07
8123,3276,2,2,112.61
8124,3277,16,1,117.45
8125,3277,14,3,37.35
8126,3277,19,1,116.13
8127,3278,24,1,42.02
8128,3278,29,1,17.72
8129,3278,23,1,32.35
8130,3279,40,3,55.67
8131,3279,38,3,38.97
8132,3279,1,3,166.25
8133,3279,5,3,176.19
8134,3280,17,3,63.23
8135,3281,15,3,42.56
8136,3281,9,3,234.89
8137,3281,43,1,37.07
8138,3282,40,2,58.6
8139,3283,23,1,34.05
8140,3283,6,1,289.07
8141,3283,24,2,42.02
8142,3284,22,2,41.98
8143,3285,11,3,62.04
8144,3286,49,2,88.65
8145,3286,16,3,111.58
8146,3286,24,2,42.02
8147,3287,11,3,62.04
8148,3287,30,1,30.51
8149,3288,57,3,22.42
8150,3288,47,2,130.34
8151,3288,50,2,53.01
8152,3289,18,3,124.11
8153,3289,45,3,174.61
8154,3290,5,1,176.19
8155,3290,10,1,236.19
8156,3290,42,1,76.5
8157,3290,51,1,5.07
8158,3291,3,3,42.57
8159,3291,30,1,30.51
8160,3292,37,2,13.06
8161,3292,11,2,62.04
8162,3292,21,3,65.85
8163,3292,23,2,34.05
8164,3293,18,3,117.9
8165,3293,16,3,117.45
8166,3293,2,3,118.54
8167,3293,24,1,42.02
8168,3294,27,1,56.01
8169,3294,20,3,102.52
8170,3294,10,2,236.19
8171,3294,25,1,41.66
8172,3295,4,2,343.75
8173,3295,37,2,13.06
8174,3295,19,2,116.13
8175,3295,39,1,59.27
8176,3296,46,2,167.04
8177,3296,23,3,34.05
8178,3296,28,3,9.66
8179,3297,8,1,175.41
8180,3297,15,1,42.56
8181,3297,54,2,5.57
8182,3298,47,1,130.34
8183,3298,34,3,35.16
8184,3299,2,2,118.54
8185,3299,42,1,76.5
8186,3300,4,2,343.75
8187,3300,35,3,6.33
8188,3300,6,3,289.07
8189,3301,13,1,71.35
8190,3302,36,3,10.96
8191,3302,35,2,6.33
8192,3303,45,1,165.88
8193,3303,18,3,124.11
8194,3304,43,2,37.07
8195,3304,58,2,21.46
8196,3305,4,1,326.56
8197,3305,23,2,32.35
8198,3306,53,3,8.54
8199,3306,19,3,116.13
8200,3306,58,2,21.46
8201,3307,33,1,35.23
8202,3307,19,2,116.13
8203,3307,26,1,80.1
8204,3308,55,1,25.2
8205,3308,15,1,40.43
8206,3309,21,3,69.32
8207,3310,57,1,22.42
8208,3310,16,3,117.45
8209,3310,35,2,6.33
8210,3311,30,3,30.51
8211,3311,56,2,15.32
8212,3311,60,1,13.97
8213,3311,17,2,60.07
8214,3312,23,1,34.05
8215,3312,3,1,42.57
8216,3312,53,3,8.99
8217,3312,39,2,56.31
8218,3313,5,3,167.38
8219,3313,24,3,42.02
8220,3313,4,3,343.75
8221,3313,29,3,17.72
8222,3314,52,1,34.98
8223,3315,31,1,34.1
8224,3315,6,2,274.62
8225,3315,20,3,97.39
8226,3316,35,3,6.33
8227,3316,58,1,21.46
8228,3316,57,3,22.42
8229,3316,10,3,236.19
8230,3317,32,1,13.9
8231,3317,31,2,34.1
8232,3317,24,1,42.02
8233,3317,11,2,62.04
8234,3318,14,3,37.35
8235,3318,43,3,37.07
8236,3318,57,1,22.42
8237,3318,19,2,116.13
8238,3319,60,1,13.97
8239,3319,41,1,110.85
8240,3319,31,3,34.1
8241,3319,20,3,97.39
8242,3320,2,1,118.54
8243,3321,51,1,5.07
8244,3322,36,3,10.96
8245,3322,19,3,116.13
8246,3322,45,3,174.61
8247,3323,42,3,76.5
8248,3323,43,2,37.07
8249,3323,27,1,58.96
8250,3324,19,3,116.13
8251,3325,44,3,71.91
8252,3325,8,1,175.41
8253,3325,53,1,8.99
8254,3326,43,3,37.07
8255,3326,49,3,84.22
8256,3327,39,1,59.27
8257,3328,43,1,37.07
8258,3328,31,2,34.1
8259,3328,50,1,50.36
8260,3328,27,3,58.96
8261,3329,14,2,39.32
8262,3329,26,1,84.32
8263,3329,43,2,37.07
8264,3330,19,1,116.13
8265,3331,41,1,116.68
8266,3331,4,3,326.56
8267,3332,19,1,116.13
8268,3332,39,1,59.27
8269,3332,2,2,118.54
8270,3333,57,3,22.42
8271,3333,4,2,326.56
8272,3333,20,2,102.52
8273,3333,7,1,97.14
8274,3334,13,2,71.35
8275,3335,18,2,124.11
8276,3335,16,1,117.45
8277,3336,45,2,165.88
8278,3336,30,2,30.51
8279,3336,25,2,41.66
8280,3336,52,3,34.98
8281,3337,45,3,174.61
8282,3337,30,2,30.51
8283,3338,49,1,88.65
8284,3338,40,1,55.67
8285,3338,8,3,175.41
8286,3339,37,2,13.06
8287,3339,56,3,15.32
8288,3339,20,3,102.52
8289,3340,21,3,69.32
8290,3340,30,3,30.51
8291,3340,12,3,120.17
8292,3340,47,3,130.34
8293,3341,5,1,176.19
8294,3341,39,2,56.31
8295,3341,43,2,37.07
8296,3341,48,1,101.61
8297,3342,3,1,42.57
8298,3342,13,2,71.35
8299,3342,4,2,326.56
8300,3343,36,2,10.41
8301,3344,44,2,75.69
8302,3345,2,1,118.54
8303,3345,1,2,166.25
8304,3345,23,2,34.05
8305,3345,50,1,53.01
8306,3346,59,1,24.67
8307,3346,57,1,21.3
8308,3346,24,2,42.02
8309,3346,56,3,14.55
8310,3347,26,1,84.32
8311,3347,13,3,71.35
8312,3347,18,2,124.11
8313,3348,59,2,23.44
8314,3348,58,1,21.46
8315,3348,39,1,59.27
8316,3349,42,1,76.5
8317,3350,53,2,8.99
8318,3350,26,3,84.32
8319,3350,32,2,13.9
8320,3350,10,1,236.19
8321,3351,35,3,6.33
8322,3352,7,2,97.14
8323,3352,3,3,42.57
8324,3353,26,2,84.32
8325,3353,47,3,130.34
8326,3354,55,1,25.2
8327,3354,9,3,247.25
8328,3354,7,2,97.14
8329,3355,26,1,80.1
8330,3356,30,3,30.51
8331,3356,51,1,4.82
8332,3356,53,3,8.54
8333,3357,60,3,13.97
8334,3357,4,2,343.75
8335,3357,53,3,8.99
8336,3357,50,3,53.01
8337,3358,13,1,67.78
8338,3358,37,1,13.06
8339,3358,51,3,5.07
8340,3359,19,3,110.32
8341,3360,36,3,10.41
8342,3360,40,2,55.67
8343,3360,27,2,58.96
8344,3361,26,3,80.1
8345,3361,17,3,63.23
8346,3362,9,2,247.25
8347,3363,34,3,35.16
8348,3364,29,2,17.72
8349,3364,40,3,58.6
8350,3364,13,2,67.78
8351,3364,36,3,10.96
8352,3365,34,3,35.16
8353,3365,42,3,76.5
8354,3365,59,1,24.67
8355,3366,59,1,24.67
8356,3366,3,3,42.57
8357,3367,41,1,116.68
8358,3367,14,1,39.32
8359,3367,43,2,37.07
8360,3367,51,3,4.82
8361,3368,41,1,116.68
8362,3368,56,1,15.32
8363,3368,58,2,21.46
8364,3368,4,1,343.75
8365,3369,26,2,84.32
8366,3369,37,3,13.06
8367,3370,42,2,76.5
8368,3370,37,2,13.06
8369,3370,47,1,130.34
8370,3371,9,3,247.25
8371,3371,46,1,158.69
8372,3372,1,3,166.25
8373,3372,48,1,101.61
8374,3372,26,1,84.32
8375,3372,52,3,33.23
8376,3373,19,1,116.13
8377,3373,27,1,58.96
8378,3374,51,1,5.07
8379,3375,19,2,116.13
8380,3376,58,1,21.46
8381,3377,30,3,30.51
8382,3378,52,1,34.98
8383,3378,20,3,102.52
8384,3378,2,3,118.54
8385,3378,34,1,33.4
8386,3379,45,1,174.61
8387,3379,56,2,15.32
8388,3380,31,1,34.1
8389,3381,4,2,343.75
8390,3381,32,2,13.9
8391,3381,11,3,62.04
8392,3382,42,1,76.5
8393,3383,19,2,116.13
8394,3383,54,2,5.86
8395,3383,3,1,42.57
8396,3384,60,3,13.97
8397,3384,16,2,117.45
8398,3384,34,1,35.16
8399,3385,10,1,224.38
8400,3386,4,2,343.75
8401,3386,5,2,176.19
8402,3386,15,1,42.56
8403,3387,33,2,33.47
8404,3387,51,3,5.07
8405,3388,54,3,5.86
8406,3388,46,3,167.04
8407,3389,13,1,71.35
8408,3390,48,3,101.61
8409,3390,5,3,176.19
8410,3390,4,1,343.75
8411,3390,15,3,42.56
8412,3391,9,1,247.25
8413,3392,1,3,166.25
8414,3393,58,1,21.46
8415,3393,36,1,10.96
8416,3393,19,3,116.13
8417,3394,60,1,13.97
8418,3394,29,2,17.72
8419,3394,30,1,28.98
8420,3395,12,3,120.17
8421,3396,42,3,76.5
8422,3397,53,2,8.54
8423,3397,44,1,75.69
8424,3397,23,3,34.05
8425,3398,12,2,114.16
8426,3399,41,2,110.85
8427,3400,28,1,9.66
8428,3400,1,3,166.25
8429,3401,1,2,157.94
8430,3401,48,3,101.61
8431,3401,60,3,13.97
8432,3402,15,3,42.56
8433,3403,21,1,65.85
8434,3403,36,2,10.96
8435,3403,9,1,234.89
8436,3403,52,1,34.98
8437,3404,33,2,35.23
8438,3405,18,1,124.11
8439,3405,36,1,10.96
8440,3405,1,3,166.25
8441,3406,36,3,10.41
8442,3406,51,3,4.82
8443,3406,32,3,13.21
8444,3407,14,1,39.32
8445,3407,2,1,118.54
8446,3407,45,3,174.61
8447,3408,50,3,53.01
8448,3408,11,3,62.04
8449,3408,27,3,58.96
8450,3408,49,2,88.65
8451,3409,2,1,118.54
8452,3410,44,3,71.91
8453,3411,47,3,130.34
8454,3411,37,3,13.06
8455,3411,22,1,41.98
8456,3411,2,3,118.54
8457,3412,40,3,58.6
8458,3412,48,2,96.53
8459,3412,42,2,76.5
8460,3413,26,2,84.32
8461,3413,3,1,42.57
8462,3414,60,1,13.97
8463,3414,1,2,157.94
8464,3414,57,1,22.42
8465,3414,3,3,42.57
8466,3415,56,3,15.32
8467,3415,23,3,34.05
8468,3415,34,1,35.16
8469,3416,53,3,8.54
8470,3416,17,2,63.23
8471,3416,50,2,53.01
8472,3417,23,2,32.35
8473,3417,46,2,167.04
8474,3418,14,3,39.32
8475,3418,57,1,21.3
8476,3418,30,2,30.51
8477,3419,17,3,63.23
8478,3419,39,2,59.27
8479,3420,30,2,28.98
8480,3420,23,1,34.05
8481,3421,48,1,101.61
8482,3421,14,1,37.35
8483,3422,29,2,17.72
8484,3422,18,2,117.9
8485,3422,30,1,30.51
8486,3422,27,3,56.01
8487,3423,30,1,30.51
8488,3424,20,3,102.52
8489,3424,33,3,35.23
8490,3424,37,1,13.06
8491,3424,39,2,59.27
8492,3425,16,1,117.45
8493,3425,54,1,5.86
8494,3425,10,1,224.38
8495,3425,6,1,289.07
8496,3426,50,3,53.01
8497,3426,31,1,34.1
8498,3427,11,1,62.04
8499,3427,56,3,15.32
8500,3428,2,2,118.54
8501,3428,5,2,176.19
8502,3428,22,1,39.88
8503,3428,11,3,62.04
8504,3429,23,1,34.05
8505,3430,35,1,6.33
8506,3430,43,1,37.07
8507,3430,7,1,97.14
8508,3431,35,2,6.33
8509,3431,40,1,58.6
8510,3431,54,2,5.86
8511,3431,55,3,25.2
8512,3432,36,2,10.41
8513,3432,11,1,62.04
8514,3432,54,1,5.86
8515,3433,18,2,124.11
8516,3433,41,2,116.68
8517,3433,51,1,5.07
8518,3434,21,3,69.32
8519,3434,43,3,37.07
8520,3434,47,2,130.34
8521,3435,1,1,166.25
8522,3435,16,3,117.45
8523,3435,30,1,28.98
8524,3435,13,2,71.35
8525,3436,38,3,38.97
8526,3436,48,1,101.61
8527,3436,12,2,120.17
8528,3437,28,1,9.18
8529,3437,16,1,117.45
8530,3438,40,3,58.6
8531,3438,54,3,5.86
8532,3438,60,3,13.97
8533,3439,16,2,117.45
8534,3439,10,2,236.19
8535,3440,36,2,10.96
8536,3440,52,3,34.98
8537,3440,54,2,5.86
8538,3441,42,2,76.5
8539,3441,54,2,5.57
8540,3441,25,3,41.66
8541,3441,16,1,117.45
8542,3442,37,3,13.06
8543,3442,42,1,76.5
8544,3442,9,3,247.25
8545,3443,4,1,343.75
8546,3443,33,3,35.23
8547,3444,59,2,24.67
8548,3445,40,1,58.6
8549,3445,47,2,130.34
8550,3445,5,2,176.19
8551,3445,19,2,116.13
8552,3446,46,2,167.04
8553,3446,33,3,35.23
8554,3447,59,1,24.67
8555,3448,16,3,111.58
8556,3449,32,3,13.9
8557,3450,9,1,247.25
8558,3451,22,1,41.98
8559,3452,26,1,84.32
8560,3453,39,2,59.27
8561,3453,51,1,5.07
8562,3453,10,3,236.19
8563,3453,7,2,97.14
8564,3454,34,3,35.16
8565,3454,39,1,56.31
8566,3454,24,1,42.02
8567,3454,15,1,42.56
8568,3455,38,3,37.02
8569,3455,44,3,75.69
8570,3455,31,1,34.1
8571,3456,44,3,75.69
8572,3457,27,3,58.96
8573,3457,30,2,30.51
8574,3457,44,2,75.69
8575,3457,18,3,124.11
8576,3458,39,1,59.27
8577,3458,44,1,75.69
8578,3458,32,3,13.9
8579,3458,27,2,58.96
8580,3459,23,3,32.35
8581,3460,43,2,35.22
8582,3460,60,2,13.97
8583,3460,19,3,116.13
8584,3461,15,3,42.56
8585,3461,24,1,42.02
8586,3462,25,1,41.66
8587,3462,59,1,24.67
8588,3462,55,2,25.2
8589,3462,49,3,88.65
8590,3463,8,1,175.41
8591,3463,15,1,42.56
8592,3463,50,2,50.36
8593,3463,44,3,75.69
8594,3464,33,3,33.47
8595,3464,57,3,22.42
8596,3465,44,3,75.69
8597,3465,21,2,69.32
8598,3465,59,2,24.67
8599,3466,28,2,9.18
8600,3467,7,1,97.14
8601,3467,53,1,8.99
8602,3467,2,3,118.54
8603,3468,11,2,62.04
8604,3469,19,3,116.13
8605,3469,45,1,174.61
8606,3470,42,2,76.5
8607,3470,34,3,33.4
8608,3470,23,3,34.05
8609,3471,4,3,343.75
8610,3471,48,1,101.61
8611,3471,55,2,25.2
8612,3472,42,1,76.5
8613,3472,59,2,23.44
8614,3473,17,1,63.23
8615,3473,20,1,97.39
8616,3473,19,2,116.13
8617,3473,18,1,124.11
8618,3474,60,3,13.97
8619,3475,52,1,33.23
8620,3476,54,1,5.57
8621,3477,10,3,236.19
8622,3477,58,3,21.46
8623,3478,24,2,42.02
8624,3478,36,2,10.96
8625,3478,39,1,56.31
8626,3479,20,1,102.52
8627,3479,35,2,6.33
8628,3479,16,3,117.45
8629,3479,55,2,25.2
8630,3480,50,3,50.36
8631,3481,31,1,34.1
8632,3482,53,2,8.99
8633,3482,19,3,116.13
8634,3482,42,2,76.5
8635,3483,21,2,69.32
8636,3484,3,2,40.44
8637,3484,32,1,13.9
8638,3485,14,1,37.35
8639,3486,58,1,20.39
8640,3486,44,1,75.69
8641,3487,6,1,289.07
8642,3488,11,3,62.04
8643,3489,27,2,58.96
8644,3489,18,1,124.11
8645,3489,41,3,116.68
8646,3490,39,2,59.27
8647,3490,45,3,174.61
8648,3491,30,3,30.51
8649,3492,49,1,88.65
8650,3492,15,2,40.43
8651,3492,57,2,22.42
8652,3492,1,1,157.94
8653,3493,28,3,9.66
8654,3494,10,1,236.19
8655,3494,43,3,37.07
8656,3495,60,3,13.97
8657,3496,15,2,42.56
8658,3496,52,1,34.98
8659,3497,28,1,9.66
8660,3497,25,2,41.66
8661,3497,7,3,92.28
8662,3497,6,1,289.07
8663,3498,25,1,41.66
8664,3498,14,2,39.32
8665,3498,53,3,8.54
8666,3498,5,3,176.19
8667,3499,43,1,37.07
8668,3500,14,3,39.32
8669,3500,8,2,175.41
8670,3501,14,1,39.32
8671,3501,28,3,9.66
8672,3501,15,1,42.56
8673,3502,23,1,34.05
8674,3503,22,3,41.98
8675,3503,51,3,5.07
8676,3504,11,1,62.04
8677,3505,40,3,58.6
8678,3505,20,1,102.52
8679,3506,21,3,69.32
8680,3507,59,3,24.67
8681,3508,28,3,9.66
8682,3508,9,3,247.25
8683,3508,56,3,15.32
8684,3509,5,3,176.19
8685,3509,13,2,71.35
8686,3510,37,2,13.06
8687,3510,47,3,130.34
8688,3510,46,1,167.04
8689,3510,57,3,22.42
8690,3511,1,3,166.25
8691,3511,24,2,42.02
8692,3511,39,2,59.27
8693,3512,58,3,20.39
8694,3513,47,1,130.34
8695,3513,9,3,247.25
8696,3514,42,3,76.5
8697,3514,4,1,326.56
8698,3515,31,3,34.1
8699,3515,8,3,175.41
8700,3515,4,2,343.75
8701,3516,44,1,71.91
8702,3516,21,1,69.32
8703,3517,51,2,5.07
8704,3518,34,3,35.16
8705,3518,30,1,30.51
8706,3519,48,1,101.61
8707,3520,43,3,37.07
8708,3520,54,1,5.86
8709,3520,9,1,247.25
8710,3521,17,3,60.07
8711,3522,59,1,24.67
8712,3523,60,2,13.97
8713,3523,10,3,236.19
8714,3523,27,2,58.96
8715,3523,33,1,35.23
8716,3524,58,1,20.39
8717,3525,26,2,80.1
8718,3526,17,3,60.07
8719,3526,20,1,102.52
8720,3527,41,2,110.85
8721,3527,30,1,28.98
8722,3528,28,1,9.66
8723,3528,47,3,130.34
8724,3528,49,3,88.65
8725,3529,6,1,289.07
8726,3530,41,2,116.68
8727,3531,38,2,38.97
8728,3531,22,2,41.98
8729,3531,41,1,110.85
8730,3532,36,3,10.96
8731,3533,55,2,25.2
8732,3533,2,2,118.54
8733,3533,36,1,10.96
8734,3533,17,3,63.23
8735,3534,29,2,17.72
8736,3535,57,1,22.42
8737,3536,36,1,10.96
8738,3536,35,1,6.33
8739,3536,32,2,13.9
8740,3536,58,1,21.46
8741,3537,57,1,22.42
8742,3538,24,1,42.02
8743,3538,41,2,116.68
8744,3538,48,1,101.61
8745,3539,28,1,9.66
8746,3539,1,1,166.25
8747,3539,44,1,75.69
8748,3540,9,2,247.25
8749,3540,39,2,59.27
8750,3541,54,1,5.86
8751,3541,12,3,120.17
8752,3542,44,3,75.69
8753,3542,6,1,289.07
8754,3542,31,3,34.1
8755,3543,16,1,117.45
8756,3544,35,3,6.33
8757,3544,5,3,176.19
8758,3544,17,2,63.23
8759,3545,15,1,42.56
8760,3545,33,1,35.23
8761,3545,35,2,6.33
8762,3546,17,2,63.23
8763,3546,1,3,166.25
8764,3547,59,1,23.44
8765,3547,32,3,13.9
8766,3547,42,1,72.67
8767,3547,45,3,174.61
8768,3548,53,3,8.99
8769,3548,14,3,39.32
8770,3548,17,1,63.23
8771,3548,55,2,25.2
8772,3549,60,1,13.97
8773,3550,49,2,88.65
8774,3550,44,3,75.69
8775,3550,20,1,102.52
8776,3550,56,3,15.32
8777,3551,16,1,117.45
8778,3551,7,2,97.14
8779,3551,17,2,60.07
8780,3552,34,1,35.16
8781,3553,2,1,118.54
8782,3554,19,2,110.32
8783,3554,41,2,116.68
8784,3555,42,1,72.67
8785,3556,51,2,5.07
8786,3557,25,3,41.66
8787,3558,16,2,117.45
8788,3558,18,3,124.11
8789,3558,15,1,40.43
8790,3558,29,2,17.72
8791,3559,40,3,58.6
8792,3560,39,2,59.27
8793,3560,59,3,23.44
8794,3560,36,1,10.96
8795,3561,16,2,111.58
8796,3561,21,1,69.32
8797,3561,59,1,24.67
8798,3562,58,2,20.39
8799,3563,48,3,96.53
8800,3563,52,3,34.98
8801,3563,19,1,116.13
8802,3564,39,2,59.27
8803,3564,7,2,97.14
8804,3565,14,3,37.35
8805,3565,11,3,58.94
8806,3565,52,1,33.23
8807,3566,22,3,41.98
8808,3566,58,3,20.39
8809,3566,1,2,166.25
8810,3567,34,1,33.4
8811,3568,60,2,13.97
8812,3569,34,2,35.16
8813,3569,17,2,63.23
8814,3570,14,3,39.32
8815,3570,18,1,124.11
8816,3570,56,2,15.32
8817,3570,41,3,116.68
8818,3571,10,1,224.38
8819,3572,8,1,166.64
8820,3572,59,1,24.67
8821,3572,48,2,101.61
8822,3573,54,1,5.86
8823,3573,10,2,236.19
8824,3574,50,1,50.36
8825,3574,30,1,30.51
8826,3575,18,2,124.11
8827,3575,51,1,5.07
8828,3576,58,3,21.46
8829,3576,11,3,58.94
8830,3576,12,1,120.17
8831,3576,9,1,247.25
8832,3577,55,3,25.2
8833,3577,17,2,63.23
8834,3578,25,2,41.66
8835,3578,28,3,9.66
8836,3579,32,3,13.21
8837,3579,53,1,8.99
8838,3580,37,1,13.06
8839,3580,17,1,63.23
8840,3581,7,2,97.14
8841,3581,30,1,30.51
8842,3581,43,3,35.22
8843,3581,44,1,75.69
8844,3582,24,1,39.92
8845,3582,2,3,118.54
8846,3583,2,3,118.54
8847,3584,23,2,34.05
8848,3584,49,1,88.65
8849,3584,39,3,56.31
8850,3585,47,1,130.34
8851,3585,1,2,166.25
8852,3586,47,2,130.34
8853,3587,30,1,30.51
8854,3587,58,2,21.46
8855,3588,32,2,13.9
8856,3588,59,2,23.44
8857,3588,37,1,13.06
8858,3588,57,3,21.3
8859,3589,14,2,39.32
8860,3589,10,3,236.19
8861,3590,51,2,5.07
8862,3590,32,2,13.9
8863,3591,4,1,343.75
8864,3591,6,3,274.62
8865,3591,15,2,42.56
8866,3592,41,3,116.68
8867,3592,45,3,174.61
8868,3592,8,3,166.64
8869,3592,49,2,88.65
8870,3593,60,2,13.27
8871,3593,59,1,24.67
8872,3593,48,3,101.61
8873,3593,29,3,17.72
8874,3594,7,1,97.14
8875,3594,13,3,71.35
8876,3595,6,1,289.07
8877,3595,47,3,130.34
8878,3595,24,3,42.02
8879,3596,35,1,6.33
8880,3596,25,3,41.66
8881,3596,6,3,274.62
8882,3596,45,2,174.61
8883,3597,26,1,84.32
8884,3597,30,3,28.98
8885,3597,6,2,289.07
8886,3598,34,1,35.16
8887,3598,44,1,71.91
8888,3599,59,2,24.67
8889,3599,15,2,42.56
8890,3599,37,2,13.06
8891,3599,13,2,67.78
8892,3600,24,3,42.02
8893,3600,35,3,6.33
8894,3601,53,1,8.99
8895,3601,17,3,60.07
8896,3601,55,2,25.2
8897,3601,2,1,118.54
8898,3602,50,2,50.36
8899,3602,32,1,13.9
8900,3602,20,3,102.52
8901,3603,8,3,175.41
8902,3603,43,1,37.07
8903,3603,16,2,117.45
8904,3603,57,1,22.42
8905,3604,1,2,157.94
8906,3604,26,1,84.32
8907,3604,12,3,120.17
8908,3604,33,1,35.23
8909,3605,57,3,22.42
8910,3606,58,1,21.46
8911,3607,57,3,22.42
8912,3607,31,3,34.1
8913,3607,33,1,35.23
8914,3608,45,1,174.61
8915,3608,6,3,289.07
8916,3608,44,3,75.69
8917,3609,58,1,20.39
8918,3609,50,2,53.01
8919,3610,55,3,25.2
8920,3610,57,2,22.42
8921,3610,15,1,42.56
8922,3610,40,1,58.6
8923,3611,56,1,15.32
8924,3611,18,1,124.11
8925,3611,53,3,8.99
8926,3611,12,2,120.17
8927,3612,20,3,102.52
8928,3612,59,2,24.67
8929,3612,44,1,75.69
8930,3612,31,2,34.1
8931,3613,30,3,30.51
8932,3613,45,3,165.88
8933,3613,14,1,39.32
8934,3614,40,2,58.6
8935,3614,4,1,343.75
8936,3615,17,2,63.23
8937,3615,30,1,30.51
8938,3615,32,2,13.9
8939,3615,59,3,24.67
8940,3616,6,1,289.07
8941,3616,44,2,75.69
8942,3617,16,3,117.45
8943,3618,56,1,15.32
8944,3618,13,2,71.35
8945,3618,36,2,10.41
8946,3619,31,2,34.1
8947,3619,25,1,41.66
8948,3619,2,3,112.61
8949,3619,46,1,167.04
8950,3620,43,3,37.07
8951,3621,9,1,247.25
8952,3621,53,1,8.99
8953,3622,6,2,274.62
8954,3622,56,2,14.55
8955,3622,38,3,38.97
8956,3623,11,2,62.04
8957,3624,5,1,167.38
8958,3625,5,2,176.19
8959,3626,35,2,6.33
8960,3626,38,3,38.97
8961,3626,28,1,9.66
8962,3626,10,2,236.19
8963,3627,56,1,15.32
8964,3627,37,3,12.41
8965,3627,47,2,130.34
8966,3628,6,1,289.07
8967,3628,8,2,175.41
8968,3629,10,3,236.19
8969,3629,57,1,22.42
8970,3629,34,3,35.16
8971,3629,16,1,117.45
8972,3630,5,3,167.38
8973,3630,51,3,5.07
8974,3630,46,2,167.04
8975,3631,18,2,124.11
8976,3631,60,3,13.97
8977,3631,41,3,116.68
8978,3632,23,1,34.05
8979,3632,31,2,32.4
8980,3633,24,2,42.02
8981,3633,53,3,8.99
8982,3633,14,3,39.32
8983,3634,6,2,289.07
8984,3634,20,1,102.52
8985,3634,14,1,39.32
8986,3634,35,1,6.33
8987,3635,48,1,101.61
8988,3635,50,3,53.01
8989,3636,1,1,166.25
8990,3636,3,1,42.57
8991,3636,54,2,5.57
8992,3636,48,3,101.61
8993,3637,14,1,39.32
8994,3637,39,3,59.27
8995,3638,28,3,9.66
8996,3638,11,3,62.04
8997,3639,51,2,5.07
8998,3639,12,2,120.17
8999,3639,38,3,38.97
9000,3639,33,1,35.23
9001,3640,30,2,30.51
9002,3640,33,1,35.23
9003,3640,29,2,17.72
9004,3641,1,1,166.25
9005,3642,11,2,62.04
9006,3642,42,3,72.67
9007,3642,55,1,25.2
9008,3643,1,2,166.25
9009,3643,36,3,10.96
9010,3643,33,3,35.23
9011,3644,23,2,32.35
9012,3644,22,2,41.98
9013,3645,41,2,116.68
9014,3646,58,2,20.39
9015,3646,52,2,34.98
9016,3646,4,1,343.75
9017,3647,43,3,37.07
9018,3647,11,2,62.04
9019,3647,41,3,116.68
9020,3647,26,2,80.1
9021,3648,7,1,97.14
9022,3649,49,3,88.65
9023,3649,1,3,166.25
9024,3650,20,2,102.52
9025,3650,59,1,23.44
9026,3650,1,1,157.94
9027,3651,7,3,97.14
9028,3651,55,3,25.2
9029,3652,13,1,71.35
9030,3652,34,2,35.16
9031,3652,19,3,116.13
9032,3653,15,2,42.56
9033,3654,25,1,39.58
9034,3655,24,3,42.02
9035,3655,38,3,38.97
9036,3656,42,2,76.5
9037,3656,22,2,41.98
9038,3656,48,1,96.53
9039,3657,50,2,53.01
9040,3658,19,2,116.13
9041,3658,44,1,75.69
9042,3658,58,2,21.46
9043,3658,6,2,289.07
9044,3659,25,2,41.66
9045,3659,8,1,175.41
9046,3659,23,2,34.05
9047,3660,16,2,111.58
9048,3660,44,3,75.69
9049,3661,25,1,41.66
9050,3661,11,1,62.04
9051,3661,51,2,5.07
9052,3661,14,1,39.32
9053,3662,30,3,30.51
9054,3662,11,2,62.04
9055,3663,25,1,41.66
9056,3664,32,1,13.9
9057,3664,29,2,16.83
9058,3665,46,3,167.04
9059,3665,27,3,58.96
9060,3665,39,2,59.27
9061,3666,41,3,116.68
9062,3666,38,3,38.97
9063,3666,25,3,41.66
9064,3667,21,2,65.85
9065,3667,18,3,124.11
9066,3667,23,2,34.05
9067,3668,6,3,289.07
9068,3669,16,2,117.45
9069,3669,52,1,33.23
9070,3670,55,1,25.2
9071,3670,49,2,88.65
9072,3670,54,3,5.86
9073,3670,23,2,34.05
9074,3671,6,1,289.07
9075,3671,25,2,39.58
9076,3671,13,1,71.35
9077,3671,31,2,34.1
9078,3672,53,1,8.99
9079,3673,31,1,34.1
9080,3673,2,3,112.61
9081,3673,13,3,67.78
9082,3673,27,3,58.96
9083,3674,60,2,13.97
9084,3674,35,3,6.33
9085,3674,58,2,21.46
9086,3675,18,1,124.11
9087,3675,8,1,175.41
9088,3676,55,3,25.2
9089,3676,35,3,6.33
9090,3676,1,3,157.94
9091,3677,19,3,116.13
9092,3677,47,2,123.82
9093,3677,9,1,247.25
9094,3677,17,2,63.23
9095,3678,1,1,166.25
9096,3678,24,2,42.02
9097,3678,39,3,59.27
9098,3678,41,1,116.68
9099,3679,37,3,12.41
9100,3680,47,2,130.34
9101,3680,25,2,41.66
9102,3681,24,1,42.02
9103,3681,8,2,175.41
9104,3681,18,2,124.11
9105,3681,15,1,42.56
9106,3682,45,1,174.61
9107,3682,20,1,102.52
9108,3683,48,1,101.61
9109,3683,5,2,176.19
9110,3683,25,3,41.66
9111,3684,24,1,42.02
9112,3684,59,3,24.67
9113,3684,22,2,41.98
9114,3685,22,1,41.98
9115,3685,46,2,167.04
9116,3685,3,2,42.57
9117,3685,48,3,101.61
9118,3686,47,3,130.34
9119,3686,45,1,174.61
9120,3687,33,1,35.23
9121,3687,34,2,35.16
9122,3688,4,3,326.56
9123,3688,55,2,25.2
9124,3688,52,2,34.98
9125,3689,2,3,118.54
9126,3690,33,3,35.23
9127,3690,7,2,97.14
9128,3690,39,3,59.27
9129,3691,48,2,101.61
9130,3691,58,3,21.46
9131,3691,1,2,166.25
9132,3692,52,1,34.98
9133,3693,33,2,35.23
9134,3694,4,3,326.56
9135,3694,28,3,9.66
9136,3694,57,1,22.42
9137,3695,30,2,30.51
9138,3695,39,3,56.31
9139,3696,15,3,42.56
9140,3696,25,3,41.66
9141,3697,10,1,236.19
9142,3698,26,1,84.32
9143,3698,22,1,39.88
9144,3698,7,1,97.14
9145,3699,46,1,158.69
9146,3699,4,2,343.75
9147,3699,26,3,84.32
9148,3700,12,3,120.17
9149,3700,16,1,117.45
9150,3700,38,3,38.97
9151,3701,44,2,75.69
9152,3701,27,3,58.96
9153,3702,3,3,40.44
9154,3702,23,1,34.05
9155,3703,40,3,58.6
9156,3703,31,1,34.1
9157,3704,10,3,236.19
9158,3704,18,2,117.9
9159,3705,17,1,63.23
9160,3705,7,3,97.14
9161,3705,54,1,5.86
9162,3705,13,2,71.35
9163,3706,36,1,10.41
9164,3706,13,1,67.78
9165,3706,47,2,130.34
9166,3706,56,1,15.32
9167,3707,41,3,116.68
9168,3707,53,1,8.99
9169,3707,39,3,59.27
9170,3708,8,2,166.64
9171,3708,54,1,5.57
9172,3708,44,3,75.69
9173,3708,9,3,247.25
9174,3709,25,3,41.66
9175,3709,17,3,63.23
9176,3709,37,1,13.06
9177,3710,34,3,35.16
9178,3710,39,2,59.27
9179,3711,39,3,59.27
9180,3711,44,1,75.69
9181,3711,51,3,4.82
9182,3712,9,2,247.25
9183,3713,27,3,56.01
9184,3713,42,2,76.5
9185,3714,33,3,35.23
9186,3714,42,2,76.5
9187,3714,17,3,63.23
9188,3714,28,2,9.66
9189,3715,54,2,5.86
9190,3715,8,1,175.41
9191,3715,33,3,35.23
9192,3716,9,2,247.25
9193,3717,57,1,22.42
9194,3717,59,2,24.67
9195,3718,2,1,112.61
9196,3718,17,1,60.07
9197,3718,10,2,236.19
9198,3719,16,2,117.45
9199,3719,7,2,97.14
9200,3720,11,3,62.04
9201,3720,35,2,6.33
9202,3720,37,2,13.06
9203,3721,27,3,58.96
9204,3721,53,1,8.99
9205,3721,30,3,30.51
9206,3722,13,2,67.78
9207,3722,34,2,35.16
9208,3722,53,1,8.99
9209,3723,3,1,42.57
9210,3723,13,3,67.78
9211,3724,32,1,13.9
9212,3724,27,3,58.96
9213,3725,54,1,5.86
9214,3725,10,3,236.19
9215,3726,27,3,58.96
9216,3727,58,3,20.39
9217,3727,24,2,39.92
9218,3727,52,1,34.98
9219,3727,17,1,63.23
9220,3728,41,2,116.68
9221,3728,43,3,37.07
9222,3728,6,1,289.07
9223,3728,49,3,84.22
9224,3729,6,2,289.07
9225,3730,58,3,21.46
9226,3730,51,3,5.07
9227,3730,40,3,58.6
9228,3731,22,3,41.98
9229,3732,25,2,41.66
9230,3732,24,2,42.02
9231,3732,15,3,42.56
9232,3732,42,2,76.5
9233,3733,42,1,76.5
9234,3733,16,3,117.45
9235,3733,36,3,10.96
9236,3733,47,2,130.34
9237,3734,23,3,32.35
9238,3735,45,3,174.61
9239,3736,7,3,97.14
9240,3736,52,3,34.98
9241,3736,55,3,25.2
9242,3737,14,2,39.32
9243,3737,1,3,157.94
9244,3737,57,2,22.42
9245,3737,19,2,116.13
9246,3738,23,1,34.05
9247,3738,10,3,236.19
9248,3739,33,2,35.23
9249,3740,37,2,13.06
9250,3740,31,1,34.1
9251,3740,14,1,39.32
9252,3741,35,2,6.33
9253,3741,43,3,35.22
9254,3741,40,1,55.67
9255,3742,43,3,37.07
9256,3742,12,3,120.17
9257,3742,44,1,75.69
9258,3742,27,1,58.96
9259,3743,15,2,42.56
9260,3743,32,3,13.9
9261,3744,35,1,6.33
9262,3744,17,1,60.07
9263,3744,42,3,76.5
9264,3745,24,1,42.02
9265,3745,18,2,124.11
9266,3745,57,2,22.42
9267,3746,25,3,39.58
9268,3746,34,1,35.16
9269,3746,32,1,13.9
9270,3747,7,1,97.14
9271,3747,22,3,41.98
9272,3747,15,2,42.56
9273,3747,53,3,8.99
9274,3748,34,3,35.16
9275,3749,1,3,166.25
9276,3749,48,1,96.53
9277,3749,41,2,116.68
9278,3750,32,1,13.21
9279,3750,2,2,118.54
9280,3750,47,3,130.34
9281,3750,31,1,34.1
9282,3751,11,3,58.94
9283,3751,53,1,8.54
9284,3751,30,3,30.51
9285,3752,39,3,56.31
9286,3753,17,2,63.23
9287,3753,29,3,17.72
9288,3754,15,1,40.43
9289,3755,4,3,326.56
9290,3755,41,3,116.68
9291,3755,59,3,24.67
9292,3755,39,3,56.31
9293,3756,59,3,24.67
9294,3756,6,1,289.07
9295,3756,30,3,30.51
9296,3757,54,2,5.86
9297,3758,29,3,17.72
9298,3759,23,1,34.05
9299,3759,25,2,41.66
9300,3759,12,2,120.17
9301,3760,27,2,58.96
9302,3760,3,2,42.57
9303,3761,19,1,116.13
9304,3761,10,2,224.38
9305,3761,33,3,35.23
9306,3762,57,1,22.42
9307,3762,24,1,39.92
9308,3763,49,2,88.65
9309,3763,13,2,71.35
9310,3764,28,2,9.66
9311,3764,20,2,102.52
9312,3764,33,2,35.23
9313,3765,14,3,39.32
9314,3765,33,1,35.23
9315,3765,53,3,8.99
9316,3766,34,2,33.4
9317,3766,59,3,23.44
9318,3766,3,3,42.57
9319,3766,47,1,130.34
9320,3767,55,2,25.2
9321,3767,53,2,8.99
9322,3768,29,3,17.72
9323,3769,20,2,102.52
9324,3770,17,3,63.23
9325,3770,48,1,101.61
9326,3770,7,2,92.28
9327,3771,21,2,69.32
9328,3771,34,2,35.16
9329,3771,48,2,101.61
9330,3772,59,2,24.67
9331,3772,25,2,41.66
9332,3773,51,3,5.07
9333,3773,17,3,63.23
9334,3773,52,3,34.98
9335,3773,6,3,289.07
9336,3774,2,1,118.54
9337,3774,38,3,37.02
9338,3774,25,2,39.58
9339,3775,13,3,71.35
9340,3775,35,1,6.01
9341,3775,37,3,13.06
9342,3775,57,1,22.42
9343,3776,1,3,166.25
9344,3776,42,2,76.5
9345,3777,28,1,9.66
9346,3777,54,1,5.86
9347,3777,49,2,84.22
9348,3777,39,3,59.27
9349,3778,7,3,92.28
9350,3778,50,2,53.01
9351,3778,26,3,84.32
9352,3779,30,1,30.51
9353,3779,16,1,111.58
9354,3779,4,1,343.75
9355,3780,1,1,157.94
9356,3780,47,3,130.34
9357,3780,53,1,8.99
9358,3780,35,2,6.33
9359,3781,40,1,58.6
9360,3782,21,1,69.32
9361,3782,29,3,17.72
9362,3782,27,1,58.96
9363,3783,11,3,62.04
9364,3783,21,3,69.32
9365,3783,52,2,34.98
9366,3784,15,3,42.56
9367,3785,42,1,76.5
9368,3785,45,1,174.61
9369,3785,2,3,118.54
9370,3786,17,3,63.23
9371,3787,49,2,88.65
9372,3787,5,2,176.19
9373,3788,4,2,343.75
9374,3789,26,2,84.32
9375,3790,59,2,24.67
9376,3791,30,1,28.98
9377,3792,25,1,41.66
9378,3793,49,1,88.65
9379,3793,42,1,76.5
9380,3793,9,1,247.25
9381,3793,51,2,4.82
9382,3794,58,3,21.46
9383,3794,48,1,101.61
9384,3794,3,1,42.57
9385,3795,42,3,76.5
9386,3795,57,3,22.42
9387,3795,43,3,37.07
9388,3796,28,3,9.66
9389,3797,53,1,8.99
9390,3797,28,1,9.66
9391,3798,18,2,117.9
9392,3798,25,1,41.66
9393,3798,49,2,88.65
9394,3798,22,1,41.98
9395,3799,29,2,16.83
9396,3800,35,3,6.33
9397,3800,36,2,10.96
9398,3800,28,1,9.18
9399,3801,7,2,97.14
9400,3802,19,2,110.32
9401,3803,9,1,247.25
9402,3803,17,1,60.07
9403,3803,7,1,97.14
9404,3804,44,2,75.69
9405,3805,44,2,75.69
9406,3806,58,3,21.46
9407,3806,22,1,41.98
9408,3806,10,2,236.19
9409,3807,19,1,116.13
9410,3807,26,1,84.32
9411,3808,55,1,23.94
9412,3808,35,1,6.33
9413,3808,43,3,37.07
9414,3809,34,1,35.16
9415,3809,51,1,5.07
9416,3809,59,1,24.67
9417,3810,26,2,84.32
9418,3810,37,2,13.06
9419,3810,2,1,112.61
9420,3810,27,3,58.96
9421,3811,23,3,34.05
9422,3811,20,3,102.52
9423,3811,8,1,175.41
9424,3812,12,1,120.17
9425,3812,52,3,34.98
9426,3812,32,2,13.9
9427,3812,13,1,71.35
9428,3813,17,1,60.07
9429,3813,60,2,13.97
9430,3814,16,3,117.45
9431,3814,15,3,42.56
9432,3815,53,3,8.99
9433,3816,26,2,84.32
9434,3816,42,3,76.5
9435,3816,56,3,15.32
9436,3817,12,3,120.17
9437,3817,40,2,55.67
9438,3817,24,3,42.02
9439,3817,60,1,13.27
9440,3818,55,2,25.2
9441,3818,5,2,167.38
9442,3819,30,3,30.51
9443,3820,47,1,130.34
9444,3820,26,1,84.32
9445,3820,40,2,58.6
9446,3821,52,3,34.98
9447,3821,36,1,10.96
9448,3821,60,3,13.97
9449,3821,43,2,37.07
9450,3822,53,2,8.99
9451,3823,51,3,5.07
9452,3824,36,2,10.96
9453,3824,38,1,37.02
9454,3825,44,1,75.69
9455,3825,27,2,58.96
9456,3826,60,2,13.97
9457,3826,53,2,8.54
9458,3827,3,1,42.57
9459,3827,28,1,9.18
9460,3828,40,2,55.67
9461,3828,32,2,13.9
9462,3828,31,1,34.1
9463,3828,34,3,35.16
9464,3829,25,1,41.66
9465,3829,45,1,174.61
9466,3829,35,3,6.33
9467,3829,29,1,17.72
9468,3830,52,2,34.98
9469,3830,6,3,289.07
9470,3830,11,3,62.04
9471,3831,1,2,166.25
9472,3832,6,3,274.62
9473,3833,1,3,166.25
9474,3833,41,1,116.68
9475,3833,37,2,13.06
9476,3833,50,1,53.01
9477,3834,45,2,165.88
9478,3834,28,3,9.66
9479,3835,54,1,5.86
9480,3835,46,2,158.69
9481,3836,30,3,30.51
9482,3836,22,2,41.98
9483,3836,26,1,84.32
9484,3837,53,3,8.99
9485,3837,32,3,13.9
9486,3837,6,1,289.07
9487,3838,11,3,58.94
9488,3838,56,3,15.32
9489,3838,6,1,289.07
9490,3838,9,2,247.25
9491,3839,31,1,32.4
9492,3839,38,3,38.97
9493,3839,48,3,101.61
9494,3840,56,2,15.32
9495,3840,6,2,289.07
9496,3840,35,3,6.33
9497,3840,9,3,247.25
9498,3841,14,3,39.32
9499,3841,51,2,5.07
9500,3841,59,2,24.67
9501,3841,43,2,37.07
9502,3842,45,2,174.61
9503,3842,46,3,167.04
9504,3843,19,2,116.13
9505,3843,2,1,118.54
9506,3843,5,3,167.38
9507,3844,8,1,175.41
9508,3845,28,2,9.66
9509,3845,2,3,118.54
9510,3845,14,1,39.32
9511,3846,34,1,33.4
9512,3846,54,1,5.57
9513,3846,26,3,84.32
9514,3846,60,3,13.97
9515,3847,42,1,76.5
9516,3847,41,2,116.68
9517,3848,2,3,118.54
9518,3848,46,3,167.04
9519,3849,36,2,10.96
9520,3849,3,1,42.57
9521,3849,55,1,25.2
9522,3849,49,2,88.65
9523,3850,54,3,5.86
9524,3850,34,2,35.16
9525,3850,45,2,174.61
9526,3851,17,2,60.07
9527,3851,34,1,35.16
9528,3851,58,1,21.46
9529,3852,19,1,116.13
9530,3852,2,3,118.54
9531,3852,26,1,80.1
9532,3853,40,3,58.6
9533,3853,27,2,58.96
9534,3853,56,3,15.32
9535,3853,30,1,30.51
9536,3854,48,2,96.53
9537,3854,11,1,62.04
9538,3855,32,3,13.9
9539,3855,34,1,35.16
9540,3856,58,2,21.46
9541,3857,41,3,116.68
9542,3857,57,3,21.3
9543,3857,13,3,67.78
9544,3857,19,2,116.13
9545,3858,58,3,21.46
9546,3858,56,1,14.55
9547,3858,5,1,167.38
9548,3859,32,1,13.9
9549,3859,15,3,42.56
9550,3859,38,2,38.97
9551,3859,13,1,71.35
9552,3860,52,2,33.23
9553,3860,16,2,117.45
9554,3860,30,2,30.51
9555,3860,3,2,42.57
9556,3861,18,1,124.11
9557,3861,6,2,289.07
9558,3861,57,1,22.42
9559,3861,38,2,38.97
9560,3862,16,3,117.45
9561,3862,44,3,75.69
9562,3862,15,3,42.56
9563,3863,41,1,116.68
9564,3863,53,2,8.54
9565,3864,45,2,174.61
9566,3864,49,1,88.65
9567,3864,36,3,10.96
9568,3865,44,3,75.69
9569,3865,46,3,167.04
9570,3865,55,2,25.2
9571,3865,3,2,42.57
9572,3866,15,1,42.56
9573,3866,58,2,21.46
9574,3867,1,3,166.25
9575,3867,33,2,35.23
9576,3867,30,2,30.51
9577,3867,53,1,8.54
9578,3868,13,1,71.35
9579,3868,38,3,38.97
9580,3869,21,3,69.32
9581,3869,38,2,37.02
9582,3869,15,2,40.43
9583,3869,1,3,166.25
9584,3870,19,1,116.13
9585,3871,41,1,116.68
9586,3871,51,2,5.07
9587,3872,48,1,101.61
9588,3873,4,2,343.75
9589,3873,20,3,102.52
9590,3873,51,2,5.07
9591,3873,1,1,166.25
9592,3874,42,1,76.5
9593,3874,11,2,62.04
9594,3874,19,1,116.13
9595,3874,53,1,8.99
9596,3875,47,1,130.34
9597,3875,11,2,62.04
9598,3875,19,3,116.13
9599,3876,3,2,42.57
9600,3877,47,3,130.34
9601,3877,13,2,71.35
9602,3877,12,3,120.17
9603,3878,55,2,25.2
9604,3878,51,2,5.07
9605,3878,38,3,38.97
9606,3879,24,1,42.02
9607,3880,49,3,88.65
9608,3881,12,3,120.17
9609,3882,51,2,5.07
9610,3882,40,3,58.6
9611,3882,29,3,17.72
9612,3883,39,1,59.27
9613,3884,20,2,97.39
9614,3884,25,3,41.66
9615,3884,32,2,13.9
9616,3884,30,2,30.51
9617,3885,22,1,41.98
9618,3885,25,1,41.66
9619,3885,9,3,247.25
9620,3886,47,2,123.82
9621,3886,20,1,102.52
9622,3886,32,1,13.9
9623,3886,34,3,33.4
9624,3887,24,2,39.92
9625,3887,15,3,42.56
9626,3887,50,3,50.36
9627,3887,54,2,5.86
9628,3888,29,3,17.72
9629,3888,41,2,110.85
9630,3888,9,3,234.89
9631,3889,18,1,124.11
9632,3890,58,1,20.39
9633,3890,47,1,130.34
9634,3890,18,2,124.11
9635,3891,60,3,13.97
9636,3892,18,2,124.11
9637,3893,8,3,166.64
9638,3893,43,1,37.07
9639,3893,45,2,174.61
9640,3893,20,2,102.52
9641,3894,56,1,15.32
9642,3895,55,3,25.2
9643,3895,10,3,224.38
9644,3895,42,1,72.67
9645,3896,28,2,9.18
9646,3896,47,1,130.34
9647,3896,24,1,42.02
9648,3896,49,2,84.22
9649,3897,59,1,24.67
9650,3897,52,1,34.98
9651,3898,60,2,13.97
9652,3898,6,1,289.07
9653,3898,52,3,34.98
9654,3898,10,2,236.19
9655,3899,13,3,67.78
9656,3900,38,2,38.97
9657,3901,14,1,39.32
9658,3901,20,3,102.52
9659,3902,49,3,88.65
9660,3902,35,3,6.33
9661,3903,48,3,101.61
9662,3903,19,3,116.13
9663,3903,44,3,75.69
9664,3904,18,3,124.11
9665,3904,40,2,58.6
9666,3904,26,2,80.1
9667,3904,20,1,102.52
9668,3905,44,3,75.69
9669,3905,12,3,114.16
9670,3906,38,3,38.97
9671,3906,10,3,224.38
9672,3906,60,2,13.97
9673,3907,6,3,274.62
9674,3907,21,3,69.32
9675,3907,12,1,120.17
9676,3908,2,3,118.54
9677,3909,13,2,71.35
9678,3909,8,3,175.41
9679,3910,5,2,176.19
9680,3911,31,3,34.1
9681,3912,17,2,63.23
9682,3912,19,3,116.13
9683,3912,48,2,101.61
9684,3912,11,2,62.04
9685,3913,16,3,117.45
9686,3913,15,3,40.43
9687,3913,5,2,167.38
9688,3914,44,2,75.69
9689,3914,14,1,39.32
9690,3914,4,2,326.56
9691,3914,13,2,71.35
9692,3915,45,1,174.61
9693,3915,2,2,118.54
9694,3915,16,1,111.58
9695,3916,22,3,41.98
9696,3917,54,2,5.86
9697,3917,36,1,10.41
9698,3918,60,2,13.97
9699,3918,20,3,102.52
9700,3919,28,1,9.18
9701,3919,34,3,33.4
9702,3920,46,1,167.04
9703,3920,43,3,37.07
9704,3921,17,1,63.23
9705,3921,18,2,117.9
9706,3921,12,3,120.17
9707,3921,22,2,41.98
9708,3922,53,2,8.99
9709,3923,51,3,4.82
9710,3924,18,2,124.11
9711,3924,55,3,25.2
9712,3925,16,3,117.45
9713,3925,7,3,97.14
9714,3925,33,1,35.23
9715,3925,56,1,14.55
9716,3926,12,2,120.17
9717,3926,22,1,41.98
9718,3926,23,2,34.05
9719,3926,54,1,5.86
9720,3927,49,3,84.22
9721,3927,54,2,5.86
9722,3927,27,2,58.96
9723,3927,48,2,101.61
9724,3928,7,2,97.14
9725,3928,19,2,116.13
9726,3928,1,2,166.25
9727,3928,60,1,13.97
9728,3929,5,1,176.19
9729,3929,16,3,117.45
9730,3929,55,1,25.2
9731,3930,24,1,42.02
9732,3930,40,2,58.6
9733,3931,30,1,30.51
9734,3931,14,1,39.32
9735,3931,21,2,69.32
9736,3932,31,3,34.1
9737,3932,13,2,71.35
9738,3932,32,3,13.9
9739,3932,11,3,62.04
9740,3933,32,3,13.9
9741,3933,48,3,101.61
9742,3933,47,3,130.34
9743,3934,12,1,120.17
9744,3935,11,1,62.04
9745,3935,9,2,247.25
9746,3936,2,3,118.54
9747,3936,1,3,166.25
9748,3936,52,1,33.23
9749,3937,21,2,69.32
9750,3938,3,2,40.44
9751,3938,36,2,10.96
9752,3938,45,2,174.61
9753,3938,8,2,175.41
9754,3939,2,3,118.54
9755,3939,57,1,22.42
9756,3939,45,1,165.88
9757,3939,19,1,110.32
9758,3940,14,2,37.35
9759,3941,14,1,39.32
9760,3942,33,3,35.23
9761,3942,9,1,247.25
9762,3942,59,2,24.67
9763,3942,12,2,114.16
9764,3943,29,1,17.72
9765,3944,11,3,62.04
9766,3944,24,2,42.02
9767,3945,14,1,39.32
9768,3945,57,3,22.42
9769,3945,12,1,120.17
9770,3945,27,3,58.96
9771,3946,6,1,289.07
9772,3947,13,1,71.35
9773,3947,44,3,75.69
9774,3947,39,2,59.27
9775,3947,20,2,102.52
9776,3948,54,1,5.86
9777,3948,6,2,289.07
9778,3948,7,3,92.28
9779,3949,34,2,35.16
9780,3949,22,3,39.88
9781,3950,25,2,39.58
9782,3950,54,2,5.86
9783,3950,17,2,63.23
9784,3950,8,3,175.41
9785,3951,50,2,53.01
9786,3951,26,2,84.32
9787,3952,60,2,13.97
9788,3952,52,1,34.98
9789,3952,53,1,8.99
9790,3952,5,1,176.19
9791,3953,18,2,117.9
9792,3953,52,2,33.23
9793,3954,39,3,59.27
9794,3954,50,1,53.01
9795,3954,26,3,84.32
9796,3954,59,1,24.67
9797,3955,26,1,84.32
9798,3955,21,1,69.32
9799,3955,58,2,21.46
9800,3955,9,2,247.25
9801,3956,59,3,24.67
9802,3957,21,3,65.85
9803,3958,28,1,9.66
9804,3958,14,2,39.32
9805,3958,11,3,62.04
9806,3959,13,3,67.78
9807,3959,15,1,42.56
9808,3959,32,2,13.9
9809,3959,2,1,118.54
9810,3960,50,3,53.01
9811,3960,52,2,34.98
9812,3960,15,3,42.56
9813,3961,40,2,58.6
9814,3961,15,3,42.56
9815,3961,7,2,97.14
9816,3961,27,1,58.96
9817,3962,35,1,6.33
9818,3962,16,2,111.58
9819,3962,30,2,30.51
9820,3962,15,2,40.43
9821,3963,21,1,65.85
9822,3963,22,1,41.98
9823,3963,36,3,10.96
9824,3963,2,3,118.54
9825,3964,36,2,10.96
9826,3964,42,3,76.5
9827,3964,30,1,30.51
9828,3965,23,2,34.05
9829,3965,39,2,59.27
9830,3965,57,2,22.42
9831,3966,2,1,118.54
9832,3966,39,1,59.27
9833,3966,4,2,343.75
9834,3967,37,3,12.41
9835,3968,33,3,35.23
9836,3968,54,1,5.86
9837,3968,42,1,76.5
9838,3969,31,2,34.1
9839,3969,17,2,60.07
9840,3969,56,2,15.32
9841,3969,43,1,37.07
9842,3970,40,2,58.6
9843,3970,36,1,10.41
9844,3970,19,3,116.13
9845,3971,26,1,84.32
9846,3971,13,3,71.35
9847,3971,23,3,34.05
9848,3971,25,3,39.58
9849,3972,56,1,15.32
9850,3972,25,3,41.66
9851,3972,33,1,35.23
9852,3972,18,1,124.11
9853,3973,57,1,22.42
9854,3973,36,3,10.96
9855,3973,21,1,69.32
9856,3974,18,3,124.11
9857,3974,2,3,118.54
9858,3975,38,3,38.97
9859,3976,27,3,56.01
9860,3977,60,2,13.97
9861,3978,13,1,71.35
9862,3979,43,3,37.07
9863,3980,7,2,97.14
9864,3980,23,1,34.05
9865,3981,56,3,15.32
9866,3981,37,2,13.06
9867,3981,52,2,34.98
9868,3982,14,2,39.32
9869,3982,32,3,13.9
9870,3982,10,1,236.19
9871,3982,17,2,63.23
9872,3983,12,1,120.17
9873,3983,33,1,35.23
9874,3983,10,3,236.19
9875,3983,32,2,13.9
9876,3984,14,3,39.32
9877,3984,58,3,21.46
9878,3984,23,2,34.05
9879,3985,46,2,167.04
9880,3985,41,2,116.68
9881,3985,25,2,41.66
9882,3985,39,3,59.27
9883,3986,47,3,123.82
9884,3986,48,3,101.61
9885,3987,13,3,71.35
9886,3987,4,2,343.75
9887,3988,30,2,30.51
9888,3988,5,3,176.19
9889,3989,40,1,55.67
9890,3989,30,3,30.51
9891,3989,46,1,167.04
9892,3990,19,1,110.32
9893,3991,15,2,42.56
9894,3991,23,2,34.05
9895,3992,13,3,71.35
9896,3992,27,1,58.96
9897,3993,13,2,71.35
9898,3993,59,2,23.44
9899,3994,53,2,8.99
9900,3994,23,1,34.05
9901,3994,45,1,174.61
9902,3995,47,3,130.34
9903,3996,30,1,30.51
9904,3996,56,1,15.32
9905,3996,37,3,13.06
9906,3996,50,2,53.01
9907,3997,28,1,9.18
9908,3997,40,2,55.67
9909,3998,36,2,10.96
9910,3999,51,3,5.07
9911,3999,8,1,166.64
9912,3999,45,3,174.61
9913,4000,25,3,41.66
9914,4000,31,3,34.1
9915,4000,46,1,167.04
9916,4001,40,3,58.6
9917,4001,10,3,236.19
9918,4001,56,3,15.32
9919,4002,11,1,62.04
9920,4003,45,2,165.88
9921,4004,20,2,102.52
9922,4004,3,2,42.57
9923,4005,56,2,15.32
9924,4005,24,1,42.02
9925,4005,31,3,34.1
9926,4005,20,2,102.52
9927,4006,39,3,59.27
9928,4007,47,3,130.34
9929,4007,16,3,117.45
9930,4007,51,1,4.82
9931,4007,13,3,71.35
9932,4008,54,3,5.57
9933,4008,14,2,37.35
9934,4008,43,2,37.07
9935,4009,23,3,34.05
9936,4010,5,3,176.19
9937,4010,29,3,17.72
9938,4011,38,1,38.97
9939,4011,58,3,21.46
9940,4012,49,3,88.65
9941,4012,40,2,58.6
9942,4012,55,3,25.2
9943,4012,11,2,62.04
9944,4013,49,2,88.65
9945,4013,52,3,33.23
9946,4013,47,1,130.34
9947,4014,41,3,116.68
9948,4014,20,3,97.39
9949,4015,54,1,5.86
9950,4015,9,1,247.25
9951,4015,18,3,124.11
9952,4015,58,1,20.39
9953,4016,40,1,58.6
9954,4016,31,3,34.1
9955,4016,17,3,63.23
9956,4016,46,3,167.04
9957,4017,35,1,6.33
9958,4018,7,2,97.14
9959,4018,6,2,274.62
9960,4019,56,1,15.32
9961,4019,32,3,13.9
9962,4019,52,2,34.98
9963,4020,33,3,35.23
9964,4020,43,2,37.07
9965,4020,18,3,124.11
9966,4021,53,1,8.54
9967,4021,7,2,97.14
9968,4021,20,1,97.39
9969,4022,46,1,158.69
9970,4022,1,3,166.25
9971,4022,44,1,75.69
9972,4022,45,3,174.61
9973,4023,43,2,37.07
9974,4023,25,2,41.66
9975,4023,53,1,8.99
9976,4023,7,1,97.14
9977,4024,54,2,5.86
9978,4025,43,1,37.07
9979,4025,52,2,34.98
9980,4025,50,1,53.01
9981,4025,39,3,59.27
9982,4026,5,2,176.19
9983,4027,2,2,118.54
9984,4027,54,3,5.86
9985,4027,20,2,102.52
9986,4028,47,3,130.34
9987,4028,58,3,21.46
9988,4028,24,1,39.92
9989,4028,14,2,39.32
9990,4029,23,1,34.05
9991,4030,50,3,53.01
9992,4030,1,1,166.25
9993,4030,33,3,35.23
9994,4031,7,2,92.28
9995,4032,42,3,76.5
9996,4033,16,3,117.45
9997,4034,29,2,17.72
9998,4034,45,3,174.61
9999,4034,42,2,72.67
10000,4034,58,3,21.46
10001,4035,60,3,13.97
10002,4035,59,3,24.67
10003,4036,43,2,37.07
10004,4036,31,1,32.4
10005,4037,27,1,56.01
10006,4038,13,2,71.35
10007,4038,54,3,5.57
10008,4038,30,3,30.51
10009,4038,47,2,130.34
10010,4039,7,3,97.14
10011,4039,17,2,63.23
10012,4039,51,2,5.07
10013,4040,14,1,37.35
10014,4040,1,1,166.25
10015,4040,47,2,130.34
10016,4041,5,3,167.38
10017,4042,10,3,236.19
10018,4042,56,3,15.32
10019,4042,42,3,76.5
10020,4042,6,1,289.07
10021,4043,19,1,110.32
10022,4043,26,2,84.32
10023,4044,31,1,34.1
10024,4045,50,3,53.01
10025,4045,54,3,5.86
10026,4045,3,2,42.57
10027,4046,42,2,76.5
10028,4046,57,1,22.42
10029,4047,7,2,92.28
10030,4047,48,2,101.61
10031,4047,58,2,21.46
10032,4048,42,1,76.5
10033,4048,43,2,37.07
10034,4049,45,1,165.88
10035,4049,9,2,247.25
10036,4050,49,1,88.65
10037,4051,2,1,118.54
10038,4052,34,2,35.16
10039,4052,12,2,120.17
10040,4052,36,3,10.96
10041,4052,46,3,167.04
10042,4053,11,2,62.04
10043,4053,44,1,75.69
10044,4053,46,3,167.04
10045,4054,53,1,8.54
10046,4054,29,2,17.72
10047,4055,36,2,10.41
10048,4055,14,3,39.32
10049,4055,47,2,130.34
10050,4055,53,1,8.99
10051,4056,10,2,236.19
10052,4057,60,2,13.97
10053,4057,32,2,13.9
10054,4057,28,2,9.66
10055,4057,31,2,34.1
10056,4058,23,3,34.05
10057,4059,33,3,33.47
10058,4059,21,3,69.32
10059,4059,31,1,34.1
10060,4059,39,2,59.27
10061,4060,1,3,166.25
10062,4060,13,1,71.35
10063,4061,45,3,165.88
10064,4061,28,3,9.18
10065,4061,7,3,97.14
10066,4061,56,2,15.32
10067,4062,54,1,5.57
10068,4062,35,3,6.33
10069,4063,26,2,84.32
10070,4064,29,1,17.72
10071,4064,8,3,166.64
10072,4064,22,1,41.98
10073,4064,17,3,63.23
10074,4065,27,2,58.96
10075,4065,43,1,37.07
10076,4065,55,3,25.2
10077,4066,31,2,32.4
10078,4067,17,3,63.23
10079,4067,20,3,102.52
10080,4068,58,3,21.46
10081,4068,19,3,116.13
10082,4068,13,2,67.78
10083,4068,42,2,76.5
10084,4069,50,1,53.01
10085,4069,23,3,34.05
10086,4069,47,2,130.34
10087,4070,50,2,53.01
10088,4070,39,2,59.27
10089,4070,6,1,289.07
10090,4071,52,3,34.98
10091,4072,24,1,42.02
10092,4072,42,3,76.5
10093,4072,46,2,167.04
10094,4073,46,2,167.04
10095,4073,41,3,116.68
10096,4073,8,1,175.41
10097,4073,39,3,56.31
10098,4074,38,1,38.97
10099,4074,51,3,5.07
10100,4074,29,3,17.72
10101,4074,16,3,117.45
10102,4075,18,2,124.11
10103,4076,38,2,38.97
10104,4077,14,1,37.35
10105,4077,30,3,30.51
10106,4077,37,1,13.06
10107,4078,3,3,42.57
10108,4079,32,2,13.9
10109,4079,44,3,75.69
10110,4079,52,2,34.98
10111,4080,20,3,102.52
10112,4080,45,2,174.61
10113,4081,22,2,41.98
10114,4081,29,3,17.72
10115,4081,57,2,22.42
10116,4082,60,2,13.97
10117,4082,14,3,39.32
10118,4082,16,1,117.45
10119,4082,32,1,13.9
10120,4083,18,3,117.9
10121,4083,43,3,37.07
10122,4084,53,3,8.99
10123,4085,43,2,37.07
10124,4085,3,2,42.57
10125,4086,15,2,40.43
10126,4086,4,3,343.75
10127,4086,26,2,84.32
10128,4086,60,1,13.97
10129,4087,16,1,117.45
10130,4087,50,1,53.01
10131,4087,42,3,76.5
10132,4088,26,3,84.32
10133,4088,17,2,63.23
10134,4088,42,2,76.5
10135,4089,50,2,53.01
10136,4089,4,1,326.56
10137,4089,20,1,102.52
10138,4089,2,3,118.54
10139,4090,43,2,37.07
10140,4090,58,2,21.46
10141,4090,60,3,13.97
10142,4091,2,3,112.61
10143,4091,26,1,84.32
10144,4091,3,2,42.57
10145,4092,40,2,58.6
10146,4093,19,2,110.32
10147,4093,3,3,42.57
10148,4093,17,1,63.23
10149,4094,54,3,5.86
10150,4094,26,1,84.32
10151,4095,18,2,124.11
10152,4096,46,1,158.69
10153,4096,14,2,39.32
10154,4096,43,2,37.07
10155,4096,32,1,13.9
10156,4097,56,2,15.32
10157,4097,40,1,58.6
10158,4097,50,2,50.36
10159,4097,3,2,42.57
10160,4098,29,2,17.72
10161,4098,56,2,14.55
10162,4098,8,2,175.41
10163,4098,7,1,97.14
10164,4099,40,2,58.6
10165,4099,60,2,13.97
10166,4099,19,2,110.32
10167,4099,48,1,101.61
10168,4100,29,1,17.72
10169,4100,47,2,130.34
10170,4100,23,3,32.35
10171,4100,9,1,247.25
10172,4101,44,1,75.69
10173,4101,40,3,55.67
10174,4102,30,3,30.51
10175,4102,7,2,97.14
10176,4103,36,1,10.96
10177,4103,53,3,8.99
10178,4104,41,1,110.85
10179,4104,44,2,71.91
10180,4104,6,3,274.62
10181,4105,9,2,247.25
10182,4105,45,1,165.88
10183,4105,13,2,67.78
10184,4105,16,2,117.45
10185,4106,28,1,9.66
10186,4107,14,3,39.32
10187,4107,38,1,38.97
10188,4107,17,1,63.23
10189,4107,16,1,117.45
10190,4108,22,3,41.98
10191,4109,1,2,166.25
10192,4109,52,1,34.98
10193,4110,18,3,124.11
10194,4110,9,2,234.89
10195,4111,54,1,5.86
10196,4111,14,3,39.32
10197,4111,39,2,59.27
10198,4111,18,1,124.11
10199,4112,38,1,38.97
10200,4112,17,1,63.23
10201,4112,6,2,274.62
10202,4112,3,2,42.57
10203,4113,36,2,10.41
10204,4114,48,2,96.53
10205,4114,15,1,42.56
10206,4115,5,1,176.19
10207,4115,25,1,41.66
10208,4115,60,2,13.27
10209,4116,6,3,289.07
10210,4116,44,2,75.69
10211,4117,56,3,14.55
10212,4117,50,1,53.01
10213,4118,48,2,96.53
10214,4118,22,3,41.98
10215,4118,12,2,114.16
10216,4119,6,2,289.07
10217,4120,2,2,118.54
10218,4120,39,3,59.27
10219,4120,54,3,5.86
10220,4120,30,3,30.51
10221,4121,10,1,236.19
10222,4122,22,3,41.98
10223,4123,41,2,116.68
10224,4123,4,3,343.75
10225,4123,6,1,289.07
10226,4124,16,2,111.58
10227,4125,33,3,33.47
10228,4125,46,2,167.04
10229,4126,20,3,102.52
10230,4126,40,1,58.6
10231,4126,47,1,130.34
10232,4127,30,2,30.51
10233,4128,36,2,10.41
10234,4129,39,3,59.27
10235,4129,52,1,34.98
10236,4129,26,3,84.32
10237,4130,41,3,116.68
10238,4131,1,1,166.25
10239,4131,58,2,21.46
10240,4131,13,3,71.35
10241,4132,34,2,35.16
10242,4133,12,1,114.16
10243,4133,9,1,247.25
10244,4133,44,3,75.69
10245,4134,23,1,34.05
10246,4135,23,1,34.05
10247,4135,26,3,84.32
10248,4135,3,1,40.44
10249,4135,54,1,5.57
10250,4136,18,1,124.11
10251,4137,44,1,75.69
10252,4138,59,3,24.67
10253,4138,41,3,116.68
10254,4139,5,2,176.19
10255,4139,41,3,116.68
10256,4140,15,1,42.56
10257,4140,48,1,101.61
10258,4140,12,3,114.16
10259,4141,49,3,88.65
10260,4141,50,3,53.01
10261,4142,33,2,35.23
10262,4142,11,3,62.04
10263,4142,31,3,34.1
10264,4143,16,3,117.45
10265,4144,10,3,236.19
10266,4144,1,1,166.25
10267,4144,12,3,120.17
10268,4145,7,2,97.14
10269,4145,23,3,34.05
10270,4145,3,2,40.44
10271,4146,30,2,30.51
10272,4146,9,3,247.25
10273,4146,17,3,63.23
10274,4146,38,2,38.97
10275,4147,27,1,58.96
10276,4147,17,2,63.23
10277,4147,20,1,102.52
10278,4147,40,3,58.6
10279,4148,48,1,96.53
10280,4148,44,2,75.69
10281,4148,30,2,30.51
10282,4149,3,2,40.44
10283,4150,54,1,5.86
10284,4150,27,3,58.96
10285,4150,51,2,5.07
10286,4150,55,2,25.2
10287,4151,2,1,118.54
10288,4151,55,2,25.2
10289,4151,32,3,13.9
10290,4152,7,1,97.14
10291,4153,46,1,167.04
10292,4153,20,1,102.52
10293,4154,12,2,120.17
10294,4154,37,2,13.06
10295,4154,59,3,24.67
10296,4155,36,3,10.96
10297,4155,10,3,236.19
10298,4156,41,2,116.68
10299,4156,50,1,53.01
10300,4157,35,2,6.33
10301,4157,22,1,41.98
10302,4157,39,3,59.27
10303,4157,8,3,175.41
10304,4158,14,2,39.32
10305,4158,11,1,62.04
10306,4158,55,3,25.2
10307,4158,27,3,56.01
10308,4159,41,2,110.85
10309,4159,20,1,102.52
10310,4159,17,2,63.23
10311,4160,14,3,37.35
10312,4160,32,2,13.9
10313,4161,1,1,166.25
10314,4161,23,2,34.05
10315,4162,4,3,343.75
10316,4162,34,1,35.16
10317,4162,35,2,6.33
10318,4162,49,1,88.65
10319,4163,47,2,130.34
10320,4163,49,2,88.65
10321,4163,44,1,75.69
10322,4164,13,3,71.35
10323,4164,49,3,88.65
10324,4165,58,2,21.46
10325,4165,3,2,42.57
10326,4166,46,2,167.04
10327,4167,51,2,5.07
10328,4167,36,2,10.96
10329,4168,12,3,120.17
10330,4168,27,1,56.01
10331,4168,8,1,175.41
10332,4169,28,2,9.66
10333,4169,5,1,176.19
10334,4169,37,2,12.41
10335,4170,39,2,59.27
10336,4170,42,2,76.5
10337,4171,57,1,22.42
10338,4171,5,2,176.19
10339,4171,19,2,116.13
10340,4172,48,1,101.61
10341,4173,18,3,124.11
10342,4173,40,2,55.67
10343,4174,50,2,53.01
10344,4175,6,1,289.07
10345,4175,56,3,15.32
10346,4175,11,2,62.04
10347,4175,45,3,174.61
10348,4176,28,1,9.66
10349,4176,30,2,28.98
10350,4176,44,2,75.69
10351,4176,7,2,97.14
10352,4177,47,1,130.34
10353,4177,27,1,58.96
10354,4177,21,2,69.32
10355,4178,50,1,53.01
10356,4179,34,1,35.16
10357,4179,43,1,37.07
10358,4179,21,2,65.85
10359,4180,29,1,17.72
10360,4180,5,2,176.19
10361,4180,49,1,88.65
10362,4181,50,3,50.36
10363,4181,9,2,247.25
10364,4181,28,3,9.18
10365,4182,44,1,75.69
10366,4182,34,3,35.16
10367,4183,15,3,42.56
10368,4183,11,3,58.94
10369,4183,58,1,21.46
10370,4183,42,1,76.5
10371,4184,39,3,59.27
10372,4184,42,3,72.67
10373,4184,14,3,39.32
10374,4184,45,2,174.61
10375,4185,33,1,35.23
10376,4185,10,2,236.19
10377,4186,14,2,39.32
10378,4186,20,3,102.52
10379,4187,46,3,158.69
10380,4188,50,1,53.01
10381,4188,1,3,166.25
10382,4188,29,1,17.72
10383,4188,36,2,10.96
10384,4189,21,2,69.32
10385,4189,58,3,21.46
10386,4189,23,1,34.05
10387,4189,20,3,102.52
10388,4190,13,2,71.35
10389,4190,55,2,25.2
10390,4191,46,2,167.04
10391,4192,22,1,41.98
10392,4193,13,2,71.35
10393,4193,50,3,50.36
10394,4194,59,3,24.67
10395,4194,53,3,8.99
10396,4194,29,1,17.72
10397,4194,12,3,120.17
10398,4195,10,2,224.38
10399,4195,33,1,35.23
10400,4196,43,3,35.22
10401,4196,32,3,13.9
10402,4197,17,2,63.23
10403,4197,38,1,38.97
10404,4197,31,3,34.1
10405,4197,10,2,236.19
10406,4198,59,1,24.67
10407,4198,41,1,116.68
10408,4198,28,1,9.66
10409,4199,60,1,13.97
10410,4200,2,1,118.54
10411,4200,18,2,124.11
10412,4200,12,3,120.17
10413,4201,30,2,30.51
10414,4202,10,3,236.19
10415,4202,3,1,42.57
10416,4202,15,1,42.56
10417,4203,25,3,41.66
10418,4203,20,1,102.52
10419,4203,26,1,80.1
10420,4203,60,1,13.97
10421,4204,38,1,38.97
10422,4204,54,3,5.86
10423,4204,46,2,167.04
10424,4205,3,2,42.57
10425,4205,30,1,30.51
10426,4205,21,2,69.32
10427,4205,45,1,174.61
10428,4206,25,3,41.66
10429,4206,15,2,42.56
10430,4207,48,2,101.61
10431,4207,35,1,6.01
10432,4207,56,3,14.55
10433,4208,30,2,30.51
10434,4208,44,3,75.69
10435,4208,29,2,17.72
10436,4208,16,1,111.58
10437,4209,21,3,69.32
10438,4210,33,1,35.23
10439,4211,13,2,71.35
10440,4211,35,1,6.33
10441,4211,38,2,38.97
10442,4212,34,2,35.16
10443,4212,24,2,39.92
10444,4212,20,1,102.52
10445,4213,58,3,21.46
10446,4214,28,3,9.66
10447,4214,59,1,23.44
10448,4215,24,3,42.02
10449,4215,21,3,69.32
10450,4215,41,1,116.68
10451,4216,46,1,158.69
10452,4217,10,3,224.38
10453,4217,7,2,97.14
10454,4217,34,2,35.16
10455,4218,46,3,167.04
10456,4219,31,1,34.1
10457,4220,52,1,33.23
10458,4221,7,3,92.28
10459,4222,15,1,40.43
10460,4222,57,1,22.42
10461,4222,36,2,10.96
10462,4222,56,2,14.55
10463,4223,11,2,62.04
10464,4223,7,3,97.14
10465,4223,3,2,40.44
10466,4224,4,3,343.75
10467,4224,39,1,59.27
10468,4224,14,3,37.35
10469,4224,45,3,174.61
10470,4225,10,1,236.19
10471,4225,18,1,124.11
10472,4225,37,3,13.06
10473,4225,27,3,58.96
10474,4226,56,1,14.55
10475,4226,22,2,41.98
10476,4227,48,2,101.61
10477,4227,56,1,15.32
10478,4227,9,2,247.25
10479,4228,39,3,59.27
10480,4228,16,3,117.45
10481,4229,50,3,53.01
10482,4229,34,3,33.4
10483,4229,39,3,59.27
10484,4230,26,3,84.32
10485,4231,13,2,67.78
10486,4231,26,3,84.32
10487,4232,34,2,35.16
10488,4232,41,3,110.85
10489,4232,16,3,117.45
10490,4232,14,1,39.32
10491,4233,26,1,84.32
10492,4233,40,1,58.6
10493,4234,16,2,117.45
10494,4235,56,3,14.55
10495,4235,3,1,40.44
10496,4236,13,2,71.35
10497,4236,42,2,76.5
10498,4237,32,3,13.21
10499,4237,19,3,116.13
10500,4238,6,2,289.07
10501,4238,18,1,124.11
10502,4238,21,3,69.32
10503,4238,43,3,37.07
10504,4239,31,3,34.1
10505,4239,23,3,34.05
10506,4239,26,2,84.32
10507,4239,33,1,35.23
10508,4240,18,3,124.11
10509,4241,35,1,6.33
10510,4241,49,1,88.65
10511,4241,51,2,5.07
10512,4241,22,3,41.98
10513,4242,13,3,71.35
10514,4242,18,3,124.11
10515,4242,38,1,38.97
10516,4242,24,3,42.02
10517,4243,10,2,236.19
10518,4243,46,1,167.04
10519,4243,26,1,84.32
10520,4243,18,2,124.11
10521,4244,23,1,34.05
10522,4244,58,2,21.46
10523,4244,14,3,39.32
10524,4244,53,3,8.99
10525,4245,3,1,42.57
10526,4246,23,1,34.05
10527,4246,53,1,8.99
10528,4247,14,3,39.32
10529,4247,2,1,118.54
10530,4247,57,2,22.42
10531,4247,49,2,88.65
10532,4248,48,1,101.61
10533,4248,24,3,42.02
10534,4249,43,3,37.07
10535,4249,54,1,5.86
10536,4250,16,3,111.58
10537,4250,42,3,76.5
10538,4250,28,3,9.66
10539,4251,33,1,35.23
10540,4251,56,1,15.32
10541,4252,30,2,30.51
10542,4253,51,1,5.07
10543,4253,49,3,88.65
10544,4253,39,2,56.31
10545,4254,46,3,167.04
10546,4254,31,2,34.1
10547,4255,51,3,5.07
10548,4255,46,2,167.04
10549,4255,55,1,25.2
10550,4255,5,2,176.19
10551,4256,23,3,34.05
10552,4256,21,1,69.32
10553,4256,32,2,13.9
10554,4257,29,3,17.72
10555,4258,23,2,34.05
10556,4259,18,1,117.9
10557,4259,42,2,76.5
10558,4259,50,2,53.01
10559,4260,21,3,69.32
10560,4261,49,3,88.65
10561,4262,56,3,15.32
10562,4262,30,3,30.51
10563,4263,12,2,120.17
10564,4264,32,1,13.9
10565,4264,20,3,102.52
10566,4265,28,3,9.66
10567,4265,51,3,5.07
10568,4265,39,1,56.31
10569,4266,47,3,130.34
10570,4267,56,3,15.32
10571,4267,58,1,21.46
10572,4267,32,2,13.9
10573,4268,4,1,343.75
10574,4268,30,2,30.51
10575,4269,37,2,13.06
10576,4269,44,2,75.69
10577,4270,19,1,116.13
10578,4270,58,2,21.46
10579,4270,26,2,84.32
10580,4270,45,1,174.61
10581,4271,45,3,174.61
10582,4272,31,3,34.1
10583,4272,49,3,88.65
10584,4272,34,2,35.16
10585,4272,35,2,6.33
10586,4273,37,2,12.41
10587,4273,4,3,343.75
10588,4274,12,3,120.17
10589,4274,27,3,58.96
10590,4274,57,3,22.42
10591,4275,29,2,17.72
10592,4276,30,3,30.51
10593,4276,9,2,247.25
10594,4276,53,2,8.99
10595,4276,36,2,10.96
10596,4277,10,3,236.19
10597,4277,51,3,5.07
10598,4277,45,2,174.61
10599,4278,3,1,42.57
10600,4278,33,3,35.23
10601,4278,53,2,8.54
10602,4278,15,3,42.56
10603,4279,24,3,39.92
10604,4279,32,3,13.9
10605,4279,27,1,58.96
10606,4279,13,1,67.78
10607,4280,40,3,58.6
10608,4280,30,1,28.98
10609,4280,3,2,42.57
10610,4280,36,3,10.96
10611,4281,22,3,41.98
10612,4281,29,1,17.72
10613,4281,12,2,114.16
10614,4281,31,1,34.1
10615,4282,5,2,176.19
10616,4283,43,2,37.07
10617,4284,41,3,116.68
10618,4284,17,2,63.23
10619,4284,16,1,117.45
10620,4285,23,3,34.05
10621,4285,25,3,39.58
10622,4285,44,2,75.69
10623,4285,54,3,5.86
10624,4286,54,3,5.86
10625,4286,59,3,24.67
10626,4287,55,2,25.2
10627,4287,19,3,116.13
10628,4287,4,1,343.75
10629,4288,60,2,13.27
10630,4288,48,2,101.61
10631,4288,28,2,9.66
10632,4288,26,2,84.32
10633,4289,32,1,13.9
10634,4290,19,1,110.32
10635,4290,6,2,289.07
10636,4291,39,2,59.27
10637,4291,32,1,13.9
10638,4291,42,3,76.5
10639,4292,52,2,34.98
10640,4292,37,3,13.06
10641,4292,39,1,59.27
10642,4293,27,1,58.96
10643,4294,24,1,42.02
10644,4294,17,2,63.23
10645,4295,53,3,8.99
10646,4295,49,1,88.65
10647,4295,11,3,62.04
10648,4296,16,1,117.45
10649,4296,31,3,34.1
10650,4297,24,1,42.02
10651,4297,8,3,175.41
10652,4297,31,1,34.1
10653,4298,41,3,116.68
10654,4299,12,3,120.17
10655,4299,56,3,15.32
10656,4299,16,3,117.45
10657,4300,16,2,117.45
10658,4300,52,2,34.98
10659,4301,38,1,38.97
10660,4301,35,2,6.33
10661,4302,27,3,56.01
10662,4303,2,2,118.54
10663,4303,53,2,8.99
10664,4304,6,3,289.07
10665,4304,17,1,63.23
10666,4305,60,1,13.97
10667,4306,53,2,8.54
10668,4306,52,3,34.98
10669,4306,31,3,34.1
10670,4306,16,3,117.45
10671,4307,33,1,35.23
10672,4307,8,1,175.41
10673,4307,55,1,25.2
10674,4308,8,3,175.41
10675,4308,44,3,75.69
10676,4308,12,2,120.17
10677,4309,50,2,53.01
10678,4309,17,2,63.23
10679,4309,46,3,167.04
10680,4309,60,1,13.97
10681,4310,60,1,13.97
10682,4310,20,3,102.52
10683,4310,13,3,71.35
10684,4311,1,1,157.94
10685,4311,12,1,114.16
10686,4311,16,3,117.45
10687,4311,51,1,5.07
10688,4312,36,1,10.96
10689,4312,17,1,60.07
10690,4312,7,1,92.28
10691,4313,24,1,39.92
10692,4313,38,3,38.97
10693,4313,59,1,24.67
10694,4314,41,2,116.68
10695,4315,58,3,21.46
10696,4315,27,2,56.01
10697,4316,57,3,22.42
10698,4316,26,2,84.32
10699,4317,50,1,53.01
10700,4318,5,1,176.19
10701,4318,36,1,10.96
10702,4318,3,3,40.44
10703,4319,25,3,39.58
10704,4319,37,3,13.06
10705,4319,57,3,22.42
10706,4320,3,2,42.57
10707,4320,51,3,4.82
10708,4320,47,2,130.34
10709,4320,45,3,174.61
10710,4321,1,2,166.25
10711,4321,54,1,5.86
10712,4321,25,3,41.66
10713,4322,24,3,42.02
10714,4322,22,2,39.88
10715,4322,41,1,116.68
10716,4323,2,2,118.54
10717,4323,13,3,71.35
10718,4324,53,2,8.99
10719,4324,32,2,13.9
10720,4325,21,1,69.32
10721,4325,41,2,116.68
10722,4326,53,3,8.99
10723,4326,55,2,25.2
10724,4327,4,1,343.75
10725,4327,48,2,101.61
10726,4328,44,1,75.69
10727,4328,20,3,102.52
10728,4328,17,3,60.07
10729,4329,23,1,34.05
10730,4330,23,1,32.35
10731,4330,25,3,41.66
10732,4330,32,3,13.9
10733,4330,36,2,10.96
10734,4331,18,3,124.11
10735,4331,4,1,343.75
10736,4331,54,3,5.86
10737,4331,31,3,34.1
10738,4332,29,3,17.72
10739,4332,8,3,175.41
10740,4332,15,3,40.43
10741,4333,26,2,84.32
10742,4334,57,1,22.42
10743,4334,39,3,59.27
10744,4334,14,2,37.35
10745,4334,12,3,120.17
10746,4335,17,1,63.23
10747,4335,36,2,10.96
10748,4335,29,1,17.72
10749,4335,30,2,30.51
10750,4336,41,1,116.68
10751,4337,24,3,42.02
10752,4337,46,2,167.04
10753,4338,14,2,39.32
10754,4338,7,1,97.14
10755,4339,59,1,23.44
10756,4340,60,3,13.27
10757,4340,28,3,9.66
10758,4340,7,2,97.14
10759,4341,32,2,13.9
10760,4341,7,2,97.14
10761,4342,12,2,120.17
10762,4342,8,2,175.41
10763,4343,44,2,75.69
10764,4343,46,2,158.69
10765,4343,26,2,84.32
10766,4344,30,3,30.51
10767,4345,40,1,58.6
10768,4345,33,1,35.23
10769,4345,24,2,39.92
10770,4346,44,3,71.91
10771,4346,12,1,120.17
10772,4346,36,1,10.96
10773,4346,19,1,116.13
10774,4347,17,3,63.23
10775,4347,21,3,69.32
10776,4347,37,3,12.41
10777,4347,15,1,42.56
10778,4348,13,3,67.78
10779,4348,45,3,174.61
10780,4348,38,2,38.97
10781,4348,1,2,166.25
10782,4349,59,2,24.67
10783,4349,35,2,6.33
10784,4349,41,3,116.68
10785,4350,58,3,21.46
10786,4350,5,3,176.19
10787,4350,45,2,174.61
10788,4351,2,2,118.54
10789,4351,10,3,236.19
10790,4351,8,2,175.41
10791,4351,5,1,176.19
10792,4352,28,1,9.66
10793,4352,14,3,37.35
10794,4353,35,1,6.33
10795,4353,18,2,124.11
10796,4353,46,2,167.04
10797,4353,6,3,274.62
10798,4354,7,2,97.14
10799,4354,47,2,130.34
10800,4354,51,3,4.82
10801,4355,40,1,58.6
10802,4356,58,2,21.46
10803,4356,2,1,118.54
10804,4356,4,1,343.75
10805,4356,23,1,32.35
10806,4357,21,1,69.32
10807,4357,46,3,167.04
10808,4357,57,3,21.3
10809,4358,50,3,53.01
10810,4358,11,3,62.04
10811,4359,43,2,37.07
10812,4359,16,2,117.45
10813,4360,20,2,97.39
10814,4361,51,3,5.07
10815,4362,45,3,174.61
10816,4363,35,2,6.33
10817,4363,34,2,35.16
10818,4364,40,1,58.6
10819,4364,39,3,59.27
10820,4364,27,3,58.96
10821,4365,34,2,35.16
10822,4366,22,3,41.98
10823,4367,35,2,6.33
10824,4368,43,1,37.07
10825,4368,23,2,34.05
10826,4368,22,1,41.98
10827,4369,15,1,40.43
10828,4369,47,3,123.82
10829,4369,52,2,33.23
10830,4369,1,3,166.25
10831,4370,57,1,22.42
10832,4371,24,3,42.02
10833,4371,35,2,6.33
10834,4371,37,3,13.06
10835,4371,6,3,289.07
10836,4372,40,2,58.6
10837,4372,29,3,17.72
10838,4372,35,2,6.33
10839,4372,16,3,111.58
10840,4373,15,2,42.56
10841,4373,21,3,65.85
10842,4373,43,3,37.07
10843,4373,17,3,63.23
10844,4374,45,1,174.61
10845,4374,12,1,114.16
10846,4374,36,1,10.41
10847,4374,28,1,9.66
10848,4375,21,1,69.32
10849,4375,36,1,10.96
10850,4375,58,1,21.46
10851,4375,42,2,76.5
10852,4376,2,2,112.61
10853,4376,7,1,92.28
10854,4377,55,1,23.94
10855,4377,29,3,17.72
10856,4377,21,1,65.85
10857,4377,5,3,176.19
10858,4378,29,1,17.72
10859,4378,11,2,62.04
10860,4378,9,1,247.25
10861,4379,58,1,21.46
10862,4380,5,1,176.19
10863,4380,41,3,116.68
10864,4380,9,1,247.25
10865,4381,54,3,5.86
10866,4382,8,1,166.64
10867,4383,43,1,35.22
10868,4383,14,1,39.32
10869,4384,44,3,75.69
10870,4384,9,3,247.25
10871,4385,26,1,80.1
10872,4385,51,3,5.07
10873,4385,59,3,24.67
10874,4385,49,1,88.65
10875,4386,4,3,343.75
10876,4387,35,3,6.01
10877,4387,7,1,97.14
10878,4388,26,3,84.32
10879,4389,41,1,116.68
10880,4389,26,2,84.32
10881,4389,15,1,40.43
10882,4390,60,3,13.97
10883,4390,16,1,117.45
10884,4391,16,3,117.45
10885,4391,6,2,289.07
10886,4392,1,3,166.25
10887,4392,18,3,124.11
10888,4392,51,2,5.07
10889,4392,22,1,41.98
10890,4393,42,3,72.67
10891,4394,40,1,55.67
10892,4395,58,2,21.46
10893,4395,18,2,124.11
10894,4395,49,3,88.65
10895,4395,30,2,30.51
10896,4396,17,2,63.23
10897,4396,26,3,84.32
10898,4396,14,1,39.32
10899,4396,36,2,10.96
10900,4397,7,2,97.14
10901,4397,46,3,167.04
10902,4397,34,2,35.16
10903,4397,9,1,234.89
10904,4398,48,1,101.61
10905,4398,42,3,76.5
10906,4398,14,1,39.32
10907,4399,36,1,10.96
10908,4399,60,2,13.27
10909,4399,51,1,5.07
10910,4399,14,2,39.32
10911,4400,5,2,167.38
10912,4400,4,3,343.75
10913,4400,2,2,118.54
10914,4401,40,2,58.6
10915,4401,20,1,102.52
10916,4401,31,2,34.1
10917,4401,22,2,41.98
10918,4402,47,3,130.34
10919,4402,4,1,343.75
10920,4403,54,3,5.86
10921,4403,11,2,62.04
10922,4403,19,2,110.32
10923,4403,30,1,30.51
10924,4404,49,2,88.65
10925,4405,4,2,343.75
10926,4406,41,3,116.68
10927,4407,14,2,39.32
10928,4407,45,1,174.61
10929,4408,42,3,76.5
10930,4408,15,3,40.43
10931,4409,40,2,58.6
10932,4409,4,2,343.75
10933,4410,26,3,84.32
10934,4411,12,2,120.17
10935,4412,57,1,22.42
10936,4412,20,3,102.52
10937,4413,10,2,236.19
10938,4414,3,3,42.57
10939,4414,57,1,22.42
10940,4414,4,2,343.75
10941,4415,31,2,34.1
10942,4415,40,1,58.6
10943,4415,60,1,13.97
10944,4415,59,2,24.67
10945,4416,9,2,247.25
10946,4416,42,1,76.5
10947,4416,48,1,101.61
10948,4416,28,3,9.66
10949,4417,1,3,166.25
10950,4418,19,1,116.13
10951,4418,32,3,13.9
10952,4419,32,2,13.9
10953,4419,56,3,15.32
10954,4420,28,2,9.66
10955,4420,45,3,165.88
10956,4420,13,2,71.35
10957,4421,58,3,21.46
10958,4421,38,2,38.97
10959,4421,49,2,84.22
10960,4422,9,1,234.89
10961,4422,60,3,13.27
10962,4422,51,2,5.07
10963,4423,31,2,34.1
10964,4423,27,3,58.96
10965,4424,51,2,5.07
10966,4424,49,3,88.65
10967,4425,6,3,289.07
10968,4425,44,1,75.69
10969,4425,49,3,84.22
10970,4425,21,3,65.85
10971,4426,59,3,24.67
10972,4426,16,1,117.45
10973,4426,20,1,102.52
10974,4427,45,2,174.61
10975,4427,25,1,41.66
10976,4427,38,1,38.97
10977,4428,26,3,84.32
10978,4429,17,2,63.23
10979,4429,43,1,37.07
10980,4429,39,3,59.27
10981,4430,44,3,75.69
10982,4431,33,3,35.23
10983,4432,4,1,343.75
10984,4433,23,3,34.05
10985,4433,35,2,6.33
10986,4433,33,1,35.23
10987,4433,21,3,69.32
10988,4434,13,3,71.35
10989,4434,41,3,110.85
10990,4434,47,3,130.34
10991,4434,15,2,42.56
10992,4435,10,2,236.19
10993,4435,43,1,37.07
10994,4436,2,2,118.54
10995,4437,37,3,13.06
10996,4437,29,1,17.72
10997,4438,38,2,37.02
10998,4438,19,3,116.13
10999,4438,44,3,71.91
11000,4439,36,2,10.96
11001,4439,49,1,88.65
11002,4439,21,1,69.32
11003,4439,31,2,34.1
11004,4440,10,3,236.19
11005,4440,17,1,60.07
11006,4440,12,1,120.17
11007,4440,25,1,41.66
11008,4441,52,2,34.98
11009,4442,8,1,175.41
11010,4442,18,2,117.9
11011,4442,34,1,35.16
11012,4442,12,2,120.17
11013,4443,44,1,75.69
11014,4444,5,3,176.19
11015,4445,10,2,236.19
11016,4445,27,2,56.01
11017,4445,50,1,53.01
11018,4445,6,3,289.07
11019,4446,4,2,343.75
11020,4446,1,2,166.25
11021,4446,58,1,21.46
11022,4447,33,2,33.47
11023,4447,59,1,23.44
11024,4448,33,3,35.23
11025,4449,4,1,343.75
11026,4449,25,1,41.66
11027,4450,14,1,37.35
11028,4450,27,2,58.96
11029,4450,35,3,6.33
11030,4450,16,1,117.45
11031,4451,54,2,5.86
11032,4451,18,2,124.11
11033,4452,38,2,38.97
11034,4452,25,1,41.66
11035,4452,35,2,6.33
11036,4452,59,1,24.67
11037,4453,39,1,59.27
11038,4453,25,3,41.66
11039,4454,42,2,76.5
11040,4454,22,1,41.98
11041,4455,2,1,118.54
11042,4455,21,2,69.32
11043,4456,28,3,9.66
11044,4457,9,1,234.89
11045,4457,54,2,5.86
11046,4457,35,1,6.33
11047,4458,13,2,71.35
11048,4458,19,2,116.13
11049,4458,36,2,10.96
11050,4458,22,3,41.98
11051,4459,43,2,37.07
11052,4459,36,1,10.96
11053,4459,24,1,42.02
11054,4459,56,3,14.55
11055,4460,24,1,42.02
11056,4460,41,2,116.68
11057,4460,10,2,224.38
11058,4461,1,3,166.25
11059,4461,35,2,6.33
11060,4462,55,3,23.94
11061,4463,14,3,39.32
11062,4463,13,3,71.35
11063,4463,27,2,58.96
11064,4464,59,2,23.44
11065,4464,30,3,30.51
11066,4464,33,2,35.23
11067,4464,35,2,6.33
11068,4465,25,3,39.58
11069,4465,3,1,42.57
11070,4465,13,3,71.35
11071,4465,41,2,116.68
11072,4466,32,3,13.9
11073,4466,45,3,165.88
11074,4466,54,1,5.57
11075,4467,20,3,102.52
11076,4467,36,2,10.41
11077,4467,28,1,9.66
11078,4468,45,2,174.61
11079,4469,52,3,34.98
11080,4469,46,2,167.04
11081,4469,53,2,8.99
11082,4469,33,2,33.47
11083,4470,47,2,130.34
11084,4471,29,1,17.72
11085,4472,60,1,13.97
11086,4472,22,1,41.98
11087,4473,56,2,15.32
11088,4473,42,2,72.67
11089,4473,1,1,157.94
11090,4474,35,3,6.01
11091,4474,39,2,59.27
11092,4474,44,3,75.69
11093,4474,4,2,326.56
11094,4475,49,2,84.22
11095,4475,39,3,59.27
11096,4475,60,3,13.97
11097,4475,43,1,37.07
11098,4476,55,1,25.2
11099,4476,27,2,58.96
11100,4476,56,1,15.32
11101,4476,14,2,39.32
11102,4477,34,2,35.16
11103,4477,41,2,110.85
11104,4478,53,1,8.99
11105,4478,31,3,34.1
11106,4479,22,1,41.98
11107,4479,10,1,236.19
11108,4479,32,2,13.21
11109,4479,4,1,343.75
11110,4480,29,3,17.72
11111,4481,37,1,13.06
11112,4481,54,2,5.57
11113,4481,16,3,117.45
11114,4482,28,1,9.66
11115,4482,21,2,69.32
11116,4482,57,2,21.3
11117,4483,44,3,75.69
11118,4484,41,3,116.68
11119,4484,31,3,34.1
11120,4485,15,3,40.43
11121,4485,48,2,101.61
11122,4485,36,3,10.41
11123,4485,27,2,58.96
11124,4486,55,3,23.94
11125,4486,44,3,75.69
11126,4486,29,3,17.72
11127,4486,14,2,39.32
11128,4487,44,1,75.69
11129,4487,12,2,120.17
11130,4487,31,2,34.1
11131,4488,12,2,120.17
11132,4488,29,1,17.72
11133,4488,55,3,25.2
11134,4488,41,3,116.68
11135,4489,8,3,175.41
11136,4489,48,1,101.61
11137,4489,49,2,88.65
11138,4490,21,2,65.85
11139,4491,48,1,101.61
11140,4491,55,1,25.2
11141,4491,30,1,30.51
11142,4491,18,3,124.11
11143,4492,11,3,62.04
11144,4492,21,2,65.85
11145,4492,15,3,42.56
11146,4493,31,3,34.1
11147,4493,12,3,114.16
11148,4493,11,2,62.04
11149,4494,42,2,76.5
11150,4494,55,1,25.2
11151,4495,43,1,35.22
11152,4496,59,2,24.67
11153,4496,3,1,42.57
11154,4496,20,3,102.52
11155,4496,51,3,5.07
11156,4497,12,3,114.16
11157,4497,39,1,59.27
11158,4497,6,1,289.07
11159,4497,2,1,118.54
11160,4498,19,1,116.13
11161,4498,22,1,41.98
11162,4499,40,2,58.6
11163,4499,43,2,37.07
11164,4499,19,2,116.13
11165,4499,37,3,12.41
11166,4500,34,1,35.16
11167,4500,21,2,69.32
11168,4500,60,2,13.27
11169,4500,12,1,120.17
11170,4501,1,2,157.94
11171,4501,40,3,58.6
11172,4501,42,3,76.5
11173,4501,9,1,247.25
11174,4502,31,3,34.1
11175,4502,38,3,38.97
11176,4503,58,3,21.46
11177,4503,1,2,157.94
11178,4503,19,2,116.13
11179,4503,4,1,343.75
11180,4504,8,3,175.41
11181,4505,6,1,289.07
11182,4506,53,2,8.54
11183,4506,2,2,118.54
11184,4507,60,2,13.97
11185,4507,49,2,88.65
11186,4508,55,3,25.2
11187,4508,18,2,117.9
11188,4509,21,2,65.85
11189,4509,20,1,102.52
11190,4509,43,2,37.07
11191,4510,8,1,175.41
11192,4510,59,1,24.67
11193,4510,13,3,71.35
11194,4510,9,2,247.25
11195,4511,6,3,289.07
11196,4511,50,2,53.01
11197,4512,20,1,97.39
11198,4512,7,1,97.14
11199,4513,46,3,167.04
11200,4513,52,1,34.98
11201,4513,31,3,34.1
11202,4514,8,2,175.41
11203,4514,27,3,58.96
11204,4514,4,2,326.56
11205,4515,1,2,166.25
11206,4515,52,2,34.98
11207,4515,60,2,13.27
11208,4516,20,1,102.52
11209,4516,39,1,59.27
11210,4516,44,3,75.69
11211,4516,1,3,166.25
11212,4517,45,3,165.88
11213,4518,7,1,97.14
11214,4518,37,3,13.06
11215,4519,5,3,176.19
11216,4519,52,3,34.98
11217,4520,30,2,30.51
11218,4520,28,2,9.66
11219,4520,19,3,116.13
11220,4521,48,3,101.61
11221,4521,38,2,38.97
11222,4521,43,1,37.07
11223,4521,3,1,42.57
11224,4522,8,3,175.41
11225,4523,27,2,56.01
11226,4523,49,2,88.65
11227,4523,31,1,34.1
11228,4524,2,2,118.54
11229,4525,24,2,42.02
11230,4526,10,1,236.19
11231,4526,40,2,58.6
11232,4526,27,1,58.96
11233,4527,50,1,53.01
11234,4527,35,2,6.01
11235,4527,59,3,24.67
11236,4528,40,1,58.6
11237,4528,54,1,5.86
11238,4528,21,3,69.32
11239,4528,44,2,71.91
11240,4529,54,2,5.86
11241,4529,1,3,166.25
11242,4530,22,3,41.98
11243,4531,40,2,58.6
11244,4531,27,3,58.96
11245,4532,29,2,17.72
11246,4532,28,2,9.66
11247,4532,23,1,34.05
11248,4533,35,3,6.33
11249,4533,31,3,32.4
11250,4533,26,1,84.32
11251,4534,9,3,247.25
11252,4534,26,1,80.1
11253,4534,14,1,39.32
11254,4535,17,3,63.23
11255,4536,14,2,37.35
11256,4536,6,2,289.07
11257,4536,9,3,247.25
11258,4536,51,3,5.07
11259,4537,39,1,59.27
11260,4537,37,3,13.06
11261,4537,3,1,42.57
11262,4537,42,1,76.5
11263,4538,42,1,76.5
11264,4538,57,1,22.42
11265,4538,20,2,97.39
11266,4538,50,2,50.36
11267,4539,39,1,59.27
11268,4539,20,3,102.52
11269,4540,48,1,101.61
11270,4540,8,3,175.41
11271,4540,15,1,42.56
11272,4541,54,1,5.57
11273,4541,48,2,101.61
11274,4542,31,2,34.1
11275,4543,7,3,97.14
11276,4543,12,3,120.17
11277,4544,52,1,34.98
11278,4545,58,1,21.46
11279,4546,37,2,13.06
11280,4546,23,2,32.35
11281,4547,43,2,37.07
11282,4547,28,3,9.66
11283,4547,38,3,38.97
11284,4547,51,1,5.07
11285,4548,11,1,62.04
11286,4548,15,2,42.56
11287,4548,20,2,102.52
11288,4549,53,3,8.99
11289,4549,60,3,13.97
11290,4549,49,3,88.65
11291,4549,12,2,120.17
11292,4550,6,3,274.62
11293,4550,21,1,69.32
11294,4550,51,1,4.82
11295,4550,17,2,63.23
11296,4551,49,3,88.65
11297,4552,52,1,34.98
11298,4552,13,2,71.35
11299,4552,23,1,34.05
11300,4552,44,3,75.69
11301,4553,55,1,25.2
11302,4553,44,2,75.69
11303,4553,26,1,84.32
11304,4554,6,3,289.07
11305,4554,14,1,39.32
11306,4554,4,3,343.75
11307,4554,22,2,41.98
11308,4555,54,3,5.86
11309,4555,19,3,116.13
11310,4556,18,3,124.11
11311,4556,45,2,174.61
11312,4556,47,2,130.34
11313,4556,29,3,17.72
11314,4557,45,3,165.88
11315,4557,19,1,116.13
11316,4557,43,3,35.22
11317,4558,28,2,9.66
11318,4558,10,2,236.19
11319,4559,44,1,75.69
11320,4560,12,2,120.17
11321,4560,27,2,58.96
11322,4561,8,3,175.41
11323,4561,27,2,56.01
11324,4561,40,1,58.6
11325,4562,46,1,167.04
11326,4562,40,2,58.6
11327,4563,21,3,65.85
11328,4564,6,1,289.07
11329,4564,39,3,59.27
11330,4564,25,2,41.66
11331,4565,24,2,42.02
11332,4565,45,3,174.61
11333,4566,45,3,174.61
11334,4566,1,3,166.25
11335,4567,10,2,236.19
11336,4567,19,3,116.13
11337,4568,36,2,10.96
11338,4568,2,3,118.54
11339,4568,31,1,34.1
11340,4568,45,3,165.88
11341,4569,39,2,56.31
11342,4569,30,3,30.51
11343,4569,13,1,71.35
11344,4570,24,1,42.02
11345,4570,17,1,63.23
11346,4570,53,1,8.99
11347,4571,9,2,247.25
11348,4571,37,2,13.06
11349,4572,60,3,13.27
11350,4572,11,2,62.04
11351,4572,34,2,33.4
11352,4573,44,2,75.69
11353,4574,34,2,35.16
11354,4574,24,1,42.02
11355,4575,24,2,42.02
11356,4576,5,1,176.19
11357,4576,21,1,69.32
11358,4576,8,2,175.41
11359,4576,30,2,30.51
11360,4577,21,2,65.85
11361,4578,42,2,76.5
11362,4579,20,1,102.52
11363,4579,7,3,97.14
11364,4579,33,3,35.23
11365,4580,37,2,13.06
11366,4581,17,1,63.23
11367,4581,10,1,236.19
11368,4581,59,1,23.44
11369,4582,38,1,38.97
11370,4583,29,1,17.72
11371,4583,2,3,112.61
11372,4583,10,3,236.19
11373,4583,13,2,71.35
11374,4584,12,3,120.17
11375,4585,12,3,120.17
11376,4585,31,3,34.1
11377,4586,32,1,13.9
11378,4586,18,3,124.11
11379,4586,31,1,34.1
11380,4586,54,1,5.86
11381,4587,36,3,10.41
11382,4587,56,1,15.32
11383,4587,17,3,63.23
11384,4587,37,2,13.06
11385,4588,28,2,9.66
11386,4589,2,2,118.54
11387,4589,57,3,22.42
11388,4589,4,1,343.75
11389,4590,39,1,59.27
11390,4590,37,1,13.06
11391,4591,31,3,34.1
11392,4592,9,3,234.89
11393,4592,59,3,24.67
11394,4592,44,1,75.69
11395,4593,20,3,102.52
11396,4593,35,2,6.33
11397,4593,17,1,63.23
11398,4594,20,3,102.52
11399,4594,41,1,110.85
11400,4595,15,3,42.56
11401,4596,3,1,42.57
11402,4597,2,3,118.54
11403,4598,43,1,37.07
11404,4599,1,3,166.25
11405,4599,60,2,13.97
11406,4600,21,3,69.32
11407,4600,16,3,117.45
11408,4601,53,3,8.99
11409,4601,8,3,175.41
11410,4601,19,3,116.13
11411,4601,14,2,39.32
11412,4602,52,1,34.98
11413,4602,29,1,17.72
11414,4602,51,2,5.07
11415,4602,12,2,120.17
11416,4603,3,2,42.57
11417,4603,10,3,236.19
11418,4603,34,2,35.16
11419,4603,1,2,166.25
11420,4604,19,3,116.13
11421,4604,57,1,22.42
11422,4604,41,2,116.68
11423,4604,31,2,34.1
11424,4605,24,3,42.02
11425,4606,15,2,42.56
11426,4606,35,2,6.33
11427,4606,17,3,63.23
11428,4607,14,3,39.32
11429,4608,56,1,15.32
11430,4608,47,3,123.82
11431,4609,55,2,25.2
11432,4609,46,1,158.69
11433,4609,24,2,42.02
11434,4609,58,2,20.39
11435,4610,60,2,13.97
11436,4610,19,2,110.32
11437,4610,36,3,10.96
11438,4611,30,2,30.51
11439,4611,13,3,71.35
11440,4612,2,1,118.54
11441,4612,37,3,13.06
11442,4613,49,3,88.65
11443,4613,45,2,174.61
11444,4613,51,3,5.07
11445,4614,48,1,96.53
11446,4615,58,1,20.39
11447,4615,22,1,41.98
11448,4616,27,3,58.96
11449,4616,15,3,42.56
11450,4616,11,1,62.04
11451,4616,4,2,343.75
11452,4617,5,1,176.19
11453,4617,12,1,120.17
11454,4617,59,3,24.67
11455,4618,49,3,88.65
11456,4618,27,1,58.96
11457,4618,41,3,110.85
11458,4619,1,1,166.25
11459,4619,57,2,22.42
11460,4619,25,1,41.66
11461,4619,34,2,35.16
11462,4620,18,3,124.11
11463,4620,42,3,76.5
11464,4621,15,2,42.56
11465,4621,4,2,343.75
11466,4622,11,3,62.04
11467,4623,6,2,289.07
11468,4623,30,2,28.98
11469,4623,13,1,71.35
11470,4623,31,1,34.1
11471,4624,6,2,289.07
11472,4625,50,3,53.01
11473,4626,45,3,174.61
11474,4626,37,2,13.06
11475,4627,34,3,35.16
11476,4627,35,3,6.33
11477,4627,22,3,41.98
11478,4627,21,2,65.85
11479,4628,33,2,35.23
11480,4629,28,1,9.66
11481,4629,32,2,13.9
11482,4629,39,2,59.27
11483,4630,30,3,30.51
11484,4630,12,1,120.17
11485,4630,25,3,41.66
11486,4631,36,2,10.41
11487,4631,24,1,42.02
11488,4631,31,2,34.1
11489,4631,11,3,62.04
11490,4632,44,2,75.69
11491,4632,59,1,23.44
11492,4632,56,1,15.32
11493,4633,28,2,9.66
11494,4633,32,3,13.9
11495,4633,37,2,13.06
11496,4633,42,3,72.67
11497,4634,40,3,58.6
11498,4634,51,3,5.07
11499,4634,19,3,116.13
11500,4634,8,3,166.64
11501,4635,44,1,75.69
11502,4636,32,3,13.9
11503,4637,9,3,234.89
11504,4637,6,2,289.07
11505,4637,35,2,6.01
11506,4638,7,3,97.14
11507,4639,23,1,32.35
11508,4640,49,2,88.65
11509,4640,16,2,117.45
11510,4641,10,2,236.19
11511,4642,47,2,130.34
11512,4642,15,3,42.56
11513,4642,55,3,23.94
11514,4642,45,1,174.61
11515,4643,42,2,76.5
11516,4643,16,2,117.45
11517,4644,43,2,37.07
11518,4644,15,3,42.56
11519,4645,46,1,167.04
11520,4646,37,1,12.41
11521,4646,48,3,101.61
11522,4646,52,1,34.98
11523,4647,40,1,58.6
11524,4647,9,2,247.25
11525,4648,24,1,42.02
11526,4648,40,2,58.6
11527,4649,1,2,166.25
11528,4649,3,2,42.57
11529,4649,42,3,76.5
11530,4649,40,1,55.67
11531,4650,44,1,75.69
11532,4651,53,1,8.99
11533,4651,33,1,35.23
11534,4652,13,3,67.78
11535,4652,30,2,28.98
11536,4652,36,3,10.41
11537,4653,52,2,34.98
11538,4653,24,3,42.02
11539,4653,16,1,117.45
11540,4653,36,1,10.96
11541,4654,18,1,124.11
11542,4654,23,2,32.35
11543,4655,4,2,343.75
11544,4655,27,2,58.96
11545,4655,40,3,58.6
11546,4656,59,1,24.67
11547,4657,44,1,75.69
11548,4657,45,3,174.61
11549,4657,33,2,35.23
11550,4658,34,2,35.16
11551,4658,51,2,5.07
11552,4659,34,1,35.16
11553,4660,23,1,34.05
11554,4660,16,2,117.45
11555,4660,20,2,102.52
11556,4660,52,1,34.98
11557,4661,15,3,40.43
11558,4661,3,1,42.57
11559,4662,4,2,343.75
11560,4662,31,3,34.1
11561,4662,11,3,62.04
11562,4663,6,2,289.07
11563,4664,40,3,55.67
11564,4664,50,3,53.01
11565,4664,15,2,42.56
11566,4665,5,1,176.19
11567,4665,60,3,13.97
11568,4665,58,2,21.46
11569,4665,29,2,16.83
11570,4666,44,3,75.69
11571,4666,26,1,84.32
11572,4666,21,2,69.32
11573,4667,44,3,75.69
11574,4667,6,2,289.07
11575,4667,5,2,176.19
11576,4667,16,1,117.45
11577,4668,49,3,88.65
11578,4668,1,2,166.25
11579,4669,17,3,60.07
11580,4669,45,1,174.61
11581,4669,39,2,59.27
11582,4670,60,2,13.97
11583,4670,22,2,41.98
11584,4670,42,1,76.5
11585,4671,19,3,116.13
11586,4671,32,1,13.9
11587,4672,17,2,60.07
11588,4673,5,2,176.19
11589,4674,51,2,5.07
11590,4675,21,2,65.85
11591,4675,43,3,35.22
11592,4675,42,1,72.67
11593,4676,47,2,130.34
11594,4676,39,3,59.27
11595,4677,2,1,118.54
11596,4677,59,1,24.67
11597,4678,12,2,120.17
11598,4679,45,1,174.61
11599,4680,38,1,38.97
11600,4680,12,1,120.17
11601,4680,7,1,97.14
11602,4681,16,2,111.58
11603,4682,18,2,124.11
11604,4683,60,3,13.97
11605,4684,19,2,116.13
11606,4684,48,3,101.61
11607,4684,4,3,343.75
11608,4684,57,2,22.42
11609,4685,11,1,62.04
11610,4685,49,3,84.22
11611,4686,33,1,35.23
11612,4687,46,3,167.04
11613,4687,51,1,4.82
11614,4687,59,2,24.67
11615,4687,18,3,124.11
11616,4688,2,1,118.54
11617,4688,15,1,42.56
11618,4688,11,2,58.94
11619,4689,42,3,76.5
11620,4690,55,3,25.2
11621,4690,48,3,101.61
11622,4690,4,2,343.75
11623,4690,23,2,34.05
11624,4691,58,2,21.46
11625,4691,37,2,13.06
11626,4692,3,2,42.57
11627,4692,21,1,69.32
11628,4692,20,1,102.52
11629,4692,6,1,289.07
11630,4693,41,1,116.68
11631,4693,35,3,6.33
11632,4693,31,3,34.1
11633,4694,13,2,71.35
11634,4694,4,2,343.75
11635,4694,36,3,10.96
11636,4695,14,2,39.32
11637,4695,36,2,10.96
11638,4695,35,2,6.01
11639,4696,59,1,24.67
11640,4696,38,3,38.97
11641,4697,39,3,59.27
11642,4697,12,2,120.17
11643,4698,29,3,17.72
11644,4699,17,2,63.23
11645,4699,22,3,39.88
11646,4699,27,1,56.01
11647,4700,20,3,102.52
11648,4700,3,2,42.57
11649,4701,4,1,326.56
11650,4702,57,2,21.3
11651,4702,4,1,343.75
11652,4702,18,2,124.11
11653,4703,21,3,69.32
11654,4703,47,1,123.82
11655,4703,58,2,21.46
11656,4703,28,2,9.66
11657,4704,50,3,53.01
11658,4704,53,2,8.99
11659,4704,7,2,97.14
11660,4705,17,2,63.23
11661,4706,58,2,21.46
11662,4707,8,1,175.41
11663,4707,28,3,9.66
11664,4707,7,3,97.14
11665,4708,29,1,17.72
11666,4708,40,1,55.67
11667,4709,10,1,224.38
11668,4709,44,2,75.69
11669,4709,54,2,5.86
11670,4709,59,1,24.67
11671,4710,31,2,34.1
11672,4710,19,1,116.13
11673,4711,43,1,35.22
11674,4712,42,2,76.5
11675,4712,55,1,25.2
11676,4712,60,1,13.97
11677,4712,3,2,40.44
11678,4713,27,1,58.96
11679,4713,40,1,55.67
11680,4713,9,2,247.25
11681,4713,31,3,34.1
11682,4714,40,2,58.6
11683,4714,43,3,35.22
11684,4714,55,1,25.2
11685,4714,42,2,76.5
11686,4715,47,3,130.34
11687,4715,37,1,13.06
11688,4716,29,3,16.83
11689,4716,16,3,117.45
11690,4716,55,3,23.94
11691,4716,12,2,120.17
11692,4717,1,3,166.25
11693,4718,13,1,71.35
11694,4718,56,2,15.32
11695,4718,32,3,13.21
11696,4719,5,2,167.38
11697,4720,6,1,274.62
11698,4720,49,3,88.65
11699,4720,33,2,35.23
11700,4720,52,1,34.98
11701,4721,40,2,58.6
11702,4722,59,2,24.67
11703,4722,21,1,69.32
11704,4722,43,3,37.07
11705,4722,8,1,175.41
11706,4723,33,3,35.23
11707,4724,19,1,116.13
11708,4725,7,2,97.14
11709,4725,59,2,24.67
11710,4725,13,3,67.78
11711,4725,44,2,75.69
11712,4726,50,2,53.01
11713,4726,60,1,13.97
11714,4726,38,1,38.97
11715,4726,3,3,42.57
11716,4727,3,2,42.57
11717,4727,37,1,12.41
11718,4727,36,2,10.96
11719,4728,23,1,34.05
11720,4728,15,3,42.56
11721,4729,49,3,88.65
11722,4729,12,2,120.17
11723,4730,39,1,59.27
11724,4731,51,1,5.07
11725,4732,50,3,53.01
11726,4732,34,1,35.16
11727,4732,59,2,24.67
11728,4732,4,2,326.56
11729,4733,10,1,236.19
11730,4733,47,1,130.34
11731,4733,38,1,38.97
11732,4734,6,1,289.07
11733,4734,53,3,8.99
11734,4735,50,3,53.01
11735,4736,49,3,88.65
11736,4736,13,1,71.35
11737,4736,20,1,102.52
11738,4737,26,1,84.32
11739,4737,29,1,17.72
11740,4737,42,2,76.5
11741,4737,31,2,34.1
11742,4738,29,2,17.72
11743,4738,54,1,5.57
11744,4738,4,1,343.75
11745,4738,11,2,62.04
11746,4739,37,3,13.06
11747,4739,2,2,112.61
11748,4739,47,3,130.34
11749,4739,11,2,62.04
11750,4740,52,2,34.98
11751,4740,21,1,69.32
11752,4740,44,2,71.91
11753,4741,31,3,34.1
11754,4741,5,3,176.19
11755,4741,44,2,75.69
11756,4741,55,3,23.94
11757,4742,38,3,38.97
11758,4742,22,1,41.98
11759,4743,23,2,34.05
11760,4743,8,1,175.41
11761,4743,5,3,176.19
11762,4744,10,2,236.19
11763,4744,1,2,166.25
11764,4744,29,1,16.83
11765,4744,13,1,71.35
11766,4745,24,3,42.02
11767,4745,58,2,20.39
11768,4745,56,2,15.32
11769,4746,34,2,35.16
11770,4746,41,1,116.68
11771,4746,2,3,118.54
11772,4746,43,3,35.22
11773,4747,3,1,42.57
11774,4747,25,3,41.66
11775,4748,38,2,38.97
11776,4748,32,3,13.9
11777,4749,22,3,39.88
11778,4749,18,1,124.11
11779,4750,18,3,124.11
11780,4750,58,1,21.46
11781,4750,40,1,58.6
11782,4750,57,3,22.42
11783,4751,48,3,96.53
11784,4751,56,3,15.32
11785,4752,9,3,247.25
11786,4752,43,2,37.07
11787,4752,17,2,63.23
11788,4752,22,1,41.98
11789,4753,51,1,5.07
11790,4753,5,1,176.19
11791,4753,46,3,167.04
11792,4754,32,2,13.9
11793,4755,26,2,84.32
11794,4755,51,3,5.07
11795,4755,57,3,22.42
11796,4756,4,3,343.75
11797,4756,21,2,69.32
11798,4756,50,3,50.36
11799,4756,18,3,124.11
11800,4757,24,2,42.02
11801,4757,59,2,24.67
11802,4757,30,1,30.51
11803,4758,59,3,24.67
11804,4759,35,3,6.33
11805,4759,22,2,39.88
11806,4759,25,3,41.66
11807,4759,47,1,130.34
11808,4760,40,2,55.67
11809,4760,41,2,116.68
11810,4760,25,2,41.66
11811,4760,32,3,13.9
11812,4761,60,2,13.97
11813,4761,12,1,120.17
11814,4761,47,3,123.82
11815,4762,22,3,41.98
11816,4762,34,3,35.16
11817,4762,31,3,34.1
11818,4762,59,3,24.67
11819,4763,58,3,21.46
11820,4763,46,3,167.04
11821,4763,18,3,124.11
11822,4763,10,3,236.19
11823,4764,48,2,101.61
11824,4764,21,1,69.32
11825,4764,2,2,118.54
11826,4765,60,2,13.97
11827,4766,41,1,116.68
11828,4766,7,1,97.14
11829,4767,59,3,23.44
11830,4767,3,1,42.57
11831,4768,58,1,21.46
11832,4769,25,2,41.66
11833,4770,8,1,166.64
11834,4770,43,3,37.07
11835,4770,27,3,58.96
11836,4771,32,1,13.9
11837,4771,24,3,39.92
11838,4771,60,3,13.97
11839,4772,59,1,24.67
11840,4773,38,1,38.97
11841,4773,43,1,37.07
11842,4773,59,1,24.67
11843,4774,39,2,59.27
11844,4775,43,1,37.07
11845,4775,28,2,9.66
11846,4776,44,3,75.69
11847,4777,59,1,24.67
11848,4778,28,3,9.66
11849,4778,43,2,35.22
11850,4778,23,2,34.05
11851,4779,30,3,30.51
11852,4780,55,3,23.94
11853,4780,9,2,247.25
11854,4780,44,1,75.69
11855,4781,42,3,76.5
11856,4782,20,1,102.52
11857,4782,27,3,58.96
11858,4782,28,1,9.66
11859,4783,11,1,58.94
11860,4783,58,3,21.46
11861,4784,11,1,62.04
11862,4784,46,3,167.04
11863,4785,40,3,58.6
11864,4785,33,3,33.47
11865,4785,41,1,116.68
11866,4786,7,1,97.14
11867,4786,38,1,38.97
11868,4786,50,2,53.01
11869,4787,10,1,236.19
11870,4787,39,1,59.27
11871,4787,4,1,343.75
11872,4788,13,1,71.35
11873,4788,27,2,58.96
11874,4788,17,1,63.23
11875,4788,57,3,22.42
11876,4789,10,2,236.19
11877,4790,48,3,96.53
11878,4791,37,2,13.06
11879,4792,30,3,30.51
11880,4792,44,2,71.91
11881,4792,39,3,59.27
11882,4793,46,2,167.04
11883,4794,6,3,289.07
11884,4794,11,1,62.04
11885,4794,52,2,34.98
11886,4794,29,1,17.72
11887,4795,26,3,84.32
11888,4795,46,1,167.04
11889,4795,15,2,42.56
11890,4796,23,2,34.05
11891,4797,30,2,30.51
11892,4797,52,1,34.98
11893,4798,17,2,60.07
11894,4799,55,2,25.2
11895,4799,26,1,84.32
11896,4800,42,3,76.5
11897,4801,32,2,13.9
11898,4802,9,2,247.25
11899,4802,8,1,175.41
11900,4803,52,3,34.98
11901,4803,12,3,114.16
11902,4803,22,1,41.98
11903,4803,60,3,13.97
11904,4804,46,2,167.04
11905,4804,5,3,176.19
11906,4805,1,1,166.25
11907,4805,60,3,13.97
11908,4805,2,2,118.54
11909,4805,43,1,37.07
11910,4806,47,3,123.82
11911,4806,41,1,116.68
11912,4806,50,3,53.01
11913,4807,22,2,41.98
11914,4807,7,1,97.14
11915,4807,24,2,42.02
11916,4808,30,3,30.51
11917,4809,8,2,175.41
11918,4809,9,2,247.25
11919,4809,36,2,10.41
11920,4810,40,2,58.6
11921,4810,15,1,42.56
11922,4811,4,2,343.75
11923,4811,6,3,289.07
11924,4811,13,1,71.35
11925,4811,16,3,117.45
11926,4812,21,2,69.32
11927,4813,12,2,120.17
11928,4813,20,1,102.52
11929,4814,56,3,15.32
11930,4814,20,3,102.52
11931,4814,31,3,34.1
11932,4815,24,1,42.02
11933,4815,30,1,28.98
11934,4816,56,3,15.32
11935,4816,34,2,35.16
11936,4817,37,2,13.06
11937,4817,8,2,175.41
11938,4817,59,1,24.67
11939,4818,50,1,53.01
11940,4818,7,2,97.14
11941,4819,3,1,42.57
11942,4820,59,3,24.67
11943,4821,12,1,120.17
11944,4822,48,2,101.61
11945,4822,4,1,326.56
11946,4823,32,3,13.9
11947,4823,20,2,102.52
11948,4823,54,3,5.86
11949,4823,23,3,34.05
11950,4824,49,1,88.65
11951,4824,13,3,71.35
11952,4825,41,1,116.68
11953,4825,37,2,12.41
11954,4825,45,3,165.88
11955,4826,59,3,24.67
11956,4826,17,3,63.23
11957,4826,54,3,5.86
11958,4826,43,3,37.07
11959,4827,10,1,236.19
11960,4827,31,2,34.1
11961,4827,47,3,123.82
11962,4827,55,3,23.94
11963,4828,58,1,21.46
11964,4828,41,1,110.85
11965,4828,40,3,58.6
11966,4828,21,3,69.32
11967,4829,55,3,25.2
11968,4829,45,2,174.61
11969,4829,25,1,41.66
11970,4829,38,2,38.97
11971,4830,42,2,76.5
11972,4830,11,2,62.04
11973,4831,46,1,167.04
11974,4832,8,1,175.41
11975,4832,17,2,63.23
11976,4832,46,3,167.04
11977,4832,53,2,8.54
11978,4833,26,3,84.32
11979,4834,14,1,37.35
11980,4835,27,1,58.96
11981,4836,44,1,75.69
11982,4836,4,1,343.75
11983,4836,38,2,38.97
11984,4837,40,1,58.6
11985,4837,33,2,35.23
11986,4837,50,2,53.01
11987,4838,47,2,130.34
11988,4838,29,3,17.72
11989,4838,15,1,42.56
11990,4839,46,1,167.04
11991,4839,35,2,6.33
11992,4839,6,2,289.07
11993,4839,1,3,166.25
11994,4840,56,2,15.32
11995,4841,8,2,175.41
11996,4841,53,1,8.99
11997,4841,34,3,33.4
11998,4841,6,3,289.07
11999,4842,59,1,24.67
12000,4843,23,2,32.35
12001,4844,30,3,30.51
12002,4844,12,3,120.17
12003,4845,20,2,97.39
12004,4846,32,2,13.9
12005,4846,9,2,247.25
12006,4846,18,1,117.9
12007,4847,4,1,343.75
12008,4848,57,1,22.42
12009,4848,15,3,42.56
12010,4848,28,1,9.66
12011,4848,59,3,24.67
12012,4849,8,2,175.41
12013,4850,54,2,5.86
12014,4851,6,1,289.07
12015,4852,17,3,63.23
12016,4852,60,2,13.97
12017,4852,24,3,42.02
12018,4852,38,3,38.97
12019,4853,49,1,88.65
12020,4854,55,2,25.2
12021,4854,24,3,42.02
12022,4854,22,2,41.98
12023,4854,12,1,120.17
12024,4855,30,1,30.51
12025,4856,59,2,23.44
12026,4856,39,1,59.27
12027,4857,6,2,289.07
12028,4857,16,2,111.58
12029,4858,28,3,9.18
12030,4858,11,3,58.94
12031,4859,32,2,13.9
12032,4859,38,2,38.97
12033,4859,22,3,41.98
12034,4860,1,3,157.94
12035,4861,40,2,58.6
12036,4861,18,3,124.11
12037,4861,44,2,75.69
12038,4862,41,1,116.68
12039,4862,20,3,102.52
12040,4862,7,1,97.14
12041,4862,56,1,15.32
12042,4863,47,2,130.34
12043,4863,60,3,13.97
12044,4864,46,2,167.04
12045,4864,3,2,42.57
12046,4864,58,1,21.46
12047,4864,41,1,116.68
12048,4865,57,1,22.42
12049,4866,46,1,167.04
12050,4866,30,2,30.51
12051,4866,44,2,75.69
12052,4866,58,1,21.46
12053,4867,9,2,247.25
12054,4867,11,3,62.04
12055,4868,4,2,343.75
12056,4869,3,2,42.57
12057,4869,38,1,38.97
12058,4870,25,2,41.66
12059,4871,17,2,63.23
12060,4871,48,2,101.61
12061,4871,32,3,13.9
12062,4871,6,3,274.62
12063,4872,25,1,41.66
12064,4872,33,1,35.23
12065,4872,53,3,8.99
12066,4872,41,1,116.68
12067,4873,57,1,22.42
12068,4873,17,1,60.07
12069,4874,14,2,39.32
12070,4874,58,1,20.39
12071,4874,8,3,175.41
12072,4874,33,1,35.23
12073,4875,5,3,176.19
12074,4875,41,1,116.68
12075,4875,7,3,92.28
12076,4876,49,3,88.65
12077,4877,31,1,34.1
12078,4877,44,2,75.69
12079,4878,60,1,13.97
12080,4878,3,2,40.44
12081,4878,48,2,101.61
12082,4879,4,1,343.75
12083,4880,12,1,120.17
12084,4880,55,3,23.94
12085,4880,38,2,38.97
12086,4881,48,3,101.61
12087,4882,37,2,13.06
12088,4882,18,2,124.11
12089,4882,6,1,289.07
12090,4882,23,1,34.05
12091,4883,50,1,50.36
12092,4883,2,2,118.54
12093,4883,48,2,101.61
12094,4884,12,1,120.17
12095,4884,4,2,343.75
12096,4884,14,3,39.32
12097,4884,43,3,37.07
12098,4885,40,1,58.6
12099,4885,53,1,8.99
12100,4886,11,2,62.04
12101,4886,50,1,53.01
12102,4886,37,3,12.41
12103,4887,15,1,40.43
12104,4887,31,2,34.1
12105,4887,14,1,37.35
12106,4887,22,3,41.98
12107,4888,51,1,5.07
12108,4888,40,1,55.67
12109,4888,23,3,34.05
12110,4889,22,3,41.98
12111,4889,60,3,13.97
12112,4889,21,2,69.32
12113,4889,34,3,35.16
12114,4890,46,3,167.04
12115,4891,31,2,34.1
12116,4892,13,2,71.35
12117,4892,29,3,17.72
12118,4893,21,3,69.32
12119,4894,34,1,35.16
12120,4894,35,2,6.33
12121,4894,20,1,97.39
12122,4895,42,1,76.5
12123,4896,31,1,34.1
12124,4896,12,3,120.17
12125,4897,49,1,84.22
12126,4897,6,3,274.62
12127,4897,29,2,16.83
12128,4897,10,1,236.19
12129,4898,50,2,50.36
12130,4899,47,1,130.34
12131,4899,6,3,289.07
12132,4899,24,2,42.02
12133,4900,22,3,41.98
12134,4900,6,3,289.07
12135,4901,4,1,343.75
12136,4902,49,1,88.65
12137,4902,13,2,71.35
12138,4902,30,3,30.51
12139,4902,48,2,96.53
12140,4903,33,3,35.23
12141,4903,30,1,30.51
12142,4903,49,3,88.65
12143,4904,47,1,123.82
12144,4904,22,1,41.98
12145,4904,19,1,116.13
12146,4904,34,3,35.16
12147,4905,12,1,114.16
12148,4906,6,1,289.07
12149,4907,44,3,75.69
12150,4907,15,1,42.56
12151,4907,25,3,41.66
12152,4907,22,1,39.88
12153,4908,6,2,274.62
12154,4908,43,2,37.07
12155,4908,3,3,42.57
12156,4908,14,3,39.32
12157,4909,11,3,62.04
12158,4909,33,3,33.47
12159,4909,1,2,166.25
12160,4910,25,3,41.66
12161,4910,37,3,13.06
12162,4910,11,2,58.94
12163,4911,36,2,10.96
12164,4911,19,3,116.13
12165,4911,3,1,42.57
12166,4911,48,2,101.61
12167,4912,44,2,75.69
12168,4912,28,2,9.66
12169,4912,6,2,289.07
12170,4913,21,3,69.32
12171,4913,22,3,41.98
12172,4914,54,2,5.86
12173,4915,15,2,42.56
12174,4916,46,3,167.04
12175,4916,34,1,35.16
12176,4916,2,1,118.54
12177,4917,38,3,38.97
12178,4917,8,1,175.41
12179,4917,21,2,69.32
12180,4917,34,1,35.16
12181,4918,53,1,8.99
12182,4918,45,3,174.61
12183,4918,14,2,39.32
12184,4918,41,2,116.68
12185,4919,25,2,41.66
12186,4920,36,3,10.96
12187,4920,59,2,24.67
12188,4921,13,2,67.78
12189,4922,19,2,116.13
12190,4922,32,3,13.9
12191,4922,57,3,22.42
12192,4923,34,1,33.4
12193,4924,16,3,117.45
12194,4924,56,3,15.32
12195,4925,10,3,236.19
12196,4925,40,2,58.6
12197,4925,36,2,10.96
12198,4925,57,2,22.42
12199,4926,9,3,247.25
12200,4927,49,3,88.65
12201,4927,51,1,4.82
12202,4928,2,3,118.54
12203,4928,16,2,117.45
12204,4928,36,2,10.96
12205,4929,38,1,38.97
12206,4929,47,1,130.34
12207,4930,46,2,167.04
12208,4930,18,1,124.11
12209,4930,39,1,59.27
12210,4931,55,3,25.2
12211,4931,21,2,65.85
12212,4932,31,1,34.1
12213,4933,8,1,175.41
12214,4933,22,1,41.98
12215,4933,57,2,22.42
12216,4933,39,1,59.27
12217,4934,36,3,10.96
12218,4934,9,2,247.25
12219,4934,38,1,38.97
12220,4934,21,1,69.32
12221,4935,16,3,111.58
12222,4935,42,1,72.67
12223,4935,36,3,10.96
12224,4935,58,2,21.46
12225,4936,16,3,117.45
12226,4937,17,1,63.23
12227,4937,54,2,5.86
12228,4937,52,3,34.98
12229,4937,47,1,130.34
12230,4938,6,3,274.62
12231,4939,5,3,176.19
12232,4939,6,2,289.07
12233,4939,35,1,6.33
12234,4940,39,3,59.27
12235,4940,53,3,8.99
12236,4941,41,2,116.68
12237,4941,6,1,274.62
12238,4941,34,2,35.16
12239,4941,13,1,71.35
12240,4942,59,2,23.44
12241,4942,52,1,33.23
12242,4942,10,2,236.19
12243,4942,50,1,53.01
12244,4943,54,1,5.86
12245,4943,39,3,59.27
12246,4943,41,2,116.68
12247,4943,49,2,88.65
12248,4944,22,2,41.98
12249,4944,8,1,175.41
12250,4945,43,1,37.07
12251,4946,46,2,167.04
12252,4946,24,2,42.02
12253,4947,30,3,30.51
12254,4947,19,1,116.13
12255,4947,20,2,102.52
12256,4947,42,1,76.5
12257,4948,3,1,42.57
12258,4949,57,1,21.3
12259,4949,32,3,13.9
12260,4950,15,2,42.56
12261,4950,7,3,97.14
12262,4951,57,1,22.42
12263,4951,25,1,41.66
12264,4952,25,3,41.66
12265,4953,6,1,289.07
12266,4953,49,1,88.65
12267,4953,43,3,37.07
12268,4954,11,2,62.04
12269,4954,40,2,58.6
12270,4954,23,2,32.35
12271,4955,51,3,4.82
12272,4955,45,1,174.61
12273,4955,48,1,101.61
12274,4955,26,2,84.32
12275,4956,48,2,101.61
12276,4956,54,3,5.57
12277,4956,27,3,58.96
12278,4956,55,3,25.2
12279,4957,18,1,124.11
12280,4957,23,1,34.05
12281,4957,8,1,175.41
12282,4958,11,3,62.04
12283,4958,32,2,13.9
12284,4958,7,1,97.14
12285,4959,59,1,24.67
12286,4959,21,3,69.32
12287,4959,53,3,8.54
12288,4960,60,3,13.97
12289,4960,17,3,63.23
12290,4960,15,1,42.56
12291,4960,33,3,35.23
12292,4961,34,3,35.16
12293,4961,60,2,13.97
12294,4961,12,1,120.17
12295,4961,11,1,62.04
12296,4962,54,2,5.57
12297,4962,25,2,41.66
12298,4962,49,3,88.65
12299,4963,29,1,17.72
12300,4963,41,2,116.68
12301,4963,49,2,88.65
12302,4964,3,3,40.44
12303,4964,47,3,130.34
12304,4965,52,1,34.98
12305,4965,33,2,35.23
12306,4965,6,3,289.07
12307,4966,32,1,13.21
12308,4966,51,2,5.07
12309,4966,22,2,41.98
12310,4966,25,1,39.58
12311,4967,33,3,35.23
12312,4967,48,1,96.53
12313,4967,23,1,34.05
12314,4968,5,1,167.38
12315,4968,23,2,34.05
12316,4969,44,3,75.69
12317,4970,6,2,289.07
12318,4970,7,3,97.14
12319,4970,28,1,9.66
12320,4970,21,3,69.32
12321,4971,2,1,118.54
12322,4971,40,3,58.6
12323,4971,52,3,34.98
12324,4971,36,3,10.41
12325,4972,2,1,118.54
12326,4972,54,2,5.86
12327,4972,10,1,236.19
12328,4973,23,1,32.35
12329,4973,3,3,42.57
12330,4973,35,3,6.33
12331,4974,42,3,76.5
12332,4975,59,2,24.67
12333,4975,51,2,5.07
12334,4975,44,3,71.91
12335,4976,37,2,13.06
12336,4976,13,1,71.35
12337,4976,6,3,289.07
12338,4976,47,1,130.34
12339,4977,37,3,13.06
12340,4977,4,3,343.75
12341,4977,35,1,6.33
12342,4977,33,2,35.23
12343,4978,51,3,4.82
12344,4978,23,3,34.05
12345,4979,40,3,58.6
12346,4979,11,3,62.04
12347,4979,24,2,42.02
12348,4980,49,1,88.65
12349,4980,27,2,58.96
12350,4980,12,3,120.17
12351,4981,42,2,76.5
12352,4981,17,1,63.23
12353,4981,35,1,6.33
12354,4982,16,2,117.45
12355,4982,12,1,120.17
12356,4982,42,2,76.5
12357,4982,37,3,13.06
12358,4983,57,2,22.42
12359,4984,52,1,34.98
12360,4984,13,3,71.35
12361,4985,4,1,343.75
12362,4986,19,2,116.13
12363,4986,27,2,58.96
12364,4986,11,2,62.04
12365,4987,45,1,174.61
12366,4987,47,3,123.82
12367,4987,7,3,97.14
12368,4988,21,2,69.32
12369,4988,55,2,25.2
12370,4989,23,3,34.05
12371,4989,16,1,117.45
12372,4990,43,3,37.07
12373,4990,60,2,13.97
12374,4990,18,2,124.11
12375,4991,18,3,124.11
12376,4991,3,3,42.57
12377,4992,51,3,5.07
12378,4993,40,2,58.6
12379,4994,25,1,41.66
12380,4994,22,2,41.98
12381,4994,24,2,42.02
12382,4995,60,1,13.97
12383,4995,26,3,84.32
12384,4996,10,2,224.38
12385,4996,29,1,17.72
12386,4996,21,2,69.32
12387,4996,41,2,116.68
12388,4997,2,3,112.61
12389,4998,35,1,6.33
12390,4998,6,3,289.07
12391,4998,55,2,25.2
12392,4998,40,3,58.6
12393,4999,3,2,42.57
12394,5000,41,2,116.68
12395,5000,6,2,289.07
12396,5001,16,3,117.45
12397,5001,13,2,71.35
12398,5002,56,2,15.32
12399,5002,24,3,42.02
12400,5002,52,1,33.23
12401,5003,19,2,116.13
12402,5003,2,3,118.54
12403,5004,49,1,88.65
12404,5004,36,3,10.96
12405,5004,18,2,124.11
12406,5004,7,2,97.14
12407,5005,37,3,13.06
12408,5005,8,3,175.41
12409,5005,59,2,24.67
12410,5005,56,2,15.32
12411,5006,5,3,176.19
12412,5006,23,2,34.05
12413,5006,18,1,124.11
12414,5007,4,1,343.75
12415,5008,37,2,13.06
12416,5009,33,1,33.47
12417,5010,60,2,13.97
12418,5010,9,3,247.25
12419,5010,46,3,167.04
12420,5011,14,3,37.35
12421,5011,5,2,176.19
12422,5011,27,1,58.96
12423,5011,52,3,34.98
12424,5012,2,2,118.54
12425,5012,33,1,35.23
12426,5012,25,3,41.66
12427,5013,17,1,63.23
12428,5013,16,3,117.45
12429,5013,27,2,56.01
12430,5014,36,1,10.96
12431,5015,57,3,22.42
12432,5015,23,2,34.05
12433,5015,32,3,13.9
12434,5016,17,3,63.23
12435,5016,24,2,42.02
12436,5016,33,2,35.23
12437,5017,39,3,59.27
12438,5017,21,3,65.85
12439,5017,58,3,21.46
12440,5017,40,1,58.6
12441,5018,50,2,53.01
12442,5018,23,1,32.35
12443,5018,42,3,76.5
12444,5018,53,1,8.99
12445,5019,46,2,167.04
12446,5020,30,2,30.51
12447,5020,45,1,174.61
12448,5020,12,1,120.17
12449,5020,29,3,17.72
12450,5021,15,1,40.43
12451,5021,44,3,75.69
12452,5021,28,1,9.66
12453,5022,44,2,75.69
12454,5022,49,1,88.65
12455,5023,37,3,12.41
12456,5023,27,2,58.96
12457,5023,3,3,42.57
12458,5023,18,3,124.11
12459,5024,29,3,17.72
12460,5024,56,3,15.32
12461,5024,3,2,42.57
12462,5025,53,3,8.99
12463,5025,55,3,25.2
12464,5025,51,2,4.82
12465,5025,10,3,236.19
12466,5026,26,3,84.32
12467,5026,23,2,34.05
12468,5026,39,3,59.27
12469,5027,53,2,8.99
12470,5028,55,1,25.2
12471,5029,51,3,5.07
12472,5029,33,1,33.47
12473,5029,3,3,42.57
12474,5029,14,3,37.35
12475,5030,6,1,289.07
12476,5030,41,1,116.68
12477,5030,57,3,22.42
12478,5031,42,1,76.5
12479,5031,9,3,247.25
12480,5031,15,1,42.56
12481,5032,60,2,13.97
12482,5032,56,1,15.32
12483,5033,54,3,5.86
12484,5034,15,2,42.56
12485,5034,57,1,22.42
12486,5035,1,3,166.25
12487,5035,31,3,34.1
12488,5035,51,1,5.07
12489,5036,3,2,42.57
12490,5036,10,1,236.19
12491,5036,44,1,75.69
12492,5037,60,2,13.27
12493,5037,8,2,175.41
12494,5038,41,1,116.68
12495,5038,33,3,35.23
12496,5039,21,1,69.32
12497,5040,28,2,9.18
12498,5040,8,2,175.41
12499,5040,42,1,76.5
12500,5041,53,3,8.99
12501,5041,33,2,35.23
12502,5041,1,1,166.25
12503,5042,36,3,10.96
12504,5042,59,3,24.67
12505,5042,58,1,21.46
12506,5042,33,2,35.23
12507,5043,28,2,9.66
12508,5043,8,3,175.41
12509,5043,37,1,13.06
12510,5043,33,3,35.23
12511,5044,30,3,30.51
12512,5044,5,1,176.19
12513,5044,52,2,34.98
12514,5045,42,2,76.5
12515,5045,20,3,102.52
12516,5045,22,1,41.98
12517,5046,7,3,97.14
12518,5046,33,1,35.23
12519,5047,56,2,15.32
12520,5047,2,2,112.61
12521,5047,34,1,35.16
12522,5048,9,3,247.25
12523,5048,27,2,58.96
12524,5048,8,1,175.41
12525,5048,41,3,116.68
12526,5049,38,2,38.97
12527,5049,15,3,42.56
12528,5049,19,1,110.32
12529,5049,2,1,118.54
12530,5050,35,2,6.33
12531,5050,48,3,96.53
12532,5050,38,1,38.97
12533,5050,16,3,117.45
12534,5051,19,3,116.13
12535,5051,59,2,24.67
12536,5051,25,3,39.58
12537,5052,25,3,41.66
12538,5053,30,2,30.51
12539,5053,48,3,101.61
12540,5054,40,2,58.6
12541,5055,12,1,120.17
12542,5055,29,3,17.72
12543,5055,23,3,34.05
12544,5056,26,1,84.32
12545,5056,16,3,117.45
12546,5057,14,3,39.32
12547,5057,21,2,69.32
12548,5057,40,2,58.6
12549,5058,59,3,24.67
12550,5058,32,3,13.9
12551,5059,19,3,116.13
12552,5059,40,3,58.6
12553,5059,41,2,116.68
12554,5060,44,2,75.69
12555,5060,15,1,42.56
12556,5060,21,3,69.32
12557,5060,55,1,25.2
12558,5061,45,3,174.61
12559,5061,30,1,30.51
12560,5062,40,2,58.6
12561,5062,44,3,75.69
12562,5063,21,2,69.32
12563,5063,57,2,22.42
12564,5063,60,3,13.27
12565,5064,4,3,343.75
12566,5064,43,1,37.07
12567,5064,7,1,97.14
12568,5064,14,2,39.32
12569,5065,20,1,102.52
12570,5065,45,3,174.61
12571,5066,28,2,9.66
12572,5067,5,3,176.19
12573,5067,18,3,124.11
12574,5068,7,2,97.14
12575,5069,28,2,9.18
12576,5069,3,1,42.57
12577,5070,38,3,37.02
12578,5070,59,2,24.67
12579,5070,4,2,343.75
12580,5071,60,2,13.97
12581,5071,6,3,289.07
12582,5071,56,3,15.32
12583,5072,39,2,59.27
12584,5072,38,1,38.97
12585,5072,29,3,17.72
12586,5073,23,1,34.05
12587,5073,31,1,34.1
12588,5073,17,3,63.23
12589,5073,42,2,72.67
12590,5074,13,1,71.35
12591,5074,55,2,25.2
12592,5074,53,3,8.99
12593,5074,27,3,58.96
12594,5075,49,3,88.65
12595,5075,28,3,9.66
12596,5075,16,2,117.45
12597,5076,53,3,8.99
12598,5077,17,2,63.23
12599,5077,27,1,58.96
12600,5077,54,2,5.86
12601,5077,36,3,10.96
12602,5078,19,3,116.13
12603,5078,3,3,42.57
12604,5078,11,1,62.04
12605,5078,10,3,236.19
12606,5079,49,2,88.65
12607,5079,12,3,120.17
12608,5079,52,3,34.98
12609,5080,54,2,5.57
12610,5080,27,2,58.96
12611,5080,38,2,38.97
12612,5081,57,3,22.42
12613,5082,59,2,24.67
12614,5082,52,3,34.98
12615,5082,42,2,76.5
12616,5082,55,2,25.2
12617,5083,15,2,42.56
12618,5083,42,3,76.5
12619,5083,6,3,274.62
12620,5084,36,3,10.96
12621,5084,54,1,5.86
12622,5084,60,1,13.27
12623,5085,11,1,62.04
12624,5085,13,1,71.35
12625,5085,26,2,84.32
12626,5085,47,1,130.34
12627,5086,22,2,41.98
12628,5086,4,3,343.75
12629,5086,47,1,130.34
12630,5086,44,2,75.69
12631,5087,11,2,62.04
12632,5087,36,2,10.96
12633,5087,53,1,8.99
12634,5088,17,1,63.23
12635,5088,34,2,33.4
12636,5088,28,1,9.66
12637,5088,21,2,69.32
12638,5089,51,3,5.07
12639,5089,17,3,63.23
12640,5089,21,3,69.32
12641,5090,48,3,101.61
12642,5090,3,2,40.44
12643,5090,50,3,53.01
12644,5090,6,2,289.07
12645,5091,37,2,12.41
12646,5091,28,1,9.66
12647,5092,50,2,50.36
12648,5092,26,1,84.32
12649,5092,38,1,38.97
12650,5092,24,2,39.92
12651,5093,22,1,39.88
12652,5094,36,3,10.96
12653,5094,51,3,5.07
12654,5095,31,1,34.1
12655,5095,10,3,236.19
12656,5095,47,2,130.34
12657,5095,57,2,22.42
12658,5096,20,2,102.52
12659,5097,55,2,25.2
12660,5098,32,3,13.9
12661,5098,47,2,130.34
12662,5099,7,1,97.14
12663,5099,44,1,75.69
12664,5099,19,2,116.13
12665,5100,15,3,42.56
12666,5100,14,1,37.35
12667,5100,19,1,116.13
12668,5100,8,2,175.41
12669,5101,30,2,30.51
12670,5101,50,3,53.01
12671,5101,22,3,41.98
12672,5102,32,1,13.9
12673,5103,58,2,20.39
12674,5104,37,1,12.41
12675,5104,17,2,63.23
12676,5104,3,1,42.57
12677,5105,10,3,224.38
12678,5105,7,2,97.14
12679,5105,48,1,96.53
12680,5106,60,2,13.97
12681,5107,42,1,76.5
12682,5107,7,1,97.14
12683,5107,24,1,42.02
12684,5108,48,3,101.61
12685,5108,18,2,124.11
12686,5108,45,1,174.61
12687,5108,19,2,116.13
12688,5109,60,2,13.97
12689,5109,29,1,17.72
12690,5109,50,1,53.01
12691,5110,18,3,124.11
12692,5110,55,2,25.2
12693,5111,47,3,130.34
12694,5111,42,2,72.67
12695,5112,58,2,21.46
12696,5112,17,3,63.23
12697,5112,46,2,158.69
12698,5112,25,2,41.66
12699,5113,42,3,76.5
12700,5114,17,2,63.23
12701,5114,59,2,24.67
12702,5114,54,3,5.57
12703,5114,25,1,41.66
12704,5115,2,2,118.54
12705,5115,31,1,34.1
12706,5115,23,1,34.05
12707,5115,8,2,175.41
12708,5116,35,3,6.33
12709,5116,10,3,236.19
12710,5117,2,3,118.54
12711,5117,11,3,62.04
12712,5117,1,1,166.25
12713,5118,1,2,166.25
12714,5119,47,2,130.34
12715,5119,33,2,35.23
12716,5119,15,1,42.56
12717,5119,52,3,34.98
12718,5120,60,3,13.97
12719,5121,36,2,10.96
12720,5122,2,1,112.61
12721,5122,45,3,174.61
12722,5122,56,2,14.55
12723,5123,6,1,274.62
12724,5123,43,2,37.07
12725,5123,23,3,32.35
12726,5124,45,1,174.61
12727,5125,46,1,167.04
12728,5125,3,1,42.57
12729,5125,4,2,326.56
12730,5126,39,1,59.27
12731,5126,33,1,35.23
12732,5126,52,3,34.98
12733,5126,26,2,84.32
12734,5127,35,2,6.33
12735,5128,5,1,176.19
12736,5128,28,1,9.66
12737,5128,31,3,34.1
12738,5129,9,3,234.89
12739,5129,8,1,175.41
12740,5129,53,2,8.99
12741,5129,49,3,88.65
12742,5130,24,2,42.02
12743,5131,32,2,13.9
12744,5132,35,2,6.33
12745,5132,49,1,88.65
12746,5132,9,1,247.25
12747,5132,14,3,39.32
12748,5133,23,2,34.05
12749,5134,24,2,42.02
12750,5135,47,3,123.82
12751,5135,2,2,118.54
12752,5136,28,3,9.66
12753,5136,2,1,118.54
12754,5137,14,3,39.32
12755,5137,52,3,34.98
12756,5137,13,2,71.35
12757,5138,30,1,30.51
12758,5138,10,3,236.19
12759,5138,53,3,8.99
12760,5139,60,3,13.97
12761,5139,8,2,175.41
12762,5139,46,2,167.04
12763,5140,56,1,15.32
12764,5140,54,3,5.86
12765,5140,49,1,88.65
12766,5140,45,2,165.88
12767,5141,48,3,101.61
12768,5142,20,2,102.52
12769,5142,8,3,175.41
12770,5142,48,2,101.61
12771,5142,44,3,75.69
12772,5143,47,3,123.82
12773,5144,12,2,120.17
12774,5145,22,1,41.98
12775,5146,42,1,72.67
12776,5146,30,3,30.51
12777,5146,16,3,117.45
12778,5147,24,2,42.02
12779,5147,10,1,236.19
12780,5147,5,2,176.19
12781,5148,24,2,39.92
12782,5148,55,3,25.2
12783,5148,35,1,6.01
12784,5149,39,1,59.27
12785,5149,31,2,34.1
12786,5150,53,2,8.99
12787,5150,29,2,17.72
12788,5150,43,1,35.22
12789,5151,29,2,17.72
12790,5151,17,2,60.07
12791,5152,51,3,5.07
12792,5152,25,2,41.66
12793,5152,14,2,39.32
12794,5153,21,2,69.32
12795,5153,23,2,34.05
12796,5153,3,2,42.57
12797,5153,46,2,167.04
12798,5154,7,2,97.14
12799,5155,26,2,84.32
12800,5155,20,1,102.52
12801,5155,1,1,166.25
12802,5156,7,1,97.14
12803,5157,58,1,21.46
12804,5157,54,2,5.57
12805,5157,31,2,34.1
12806,5158,35,3,6.33
12807,5158,29,2,17.72
12808,5158,42,3,76.5
12809,5158,46,1,167.04
12810,5159,37,2,13.06
12811,5160,53,3,8.99
12812,5160,52,3,34.98
12813,5160,58,1,20.39
12814,5161,50,3,53.01
12815,5162,27,2,58.96
12816,5162,30,2,30.51
12817,5162,11,1,58.94
12818,5162,19,3,116.13
12819,5163,41,1,116.68
12820,5163,33,3,35.23
12821,5164,15,1,42.56
12822,5164,48,1,101.61
12823,5164,16,1,111.58
12824,5165,23,2,34.05
12825,5166,37,1,13.06
12826,5166,17,3,63.23
12827,5166,49,3,88.65
12828,5166,41,2,116.68
12829,5167,13,1,71.35
12830,5167,33,1,35.23
12831,5168,59,1,24.67
12832,5168,7,3,97.14
12833,5168,51,1,5.07
12834,5168,26,3,80.1
12835,5169,43,3,37.07
12836,5169,22,1,41.98
12837,5169,9,3,247.25
12838,5170,18,1,117.9
12839,5170,57,2,22.42
12840,5170,20,2,102.52
12841,5170,11,1,62.04
12842,5171,5,2,176.19
12843,5171,21,1,69.32
12844,5171,43,1,37.07
12845,5172,40,1,55.67
12846,5172,48,1,101.61
12847,5172,50,1,53.01
12848,5173,60,2,13.97
12849,5174,32,1,13.21
12850,5175,58,3,21.46
12851,5175,40,2,58.6
12852,5175,17,2,63.23
12853,5175,8,2,175.41
12854,5176,44,1,75.69
12855,5176,20,2,102.52
12856,5176,60,2,13.97
12857,5177,45,2,174.61
12858,5178,2,3,118.54
12859,5178,52,3,34.98
12860,5179,30,3,30.51
12861,5179,22,3,39.88
12862,5179,24,1,42.02
12863,5179,21,2,69.32
12864,5180,51,3,5.07
12865,5180,52,1,34.98
12866,5181,4,1,343.75
12867,5181,7,3,97.14
12868,5182,19,3,116.13
12869,5182,26,3,84.32
12870,5183,23,1,34.05
12871,5184,27,2,58.96
12872,5184,23,1,34.05
12873,5184,20,3,97.39
12874,5185,33,3,35.23
12875,5185,44,1,75.69
12876,5185,55,2,25.2
12877,5185,25,2,41.66
12878,5186,43,2,35.22
12879,5186,36,2,10.96
12880,5187,17,3,63.23
12881,5187,23,3,34.05
12882,5187,4,1,343.75
12883,5187,49,2,88.65
12884,5188,41,1,110.85
12885,5188,33,3,35.23
12886,5188,7,3,97.14
12887,5189,57,1,22.42
12888,5190,60,3,13.97
12889,5190,33,3,35.23
12890,5190,12,1,120.17
12891,5190,41,3,116.68
12892,5191,52,3,34.98
12893,5191,6,3,289.07
12894,5192,1,2,166.25
12895,5192,35,3,6.33
12896,5192,53,2,8.99
12897,5192,33,3,35.23
12898,5193,40,3,58.6
12899,5193,14,1,39.32
12900,5193,30,3,30.51
12901,5193,33,3,35.23
12902,5194,22,3,41.98
12903,5194,51,3,5.07
12904,5194,44,1,71.91
12905,5195,42,1,76.5
12906,5196,5,2,176.19
12907,5196,51,2,4.82
12908,5196,56,3,15.32
12909,5196,14,2,37.35
12910,5197,25,3,39.58
12911,5197,37,1,13.06
12912,5198,12,1,114.16
12913,5198,47,2,130.34
12914,5198,11,2,62.04
12915,5199,2,1,112.61
12916,5199,15,2,42.56
12917,5200,25,2,41.66
12918,5200,32,1,13.9
12919,5200,57,2,22.42
12920,5201,33,1,35.23
12921,5201,60,2,13.27
12922,5201,4,2,343.75
12923,5201,46,1,167.04
12924,5202,20,2,102.52
12925,5202,36,3,10.96
12926,5203,3,1,42.57
12927,5203,39,2,59.27
12928,5203,30,2,30.51
12929,5203,42,1,72.67
12930,5204,5,2,176.19
12931,5204,11,2,62.04
12932,5204,12,1,120.17
12933,5204,57,1,22.42
12934,5205,27,2,58.96
12935,5205,15,1,42.56
12936,5205,41,2,116.68
12937,5205,34,2,35.16
12938,5206,9,2,247.25
12939,5207,18,1,124.11
12940,5207,57,2,22.42
12941,5208,7,3,97.14
12942,5208,41,2,116.68
12943,5208,55,3,25.2
12944,5208,12,1,120.17
12945,5209,40,1,55.67
12946,5209,19,1,110.32
12947,5209,12,1,120.17
12948,5209,58,1,21.46
12949,5210,48,1,96.53
12950,5210,2,1,118.54
12951,5210,10,3,236.19
12952,5211,29,2,17.72
12953,5211,54,3,5.86
12954,5211,10,3,236.19
12955,5211,43,1,37.07
12956,5212,44,3,75.69
12957,5212,1,1,166.25
12958,5212,52,2,34.98
12959,5212,19,1,116.13
12960,5213,38,1,38.97
12961,5214,3,1,42.57
12962,5214,14,2,39.32
12963,5214,55,3,25.2
12964,5214,11,3,62.04
12965,5215,29,3,17.72
12966,5216,9,1,247.25
12967,5216,19,3,116.13
12968,5217,18,2,124.11
12969,5218,40,1,58.6
12970,5218,57,1,22.42
12971,5218,31,2,34.1
12972,5219,37,3,13.06
12973,5219,5,2,176.19
12974,5220,52,3,34.98
12975,5220,35,1,6.33
12976,5221,18,3,117.9
12977,5222,36,1,10.96
12978,5222,9,2,247.25
12979,5222,48,1,101.61
12980,5223,39,1,56.31
12981,5224,26,3,84.32
12982,5225,33,2,35.23
12983,5226,15,1,42.56
12984,5226,49,1,88.65
12985,5226,5,1,176.19
12986,5226,29,2,17.72
12987,5227,23,3,34.05
12988,5227,4,3,343.75
12989,5228,47,3,130.34
12990,5228,15,2,42.56
12991,5228,24,1,42.02
12992,5229,2,2,118.54
12993,5230,12,2,120.17
12994,5230,27,1,58.96
12995,5230,36,3,10.96
12996,5231,21,2,69.32
12997,5232,36,1,10.96
12998,5232,14,2,39.32
12999,5232,48,2,96.53
13000,5233,9,1,247.25
13001,5234,11,2,62.04
13002,5234,47,1,130.34
13003,5235,52,1,34.98
13004,5235,44,1,75.69
13005,5235,41,2,110.85
13006,5235,27,1,56.01
13007,5236,39,3,59.27
13008,5236,49,2,88.65
13009,5236,38,3,38.97
13010,5236,7,3,97.14
13011,5237,5,3,167.38
13012,5237,32,2,13.9
13013,5237,15,1,42.56
13014,5238,43,1,35.22
13015,5238,11,3,62.04
13016,5238,7,3,92.28
13017,5239,41,2,116.68
13018,5240,28,3,9.18
13019,5240,31,3,34.1
13020,5241,58,1,21.46
13021,5241,21,3,65.85
13022,5241,36,1,10.96
13023,5241,22,3,41.98
13024,5242,17,3,60.07
13025,5243,36,2,10.96
13026,5243,4,3,343.75
13027,5243,39,2,59.27
13028,5244,32,2,13.9
13029,5244,54,3,5.86
13030,5244,20,3,102.52
13031,5244,13,2,71.35
13032,5245,15,2,42.56
13033,5245,52,2,34.98
13034,5245,48,1,101.61
13035,5245,31,3,32.4
13036,5246,32,1,13.9
13037,5246,30,2,30.51
13038,5246,23,3,34.05
13039,5247,2,2,112.61
13040,5247,37,1,13.06
13041,5247,48,3,101.61
13042,5248,58,3,21.46
13043,5248,33,1,35.23
13044,5249,20,3,102.52
13045,5250,20,1,102.52
13046,5250,46,2,167.04
13047,5250,32,2,13.9
13048,5251,14,2,37.35
13049,5251,38,2,38.97
13050,5251,18,1,124.11
13051,5251,41,2,116.68
13052,5252,19,3,116.13
13053,5253,16,2,117.45
13054,5253,4,2,326.56
13055,5253,29,2,17.72
13056,5253,1,1,166.25
13057,5254,29,1,17.72
13058,5254,33,2,35.23
13059,5255,3,2,42.57
13060,5255,50,3,53.01
13061,5255,34,2,35.16
13062,5255,45,3,174.61
13063,5256,13,2,71.35
13064,5257,56,3,15.32
13065,5258,58,3,21.46
13066,5258,36,1,10.96
13067,5258,55,3,23.94
13068,5258,49,3,88.65
13069,5259,57,1,21.3
13070,5259,15,2,42.56
13071,5259,58,3,21.46
13072,5259,1,1,166.25
13073,5260,28,1,9.66
13074,5260,23,2,34.05
13075,5260,50,3,53.01
13076,5260,33,2,35.23
13077,5261,22,1,39.88
13078,5262,37,1,13.06
13079,5263,56,1,15.32
13080,5264,24,1,42.02
13081,5264,49,2,88.65
13082,5264,22,1,39.88
13083,5265,38,1,38.97
13084,5265,3,1,40.44
13085,5265,27,1,58.96
13086,5265,24,3,42.02
13087,5266,55,2,25.2
13088,5266,14,1,39.32
13089,5266,5,1,176.19
13090,5266,45,2,165.88
13091,5267,16,1,117.45
13092,5267,28,3,9.18
13093,5267,12,1,120.17
13094,5268,29,1,17.72
13095,5269,55,1,25.2
13096,5269,32,3,13.9
13097,5269,14,3,39.32
13098,5270,7,2,97.14
13099,5270,33,1,35.23
13100,5271,4,2,343.75
13101,5271,39,2,59.27
13102,5271,53,3,8.99
13103,5271,29,1,17.72
13104,5272,22,2,41.98
13105,5272,55,3,25.2
13106,5272,52,3,33.23
13107,5272,59,1,24.67
13108,5273,53,2,8.99
13109,5273,4,2,343.75
13110,5273,10,1,236.19
13111,5274,33,1,35.23
13112,5275,15,3,42.56
13113,5276,19,1,110.32
13114,5277,11,2,62.04
13115,5277,33,2,35.23
13116,5277,35,3,6.33
13117,5277,47,2,130.34
13118,5278,7,3,97.14
13119,5278,2,1,118.54
13120,5278,27,3,58.96
13121,5278,29,3,17.72
13122,5279,40,2,58.6
13123,5280,26,3,84.32
13124,5280,46,1,167.04
13125,5281,34,2,35.16
13126,5282,36,3,10.96
13127,5282,60,1,13.97
13128,5282,20,1,102.52
13129,5283,47,2,130.34
13130,5283,38,3,38.97
13131,5283,26,2,84.32
13132,5283,7,2,97.14
13133,5284,43,3,35.22
13134,5285,29,2,16.83
13135,5286,49,2,88.65
13136,5286,10,1,236.19
13137,5286,16,1,117.45
13138,5286,23,2,34.05
13139,5287,56,1,15.32
13140,5287,27,2,58.96
13141,5287,9,3,247.25
13142,5288,4,2,326.56
13143,5288,47,1,130.34
13144,5288,17,2,63.23
13145,5289,29,2,16.83
13146,5290,52,3,34.98
13147,5290,1,1,166.25
13148,5290,40,2,58.6
13149,5291,4,1,343.75
13150,5291,53,3,8.99
13151,5292,20,3,102.52
13152,5292,11,3,62.04
13153,5292,53,2,8.99
13154,5292,14,3,39.32
13155,5293,50,3,53.01
13156,5293,56,3,15.32
13157,5294,51,3,5.07
13158,5294,2,3,118.54
13159,5295,15,3,42.56
13160,5295,7,2,97.14
13161,5296,42,3,76.5
13162,5297,27,2,58.96
13163,5297,29,1,16.83
13164,5297,58,1,21.46
13165,5297,10,2,236.19
13166,5298,59,3,24.67
13167,5298,57,1,22.42
13168,5299,45,2,165.88
13169,5299,56,2,15.32
13170,5299,47,3,130.34
13171,5299,10,1,236.19
13172,5300,14,2,39.32
13173,5300,13,2,71.35
13174,5300,15,2,42.56
13175,5300,18,2,124.11
13176,5301,56,3,15.32
13177,5301,17,3,63.23
13178,5301,7,2,97.14
13179,5302,55,2,25.2
13180,5302,5,3,176.19
13181,5303,27,1,56.01
13182,5304,60,1,13.97
13183,5304,35,2,6.33
13184,5305,56,2,14.55
13185,5305,20,1,102.52
13186,5305,45,3,165.88
13187,5306,28,1,9.66
13188,5306,57,3,22.42
13189,5306,44,2,75.69
13190,5307,53,2,8.99
13191,5307,7,1,97.14
13192,5307,5,2,167.38
13193,5308,33,1,35.23
13194,5308,26,3,84.32
13195,5308,56,1,14.55
13196,5308,47,1,130.34
13197,5309,3,1,42.57
13198,5309,15,2,40.43
13199,5310,25,3,39.58
13200,5310,3,2,42.57
13201,5311,38,3,38.97
13202,5311,9,1,234.89
13203,5311,46,1,167.04
13204,5311,20,1,102.52
13205,5312,22,1,41.98
13206,5313,60,2,13.97
13207,5313,39,3,59.27
13208,5313,40,1,58.6
13209,5313,2,2,112.61
13210,5314,36,1,10.96
13211,5314,37,3,12.41
13212,5314,25,3,41.66
13213,5315,18,2,124.11
13214,5316,4,1,343.75
13215,5316,58,1,21.46
13216,5316,8,3,175.41
13217,5317,15,3,42.56
13218,5318,4,3,343.75
13219,5319,37,3,13.06
13220,5319,8,1,175.41
13221,5319,42,3,76.5
13222,5320,50,3,50.36
13223,5320,52,3,34.98
13224,5321,37,3,13.06
13225,5321,28,1,9.18
13226,5321,11,2,62.04
13227,5321,60,2,13.97
13228,5322,37,3,13.06
13229,5323,42,3,76.5
13230,5323,23,2,34.05
13231,5324,37,3,13.06
13232,5325,2,1,118.54
13233,5325,13,2,71.35
13234,5325,15,2,42.56
13235,5325,10,1,224.38
13236,5326,24,3,42.02
13237,5326,49,3,88.65
13238,5327,50,2,53.01
13239,5327,21,2,69.32
13240,5327,24,1,39.92
13241,5328,59,3,24.67
13242,5328,17,3,63.23
13243,5328,7,3,97.14
13244,5329,47,1,123.82
13245,5329,38,1,38.97
13246,5329,6,2,289.07
13247,5330,37,2,13.06
13248,5330,27,3,58.96
13249,5331,24,1,39.92
13250,5331,37,3,13.06
13251,5331,6,3,289.07
13252,5331,11,1,62.04
13253,5332,27,2,58.96
13254,5333,27,2,58.96
13255,5334,35,3,6.01
13256,5334,57,2,22.42
13257,5335,52,2,34.98
13258,5336,49,1,88.65
13259,5337,59,3,24.67
13260,5337,2,1,118.54
13261,5337,25,3,41.66
13262,5337,37,2,13.06
13263,5338,39,3,59.27
13264,5338,6,3,289.07
13265,5338,31,3,34.1
13266,5339,13,1,71.35
13267,5339,41,3,110.85
13268,5340,47,3,130.34
13269,5340,42,1,76.5
13270,5340,8,2,175.41
13271,5340,49,3,84.22
13272,5341,30,1,30.51
13273,5341,59,1,24.67
13274,5341,1,3,157.94
13275,5342,14,2,39.32
13276,5343,48,3,101.61
13277,5343,22,2,41.98
13278,5343,54,3,5.86
13279,5343,30,3,30.51
13280,5344,40,3,58.6
13281,5344,14,2,39.32
13282,5344,42,1,76.5
13283,5344,18,2,124.11
13284,5345,17,1,60.07
13285,5345,11,3,62.04
13286,5345,2,3,118.54
13287,5346,26,1,80.1
13288,5346,35,2,6.33
13289,5346,32,1,13.9
13290,5346,49,3,88.65
13291,5347,36,2,10.96
13292,5347,14,1,39.32
13293,5348,53,3,8.99
13294,5348,5,1,176.19
13295,5348,40,2,58.6
13296,5348,10,2,236.19
13297,5349,36,1,10.96
13298,5349,42,3,76.5
13299,5349,9,1,234.89
13300,5349,40,3,58.6
13301,5350,25,1,41.66
13302,5351,16,3,117.45
13303,5352,34,1,35.16
13304,5352,47,1,130.34
13305,5353,4,2,343.75
13306,5354,26,3,80.1
13307,5355,8,1,175.41
13308,5356,47,1,130.34
13309,5356,37,3,13.06
13310,5357,10,1,236.19
13311,5357,21,2,69.32
13312,5358,47,3,130.34
13313,5358,31,2,32.4
13314,5358,24,1,42.02
13315,5359,36,1,10.96
13316,5360,33,2,35.23
13317,5360,49,3,88.65
13318,5361,30,3,30.51
13319,5361,5,3,176.19
13320,5362,6,1,289.07
13321,5362,52,3,34.98
13322,5362,55,3,25.2
13323,5362,34,3,35.16
13324,5363,30,1,30.51
13325,5363,31,2,34.1
13326,5364,35,1,6.33
13327,5365,52,1,33.23
13328,5365,55,3,23.94
13329,5365,39,2,56.31
13330,5366,34,3,35.16
13331,5367,49,2,88.65
13332,5368,22,3,41.98
13333,5368,17,3,63.23
13334,5369,42,3,76.5
13335,5369,23,2,34.05
13336,5369,55,3,25.2
13337,5370,40,3,58.6
13338,5370,44,1,75.69
13339,5370,27,3,58.96
13340,5371,36,3,10.96
13341,5371,39,1,59.27
13342,5371,51,2,5.07
13343,5372,54,2,5.86
13344,5372,46,2,167.04
13345,5372,17,2,63.23
13346,5373,55,3,25.2
13347,5373,40,2,58.6
13348,5373,41,3,110.85
13349,5373,2,3,118.54
13350,5374,48,1,101.61
13351,5375,40,1,55.67
13352,5376,40,3,55.67
13353,5376,21,1,69.32
13354,5377,27,3,58.96
13355,5377,37,1,13.06
13356,5377,33,2,35.23
13357,5377,34,3,35.16
13358,5378,51,3,5.07
13359,5378,39,1,59.27
13360,5379,10,1,236.19
13361,5379,56,3,15.32
13362,5379,7,2,97.14
13363,5380,17,2,63.23
13364,5380,34,2,35.16
13365,5381,48,3,101.61
13366,5381,23,2,34.05
13367,5382,11,3,62.04
13368,5383,18,2,124.11
13369,5384,43,3,37.07
13370,5385,4,2,343.75
13371,5385,49,2,88.65
13372,5385,51,3,5.07
13373,5386,48,1,101.61
13374,5386,6,2,289.07
13375,5386,17,1,63.23
13376,5386,41,2,116.68
13377,5387,51,3,4.82
13378,5387,4,1,326.56
13379,5387,8,1,175.41
13380,5387,52,1,34.98
13381,5388,57,3,22.42
13382,5388,30,3,30.51
13383,5389,45,3,174.61
13384,5390,19,2,116.13
13385,5390,42,2,76.5
13386,5390,2,3,118.54
13387,5391,4,2,343.75
13388,5392,21,2,69.32
13389,5392,50,1,53.01
13390,5392,36,2,10.96
13391,5393,12,2,120.17
13392,5393,44,1,71.91
13393,5393,38,3,38.97
13394,5394,8,3,166.64
13395,5394,19,1,116.13
13396,5394,33,2,33.47
13397,5394,35,1,6.33
13398,5395,6,2,289.07
13399,5395,16,3,117.45
13400,5396,46,3,167.04
13401,5396,54,2,5.86
13402,5397,34,1,35.16
13403,5398,48,1,101.61
13404,5398,25,1,41.66
13405,5398,37,1,13.06
13406,5399,3,3,42.57
13407,5399,41,1,116.68
13408,5399,45,3,174.61
13409,5399,25,1,41.66
13410,5400,50,2,53.01
13411,5400,35,1,6.33
13412,5400,24,1,39.92
13413,5401,9,1,247.25
13414,5401,31,1,32.4
13415,5401,28,1,9.66
13416,5402,54,3,5.86
13417,5402,7,3,97.14
13418,5403,33,3,35.23
13419,5403,45,2,165.88
13420,5403,5,1,176.19
13421,5404,54,3,5.86
13422,5404,19,2,116.13
13423,5405,12,3,120.17
13424,5405,5,1,167.38
13425,5405,47,1,130.34
13426,5405,3,3,42.57
13427,5406,6,2,289.07
13428,5406,2,2,112.61
13429,5406,56,1,15.32
13430,5407,45,2,174.61
13431,5407,36,1,10.96
13432,5408,58,2,21.46
13433,5408,31,2,34.1
13434,5409,48,1,101.61
13435,5409,18,1,124.11
13436,5410,42,3,76.5
13437,5410,43,2,37.07
13438,5410,24,1,42.02
13439,5410,14,2,39.32
13440,5411,8,3,175.41
13441,5411,35,2,6.33
13442,5412,10,3,236.19
13443,5412,38,1,38.97
13444,5413,54,2,5.86
13445,5413,35,3,6.33
13446,5414,10,2,236.19
13447,5414,16,3,117.45
13448,5414,57,3,22.42
13449,5414,55,2,25.2
13450,5415,39,1,59.27
13451,5415,53,2,8.99
13452,5415,56,3,14.55
13453,5415,17,1,63.23
13454,5416,41,2,116.68
13455,5416,53,1,8.99
13456,5416,2,1,118.54
13457,5416,21,2,69.32
13458,5417,13,2,71.35
13459,5417,18,2,124.11
13460,5417,53,2,8.99
13461,5417,42,1,76.5
13462,5418,51,3,5.07
13463,5418,59,1,24.67
13464,5419,14,2,39.32
13465,5419,53,3,8.99
13466,5420,17,1,63.23
13467,5420,56,2,15.32
13468,5421,36,3,10.96
13469,5421,46,2,158.69
13470,5421,26,3,84.32
13471,5422,57,2,22.42
13472,5422,15,3,42.56
13473,5422,34,2,35.16
13474,5423,55,1,25.2
13475,5423,45,3,174.61
13476,5424,19,3,116.13
13477,5425,26,1,80.1
13478,5426,49,1,88.65
13479,5426,56,3,15.32
13480,5426,48,3,101.61
13481,5426,57,2,21.3
13482,5427,19,1,116.13
13483,5427,3,1,42.57
13484,5427,33,2,35.23
13485,5428,7,1,97.14
13486,5429,22,2,41.98
13487,5429,37,2,13.06
13488,5429,6,3,289.07
13489,5430,18,3,124.11
13490,5430,4,3,343.75
13491,5431,42,2,76.5
13492,5431,7,3,97.14
13493,5431,40,2,58.6
13494,5431,36,2,10.96
13495,5432,49,2,84.22
13496,5432,2,1,118.54
13497,5433,21,1,69.32
13498,5433,3,3,42.57
13499,5434,39,3,59.27
13500,5434,35,3,6.33
13501,5435,12,3,120.17
13502,5435,44,3,75.69
13503,5436,2,3,118.54
13504,5436,23,1,34.05
13505,5436,56,2,15.32
13506,5437,21,2,69.32
13507,5437,46,3,167.04
13508,5437,24,1,42.02
13509,5437,60,3,13.97
13510,5438,33,1,35.23
13511,5439,27,1,58.96
13512,5439,2,1,118.54
13513,5439,10,3,236.19
13514,5439,49,2,88.65
13515,5440,41,2,116.68
13516,5440,17,3,63.23
13517,5440,24,2,42.02
13518,5441,3,1,42.57
13519,5441,14,1,39.32
13520,5442,32,3,13.9
13521,5442,28,1,9.18
13522,5442,56,2,15.32
13523,5443,58,2,20.39
13524,5443,37,3,13.06
13525,5443,20,1,102.52
13526,5443,39,3,59.27
13527,5444,6,1,289.07
13528,5444,2,1,118.54
13529,5444,43,3,37.07
13530,5445,28,3,9.66
13531,5445,12,2,114.16
13532,5446,41,2,116.68
13533,5447,54,1,5.86
13534,5448,35,1,6.33
13535,5448,1,3,166.25
13536,5448,2,1,118.54
13537,5449,42,1,76.5
13538,5449,57,1,21.3
13539,5449,45,1,174.61
13540,5450,57,1,22.42
13541,5450,52,2,34.98
13542,5451,21,2,69.32
13543,5451,38,3,38.97
13544,5452,52,3,34.98
13545,5453,48,2,101.61
13546,5453,60,2,13.97
13547,5453,17,2,63.23
13548,5454,40,2,58.6
13549,5454,54,3,5.86
13550,5454,24,3,42.02
13551,5454,47,3,130.34
13552,5455,31,2,34.1
13553,5455,20,3,102.52
13554,5455,54,3,5.86
13555,5456,53,3,8.99
13556,5456,9,2,247.25
13557,5456,50,2,53.01
13558,5456,35,3,6.33
13559,5457,11,2,58.94
13560,5457,26,2,84.32
13561,5458,20,2,102.52
13562,5459,55,3,25.2
13563,5460,55,3,23.94
13564,5460,15,2,42.56
13565,5460,12,2,120.17
13566,5460,24,1,42.02
13567,5461,20,1,102.52
13568,5461,26,1,84.32
13569,5461,30,1,30.51
13570,5462,31,1,32.4
13571,5463,40,3,58.6
13572,5464,16,1,117.45
13573,5464,14,1,39.32
13574,5464,26,2,84.32
13575,5464,21,1,69.32
13576,5465,55,2,25.2
13577,5466,2,3,118.54
13578,5467,40,2,58.6
13579,5468,58,3,21.46
13580,5468,19,3,116.13
13581,5468,23,1,34.05
13582,5468,44,3,75.69
13583,5469,26,2,84.32
13584,5469,41,2,116.68
13585,5470,39,1,59.27
13586,5470,7,1,97.14
13587,5471,3,1,40.44
13588,5471,2,3,118.54
13589,5472,27,3,58.96
13590,5472,57,2,22.42
13591,5472,6,1,289.07
13592,5473,34,1,35.16
13593,5473,32,1,13.9
13594,5473,5,2,176.19
13595,5473,11,3,62.04
13596,5474,50,2,53.01
13597,5475,31,2,32.4
13598,5475,29,3,17.72
13599,5476,54,1,5.86
13600,5476,1,2,166.25
13601,5477,53,1,8.99
13602,5477,41,1,116.68
13603,5477,34,1,33.4
13604,5477,11,2,62.04
13605,5478,47,3,130.34
13606,5478,51,3,5.07
13607,5479,15,1,42.56
13608,5479,28,2,9.66
13609,5479,9,2,247.25
13610,5479,18,2,124.11
13611,5480,35,1,6.33
13612,5480,50,1,53.01
13613,5480,25,3,41.66
13614,5481,12,1,120.17
13615,5481,26,2,80.1
13616,5482,27,3,58.96
13617,5482,54,3,5.57
13618,5483,14,3,39.32
13619,5483,21,1,69.32
13620,5483,47,3,130.34
13621,5484,12,1,120.17
13622,5485,56,1,15.32
13623,5485,5,2,176.19
13624,5485,33,1,35.23
13625,5486,11,2,62.04
13626,5486,37,3,13.06
13627,5486,22,3,41.98
13628,5487,35,1,6.33
13629,5487,41,2,116.68
13630,5487,23,2,34.05
13631,5487,44,1,75.69
13632,5488,14,2,39.32
13633,5488,59,3,24.67
13634,5489,20,1,102.52
13635,5489,42,2,76.5
13636,5489,44,1,75.69
13637,5489,23,2,34.05
13638,5490,25,2,41.66
13639,5490,43,1,37.07
13640,5490,34,2,35.16
13641,5490,56,3,15.32
13642,5491,8,3,175.41
13643,5491,5,3,176.19
13644,5491,59,2,24.67
13645,5492,47,1,130.34
13646,5493,39,1,59.27
13647,5493,44,1,75.69
13648,5493,1,3,157.94
13649,5494,15,1,42.56
13650,5494,32,2,13.9
13651,5494,31,1,32.4
13652,5494,24,2,42.02
13653,5495,57,2,22.42
13654,5495,14,1,39.32
13655,5496,56,2,15.32
13656,5496,16,2,117.45
13657,5496,43,2,37.07
13658,5496,49,2,88.65
13659,5497,48,1,101.61
13660,5498,9,2,247.25
13661,5499,52,2,34.98
13662,5499,60,2,13.97
13663,5499,25,1,41.66
13664,5500,56,2,15.32
13665,5500,20,2,97.39
13666,5500,45,3,174.61
13667,5501,53,2,8.99
13668,5501,22,3,41.98
13669,5501,60,2,13.97
13670,5501,26,1,84.32
13671,5502,54,2,5.86
13672,5502,18,2,124.11
13673,5502,47,1,130.34
13674,5503,14,3,39.32
13675,5503,25,3,41.66
13676,5503,17,1,60.07
13677,5503,32,3,13.9
13678,5504,19,2,116.13
13679,5504,2,3,118.54
13680,5505,43,1,37.07
13681,5505,13,1,71.35
13682,5505,4,1,343.75
13683,5506,47,2,130.34
13684,5506,29,2,17.72
13685,5506,46,1,167.04
13686,5506,45,2,165.88
13687,5507,48,2,101.61
13688,5507,8,2,175.41
13689,5507,11,1,62.04
13690,5508,36,2,10.41
13691,5508,7,3,97.14
13692,5508,31,3,34.1
13693,5508,35,3,6.33
13694,5509,56,1,15.32
13695,5509,59,3,24.67
13696,5510,5,2,176.19
13697,5510,13,1,71.35
13698,5510,16,1,117.45
13699,5510,57,1,22.42
13700,5511,11,3,62.04
13701,5512,55,3,25.2
13702,5513,57,3,22.42
13703,5513,42,3,72.67
13704,5514,59,3,24.67
13705,5514,49,2,88.65
13706,5514,4,2,343.75
13707,5514,9,1,247.25
13708,5515,18,2,124.11
13709,5516,51,1,5.07
13710,5516,37,2,13.06
13711,5516,11,1,62.04
13712,5517,8,1,175.41
13713,5517,42,3,76.5
13714,5517,56,3,15.32
13715,5518,11,1,58.94
13716,5518,18,1,124.11
13717,5519,41,3,110.85
13718,5519,33,2,35.23
13719,5519,55,3,25.2
13720,5519,57,3,22.42
13721,5520,38,2,38.97
13722,5520,44,2,71.91
13723,5521,9,2,247.25
13724,5521,57,3,21.3
13725,5521,47,2,130.34
13726,5521,28,2,9.66
13727,5522,39,3,59.27
13728,5523,27,3,56.01
13729,5523,35,1,6.33
13730,5523,58,1,21.46
13731,5523,28,1,9.18
13732,5524,36,2,10.96
13733,5525,38,1,38.97
13734,5526,58,2,21.46
13735,5526,16,1,117.45
13736,5526,40,1,58.6
13737,5527,28,1,9.66
13738,5528,53,2,8.99
13739,5528,4,3,343.75
13740,5528,26,1,84.32
13741,5529,42,3,76.5
13742,5529,38,1,38.97
13743,5530,50,1,53.01
13744,5530,39,2,59.27
13745,5531,30,3,30.51
13746,5531,24,1,42.02
13747,5531,23,1,34.05
13748,5532,42,2,72.67
13749,5532,32,3,13.9
13750,5532,13,1,71.35
13751,5533,18,3,124.11
13752,5533,8,2,175.41
13753,5533,45,3,174.61
13754,5534,41,1,110.85
13755,5534,36,1,10.96
13756,5534,15,2,42.56
13757,5534,5,1,176.19
13758,5535,52,3,34.98
13759,5535,27,3,58.96
13760,5535,28,2,9.66
13761,5536,57,2,22.42
13762,5536,16,2,117.45
13763,5537,33,2,35.23
13764,5537,24,3,39.92
13765,5537,19,1,116.13
13766,5538,24,1,42.02
13767,5539,5,3,176.19
13768,5539,18,1,124.11
13769,5539,32,1,13.9
13770,5540,50,3,53.01
13771,5540,17,2,63.23
13772,5540,29,1,17.72
13773,5540,23,3,34.05
13774,5541,57,1,22.42
13775,5541,18,3,124.11
13776,5541,6,3,289.07
13777,5542,51,2,5.07
13778,5543,3,2,42.57
13779,5543,37,2,13.06
13780,5544,16,2,117.45
13781,5544,44,3,75.69
13782,5544,15,2,42.56
13783,5544,29,2,17.72
13784,5545,12,2,120.17
13785,5545,27,1,56.01
13786,5545,29,2,17.72
13787,5546,33,2,35.23
13788,5546,21,1,69.32
13789,5546,26,1,84.32
13790,5546,23,3,34.05
13791,5547,60,2,13.27
13792,5547,45,2,174.61
13793,5548,23,2,34.05
13794,5548,53,3,8.99
13795,5548,45,3,174.61
13796,5548,49,3,88.65
13797,5549,2,3,112.61
13798,5550,49,1,88.65
13799,5550,57,3,22.42
13800,5550,6,1,289.07
13801,5551,14,2,39.32
13802,5552,38,3,38.97
13803,5552,16,2,117.45
13804,5552,43,2,37.07
13805,5553,32,1,13.9
13806,5554,2,1,118.54
13807,5554,22,1,39.88
13808,5554,4,3,343.75
13809,5554,31,2,32.4
13810,5555,7,2,97.14
13811,5555,17,1,63.23
13812,5555,44,2,75.69
13813,5556,41,1,116.68
13814,5556,33,3,35.23
13815,5556,37,2,13.06
13816,5556,58,2,21.46
13817,5557,3,1,42.57
13818,5557,16,3,117.45
13819,5557,6,2,289.07
13820,5557,20,3,102.52
13821,5558,46,1,167.04
13822,5558,6,2,289.07
13823,5558,60,2,13.97
13824,5559,19,2,116.13
13825,5560,25,1,41.66
13826,5560,52,1,34.98
13827,5560,30,2,30.51
13828,5560,19,3,116.13
13829,5561,22,1,39.88
13830,5561,33,3,35.23
13831,5561,30,3,30.51
13832,5562,27,3,56.01
13833,5563,38,1,38.97
13834,5564,45,2,174.61
13835,5565,1,1,166.25
13836,5566,8,1,175.41
13837,5566,43,1,37.07
13838,5567,51,1,5.07
13839,5568,23,1,34.05
13840,5568,3,1,42.57
13841,5568,57,2,22.42
13842,5569,51,1,5.07
13843,5570,51,2,5.07
13844,5571,49,2,88.65
13845,5571,54,3,5.57
13846,5572,43,2,37.07
13847,5572,19,3,116.13
13848,5572,54,2,5.86
13849,5573,17,3,63.23
13850,5574,19,1,116.13
13851,5574,55,2,25.2
13852,5575,28,1,9.66
13853,5575,35,1,6.33
13854,5575,26,2,84.32
13855,5575,59,1,24.67
13856,5576,18,2,117.9
13857,5576,8,1,166.64
13858,5576,19,1,116.13
13859,5576,28,1,9.66
13860,5577,7,2,92.28
13861,5577,39,1,59.27
13862,5577,15,2,42.56
13863,5577,49,2,84.22
13864,5578,38,1,37.02
13865,5578,12,2,120.17
13866,5578,37,1,12.41
13867,5578,56,1,15.32
13868,5579,44,1,71.91
13869,5579,30,3,28.98
13870,5579,13,1,71.35
13871,5579,55,2,25.2
13872,5580,13,2,71.35
13873,5581,32,2,13.9
13874,5582,26,1,84.32
13875,5582,43,2,37.07
13876,5583,50,1,50.36
13877,5583,6,2,274.62
13878,5583,42,1,76.5
13879,5583,23,2,34.05
13880,5584,7,1,97.14
13881,5585,14,1,37.35
13882,5585,38,1,38.97
13883,5586,23,1,34.05
13884,5586,57,2,22.42
13885,5586,55,3,25.2
13886,5587,23,3,34.05
13887,5587,24,3,42.02
13888,5587,29,2,16.83
13889,5588,15,3,42.56
13890,5588,48,3,101.61
13891,5588,20,3,97.39
13892,5589,7,3,97.14
13893,5589,12,2,120.17
13894,5589,31,1,34.1
13895,5590,46,3,167.04
13896,5590,43,1,37.07
13897,5590,16,1,117.45
13898,5590,30,2,28.98
13899,5591,29,3,16.83
13900,5591,17,2,63.23
13901,5591,40,3,55.67
13902,5591,50,3,53.01
13903,5592,26,1,84.32
13904,5592,4,3,343.75
13905,5592,60,3,13.97
13906,5592,5,1,176.19
13907,5593,16,2,117.45
13908,5593,50,3,53.01
13909,5593,5,3,176.19
13910,5594,5,2,176.19
13911,5595,23,1,34.05
13912,5595,19,3,116.13
13913,5595,52,2,34.98
13914,5596,60,3,13.97
13915,5596,10,1,236.19
13916,5596,49,2,88.65
13917,5596,25,1,41.66
13918,5597,15,1,42.56
13919,5597,23,2,32.35
13920,5597,22,1,41.98
13921,5597,21,1,69.32
13922,5598,27,2,58.96
13923,5598,38,1,38.97
13924,5598,30,3,30.51
13925,5599,10,1,236.19
13926,5599,8,2,175.41
13927,5599,41,3,116.68
13928,5599,4,2,343.75
13929,5600,7,1,97.14
13930,5601,24,3,42.02
13931,5601,16,2,117.45
13932,5601,40,1,58.6
13933,5602,19,3,116.13
13934,5602,16,3,117.45
13935,5602,38,1,37.02
13936,5602,42,3,76.5
13937,5603,29,1,17.72
13938,5603,30,1,30.51
13939,5603,11,2,62.04
13940,5603,19,1,116.13
13941,5604,57,2,22.42
13942,5604,31,2,34.1
13943,5604,40,3,58.6
13944,5605,30,2,30.51
13945,5605,25,2,41.66
13946,5605,3,1,42.57
13947,5605,37,2,13.06
13948,5606,27,2,58.96
13949,5607,47,3,123.82
13950,5607,6,2,289.07
13951,5607,28,2,9.66
13952,5607,19,2,116.13
13953,5608,51,3,5.07
13954,5609,7,1,97.14
13955,5610,12,2,120.17
13956,5611,31,3,34.1
13957,5611,57,1,22.42
13958,5611,20,2,97.39
13959,5612,6,3,289.07
13960,5612,55,1,25.2
13961,5612,19,1,116.13
13962,5612,4,2,343.75
13963,5613,10,1,224.38
13964,5613,34,2,35.16
13965,5613,20,2,102.52
13966,5614,42,2,76.5
13967,5614,19,3,116.13
13968,5614,17,3,63.23
13969,5614,20,3,102.52
13970,5615,30,3,30.51
13971,5615,36,2,10.41
13972,5615,43,1,37.07
13973,5616,59,1,24.67
13974,5617,26,3,84.32
13975,5617,40,3,58.6
13976,5618,2,1,118.54
13977,5618,19,1,116.13
13978,5618,34,1,35.16
13979,5619,8,3,175.41
13980,5620,21,3,65.85
13981,5620,56,2,15.32
13982,5620,25,2,41.66
13983,5621,34,1,35.16
13984,5621,38,1,37.02
13985,5621,31,1,32.4
13986,5622,58,3,21.46
13987,5622,27,3,58.96
13988,5623,27,1,58.96
13989,5623,14,3,37.35
13990,5623,16,2,117.45
13991,5624,56,2,15.32
13992,5624,53,1,8.99
13993,5624,60,2,13.97
13994,5625,13,1,71.35
13995,5625,18,2,124.11
13996,5625,57,2,22.42
13997,5626,3,3,42.57
13998,5626,48,1,101.61
13999,5626,17,1,63.23
14000,5627,48,1,101.61
14001,5627,23,1,34.05
14002,5627,13,1,71.35
14003,5627,31,1,32.4
14004,5628,59,3,24.67
14005,5628,45,1,174.61
14006,5628,22,1,41.98
14007,5629,60,3,13.27
14008,5629,22,1,39.88
14009,5629,30,2,28.98
14010,5629,10,2,236.19
14011,5630,46,3,167.04
14012,5631,35,1,6.33
14013,5631,45,1,174.61
14014,5631,43,1,35.22
14015,5632,5,2,176.19
14016,5632,58,2,21.46
14017,5633,6,1,289.07
14018,5633,47,2,130.34
14019,5633,36,3,10.96
14020,5633,55,1,25.2
14021,5634,15,3,42.56
14022,5635,47,3,130.34
14023,5636,6,1,289.07
14024,5636,47,1,130.34
14025,5637,49,2,84.22
14026,5638,54,1,5.57
14027,5638,7,3,97.14
14028,5638,36,3,10.96
14029,5639,10,2,236.19
14030,5639,30,2,30.51
14031,5639,6,3,274.62
14032,5640,23,3,34.05
14033,5640,32,2,13.9
14034,5640,49,3,88.65
14035,5641,54,2,5.86
14036,5641,15,3,42.56
14037,5642,40,2,58.6
14038,5642,15,3,42.56
14039,5642,29,2,17.72
14040,5642,37,3,13.06
14041,5643,55,3,25.2
14042,5643,46,1,158.69
14043,5643,45,1,174.61
14044,5643,5,3,176.19
14045,5644,43,1,37.07
14046,5645,5,2,167.38
14047,5646,9,3,247.25
14048,5646,51,3,4.82
14049,5647,19,3,116.13
14050,5647,25,1,41.66
14051,5648,41,3,110.85
14052,5648,34,3,35.16
14053,5648,15,1,42.56
14054,5649,15,2,42.56
14055,5649,3,2,42.57
14056,5649,19,1,116.13
14057,5650,7,3,97.14
14058,5650,51,3,5.07
14059,5651,39,2,59.27
14060,5651,10,1,236.19
14061,5652,21,1,65.85
14062,5652,7,3,97.14
14063,5653,58,2,21.46
14064,5654,37,1,13.06
14065,5654,15,3,42.56
14066,5654,28,1,9.18
14067,5654,23,1,34.05
14068,5655,27,2,58.96
14069,5655,21,2,69.32
14070,5656,58,1,21.46
14071,5657,19,2,116.13
14072,5657,29,3,17.72
14073,5657,3,3,42.57
14074,5658,2,3,118.54
14075,5659,52,1,34.98
14076,5659,8,3,175.41
14077,5660,57,3,21.3
14078,5660,21,1,69.32
14079,5660,10,1,236.19
14080,5660,45,1,174.61
14081,5661,17,1,63.23
14082,5661,23,1,34.05
14083,5662,44,3,75.69
14084,5662,14,2,39.32
14085,5662,16,3,117.45
14086,5663,7,3,97.14
14087,5663,37,3,13.06
14088,5663,29,2,17.72
14089,5664,43,1,37.07
14090,5665,16,2,111.58
14091,5665,28,2,9.66
14092,5665,19,2,116.13
14093,5666,54,2,5.57
14094,5666,18,3,124.11
14095,5667,39,1,59.27
14096,5667,17,1,63.23
14097,5668,30,3,30.51
14098,5668,5,2,176.19
14099,5668,55,2,25.2
14100,5668,58,2,20.39
14101,5669,22,2,39.88
14102,5669,16,2,117.45
14103,5669,4,2,343.75
14104,5669,56,3,15.32
14105,5670,45,2,174.61
14106,5670,1,1,166.25
14107,5670,56,2,15.32
14108,5671,54,1,5.86
14109,5671,27,2,56.01
14110,5671,1,3,166.25
14111,5671,13,1,71.35
14112,5672,58,2,21.46
14113,5672,46,1,167.04
14114,5673,28,2,9.66
14115,5674,58,2,21.46
14116,5674,20,1,102.52
14117,5674,8,2,175.41
14118,5674,51,2,5.07
14119,5675,5,1,176.19
14120,5675,31,3,34.1
14121,5676,32,3,13.21
14122,5676,34,3,35.16
14123,5676,2,1,118.54
14124,5676,52,1,34.98
14125,5677,35,2,6.01
14126,5678,3,1,42.57
14127,5678,55,1,25.2
14128,5678,7,2,97.14
14129,5679,15,1,42.56
14130,5679,29,1,16.83
14131,5679,60,1,13.97
14132,5679,58,3,21.46
14133,5680,23,1,34.05
14134,5680,33,1,35.23
14135,5680,60,3,13.97
14136,5680,8,1,175.41
14137,5681,23,3,34.05
14138,5682,46,1,167.04
14139,5682,9,2,247.25
14140,5682,50,1,53.01
14141,5682,52,1,34.98
14142,5683,4,2,343.75
14143,5683,58,1,21.46
14144,5683,33,1,35.23
14145,5684,33,2,35.23
14146,5685,50,2,53.01
14147,5685,40,3,58.6
14148,5685,7,2,97.14
14149,5686,51,1,4.82
14150,5686,43,1,35.22
14151,5686,59,1,24.67
14152,5686,17,1,63.23
14153,5687,12,3,120.17
14154,5688,48,2,96.53
14155,5689,53,3,8.99
14156,5689,42,1,76.5
14157,5689,4,1,326.56
14158,5690,32,3,13.9
14159,5690,36,3,10.96
14160,5690,34,1,33.4
14161,5690,58,3,21.46
14162,5691,52,1,34.98
14163,5692,14,3,39.32
14164,5692,47,2,130.34
14165,5693,6,1,289.07
14166,5694,34,1,35.16
14167,5694,28,1,9.66
14168,5694,58,2,21.46
14169,5694,50,3,53.01
14170,5695,31,3,34.1
14171,5695,42,3,76.5
14172,5695,39,2,59.27
14173,5696,52,3,33.23
14174,5696,35,3,6.33
14175,5696,34,3,35.16
14176,5696,44,1,75.69
14177,5697,3,3,42.57
14178,5697,36,3,10.96
14179,5697,39,2,59.27
14180,5698,31,1,32.4
14181,5698,15,2,42.56
14182,5698,1,2,166.25
14183,5698,46,3,158.69
14184,5699,4,3,343.75
14185,5699,17,2,63.23
14186,5700,24,2,42.02
14187,5700,38,1,38.97
14188,5700,41,2,116.68
14189,5700,51,3,4.82
14190,5701,18,3,124.11
14191,5702,19,2,116.13
14192,5702,8,1,175.41
14193,5703,10,2,236.19
14194,5703,28,1,9.66
14195,5703,55,3,23.94
14196,5703,32,3,13.9
14197,5704,21,3,69.32
14198,5704,20,2,102.52
14199,5705,2,3,118.54
14200,5705,50,2,53.01
14201,5706,32,2,13.9
14202,5707,33,1,35.23
14203,5708,57,1,22.42
14204,5708,52,3,34.98
14205,5709,29,1,17.72
14206,5709,12,1,120.17
14207,5709,30,3,30.51
14208,5710,13,1,71.35
14209,5710,24,3,42.02
14210,5710,48,3,101.61
14211,5711,17,2,63.23
14212,5712,6,3,289.07
14213,5713,17,3,63.23
14214,5713,14,3,39.32
14215,5713,5,2,176.19
14216,5713,23,2,34.05
14217,5714,23,2,34.05
14218,5715,45,2,165.88
14219,5715,60,3,13.97
14220,5715,54,3,5.86
14221,5716,49,2,88.65
14222,5716,23,2,34.05
14223,5717,6,2,289.07
14224,5717,37,1,13.06
14225,5718,26,1,84.32
14226,5718,53,2,8.99
14227,5718,36,3,10.41
14228,5719,41,2,116.68
14229,5719,15,1,42.56
14230,5719,44,1,71.91
14231,5719,21,2,69.32
14232,5720,49,3,88.65
14233,5721,60,3,13.97
14234,5721,56,3,15.32
14235,5721,36,3,10.96
14236,5722,50,2,53.01
14237,5722,30,2,28.98
14238,5722,34,1,35.16
14239,5723,38,3,37.02
14240,5724,43,2,37.07
14241,5725,20,1,102.52
14242,5726,51,2,5.07
14243,5726,5,1,176.19
14244,5727,10,2,236.19
14245,5727,52,2,34.98
14246,5727,1,3,166.25
14247,5728,51,2,5.07
14248,5728,37,2,13.06
14249,5728,45,3,174.61
14250,5729,22,1,41.98
14251,5729,13,2,67.78
14252,5729,9,2,234.89
14253,5729,41,3,116.68
14254,5730,1,2,166.25
14255,5730,52,2,34.98
14256,5730,8,3,175.41
14257,5731,25,1,41.66
14258,5731,38,3,38.97
14259,5732,2,3,118.54
14260,5733,43,2,35.22
14261,5733,25,3,41.66
14262,5733,14,1,39.32
14263,5733,41,1,116.68
14264,5734,45,2,165.88
14265,5734,53,3,8.99
14266,5735,55,2,25.2
14267,5735,50,1,53.01
14268,5736,1,3,166.25
14269,5737,7,2,92.28
14270,5737,50,1,53.01
14271,5738,29,2,17.72
14272,5738,45,2,174.61
14273,5739,56,1,15.32
14274,5739,37,1,13.06
14275,5739,49,2,88.65
14276,5740,21,2,69.32
14277,5740,24,2,42.02
14278,5740,59,3,24.67
14279,5741,10,1,236.19
14280,5742,53,1,8.99
14281,5743,15,3,40.43
14282,5744,13,1,67.78
14283,5744,11,3,62.04
14284,5744,20,2,102.52
14285,5744,40,3,58.6
14286,5745,22,3,41.98
14287,5745,40,3,58.6
14288,5745,18,2,124.11
14289,5745,28,3,9.66
14290,5746,27,1,58.96
14291,5747,26,1,84.32
14292,5748,49,1,88.65
14293,5748,47,1,130.34
14294,5748,24,2,42.02
14295,5748,39,3,59.27
14296,5749,3,3,42.57
14297,5749,34,2,35.16
14298,5749,10,3,236.19
14299,5750,31,2,34.1
14300,5750,8,3,175.41
14301,5750,24,1,39.92
14302,5750,9,3,247.25
14303,5751,34,3,35.16
14304,5751,49,1,84.22
14305,5751,1,3,157.94
14306,5752,35,2,6.33
14307,5753,26,3,84.32
14308,5753,54,3,5.57
14309,5753,18,1,124.11
14310,5754,60,2,13.97
14311,5754,34,3,33.4
14312,5755,26,3,80.1
14313,5755,36,2,10.96
14314,5756,11,1,62.04
14315,5756,34,1,35.16
14316,5756,55,3,25.2
14317,5757,48,1,96.53
14318,5757,6,3,289.07
14319,5757,34,1,33.4
14320,5757,29,3,17.72
14321,5758,60,3,13.27
14322,5758,30,3,30.51
14323,5758,48,1,101.61
14324,5759,59,1,23.44
14325,5759,16,1,117.45
14326,5760,15,1,42.56
14327,5760,13,3,71.35
14328,5760,21,1,69.32
14329,5761,40,2,58.6
14330,5762,56,1,15.32
14331,5762,1,3,166.25
14332,5762,5,2,176.19
14333,5762,59,2,24.67
14334,5763,20,3,102.52
14335,5763,15,3,42.56
14336,5764,53,2,8.99
14337,5764,49,1,88.65
14338,5764,36,1,10.96
14339,5764,34,3,35.16
14340,5765,58,3,21.46
14341,5766,1,3,166.25
14342,5767,55,3,25.2
14343,5768,43,2,35.22
14344,5768,1,3,166.25
14345,5768,53,1,8.99
14346,5768,15,2,42.56
14347,5769,28,2,9.66
14348,5770,23,2,34.05
14349,5771,17,2,63.23
14350,5771,50,3,53.01
14351,5771,49,3,88.65
14352,5772,53,3,8.99
14353,5772,48,1,101.61
14354,5772,38,1,38.97
14355,5773,18,1,124.11
14356,5773,22,2,41.98
14357,5773,29,2,17.72
14358,5774,54,1,5.86
14359,5774,19,2,116.13
14360,5774,34,1,35.16
14361,5775,8,2,166.64
14362,5775,56,3,15.32
14363,5776,8,2,166.64
14364,5777,6,2,289.07
14365,5777,4,1,343.75
14366,5778,24,2,42.02
14367,5778,1,1,166.25
14368,5779,27,1,58.96
14369,5779,43,2,37.07
14370,5779,31,3,34.1
14371,5780,52,1,34.98
14372,5780,54,3,5.86
14373,5780,38,3,38.97
14374,5781,5,3,176.19
14375,5781,36,3,10.96
14376,5781,20,2,102.52
14377,5781,39,3,59.27
14378,5782,14,1,39.32
14379,5782,50,3,53.01
14380,5783,8,1,175.41
14381,5783,17,1,63.23
14382,5784,7,1,97.14
14383,5784,30,3,30.51
14384,5784,12,1,120.17
14385,5785,9,1,247.25
14386,5785,17,1,63.23
14387,5785,42,3,76.5
14388,5786,9,3,247.25
14389,5786,32,3,13.9
14390,5787,52,2,33.23
14391,5787,16,1,111.58
14392,5787,14,2,39.32
14393,5787,49,2,88.65
14394,5788,57,3,22.42
14395,5788,30,2,30.51
14396,5789,30,3,30.51
14397,5789,55,3,23.94
14398,5790,54,3,5.86
14399,5790,1,3,157.94
14400,5790,57,3,22.42
14401,5790,34,2,35.16
14402,5791,55,2,25.2
14403,5791,38,1,38.97
14404,5791,52,1,34.98
14405,5791,31,2,34.1
14406,5792,42,1,76.5
14407,5793,12,1,120.17
14408,5794,20,1,102.52
14409,5795,50,3,53.01
14410,5795,45,3,174.61
14411,5795,54,2,5.86
14412,5796,51,1,5.07
14413,5796,5,3,176.19
14414,5796,29,3,17.72
14415,5796,25,2,41.66
14416,5797,21,1,69.32
14417,5797,48,3,96.53
14418,5797,42,3,76.5
14419,5797,15,1,42.56
14420,5798,44,3,75.69
14421,5798,4,1,343.75
14422,5798,40,2,58.6
14423,5798,59,1,24.67
14424,5799,27,3,58.96
14425,5799,49,1,84.22
14426,5800,53,3,8.99
14427,5800,48,3,101.61
14428,5800,22,3,41.98
14429,5801,24,3,42.02
14430,5802,24,2,42.02
14431,5802,9,2,247.25
14432,5802,33,2,35.23
14433,5803,43,1,37.07
14434,5803,57,3,22.42
14435,5803,24,2,42.02
14436,5803,19,2,116.13
14437,5804,29,1,17.72
14438,5804,30,3,30.51
14439,5804,15,1,42.56
14440,5804,49,3,88.65
14441,5805,56,3,15.32
14442,5805,46,1,167.04
14443,5805,34,3,35.16
14444,5806,38,2,38.97
14445,5806,6,3,289.07
14446,5807,27,3,58.96
14447,5807,53,3,8.99
14448,5808,56,2,15.32
14449,5808,45,1,174.61
14450,5809,24,3,42.02
14451,5809,34,2,35.16
14452,5809,32,1,13.21
14453,5810,35,1,6.33
14454,5811,19,2,116.13
14455,5812,49,1,88.65
14456,5812,54,1,5.57
14457,5812,19,1,116.13
14458,5812,58,2,21.46
14459,5813,59,1,24.67
14460,5813,18,1,124.11
14461,5814,56,1,15.32
14462,5815,22,1,41.98
14463,5815,11,2,62.04
14464,5815,28,2,9.66
14465,5816,55,3,25.2
14466,5816,14,2,39.32
14467,5816,4,2,326.56
14468,5817,38,3,38.97
14469,5818,52,3,34.98
14470,5819,3,2,42.57
14471,5819,24,2,42.02
14472,5819,36,1,10.96
14473,5820,4,2,343.75
14474,5820,45,2,174.61
14475,5821,51,3,5.07
14476,5821,6,2,289.07
14477,5821,52,1,34.98
14478,5821,18,1,117.9
14479,5822,59,2,24.67
14480,5822,6,2,289.07
14481,5823,54,1,5.86
14482,5823,13,3,71.35
14483,5823,4,1,343.75
14484,5823,32,1,13.21
14485,5824,3,3,42.57
14486,5824,57,1,22.42
14487,5824,14,2,39.32
14488,5824,4,3,343.75
14489,5825,43,3,37.07
14490,5825,14,1,39.32
14491,5825,16,2,117.45
14492,5826,36,1,10.41
14493,5826,40,1,58.6
14494,5827,32,2,13.9
14495,5827,25,3,41.66
14496,5827,54,2,5.86
14497,5827,27,3,58.96
14498,5828,37,3,13.06
14499,5828,49,2,88.65
14500,5829,8,3,175.41
14501,5829,19,3,116.13
14502,5830,6,3,289.07
14503,5830,19,3,116.13
14504,5830,47,1,130.34
14505,5830,8,3,166.64
14506,5831,47,3,123.82
14507,5831,2,3,118.54
14508,5831,60,1,13.27
14509,5831,16,1,117.45
14510,5832,27,1,58.96
14511,5833,34,3,35.16
14512,5834,47,3,130.34
14513,5834,26,1,84.32
14514,5834,54,3,5.86
14515,5835,13,2,71.35
14516,5835,36,3,10.96
14517,5835,18,2,124.11
14518,5836,44,1,75.69
14519,5837,51,2,4.82
14520,5838,54,3,5.86
14521,5839,1,1,166.25
14522,5839,9,3,247.25
14523,5840,30,3,30.51
14524,5840,1,3,166.25
14525,5840,41,2,116.68
14526,5840,22,2,41.98
14527,5841,45,2,174.61
14528,5841,39,2,59.27
14529,5842,28,3,9.66
14530,5842,52,2,34.98
14531,5842,33,3,35.23
14532,5842,41,3,116.68
14533,5843,9,1,247.25
14534,5843,55,3,25.2
14535,5844,59,1,24.67
14536,5845,32,3,13.9
14537,5845,8,1,175.41
14538,5845,22,2,41.98
14539,5845,9,1,247.25
14540,5846,18,3,124.11
14541,5846,54,2,5.86
14542,5847,39,3,59.27
14543,5847,32,1,13.21
14544,5847,16,1,117.45
14545,5847,43,1,37.07
14546,5848,23,2,34.05
14547,5848,48,3,101.61
14548,5848,20,1,102.52
14549,5848,57,1,22.42
14550,5849,4,3,343.75
14551,5849,16,2,117.45
14552,5849,6,3,289.07
14553,5849,17,3,63.23
14554,5850,32,1,13.9
14555,5850,59,2,24.67
14556,5850,47,3,130.34
14557,5851,45,1,174.61
14558,5852,43,1,37.07
14559,5852,31,3,34.1
14560,5852,15,1,42.56
14561,5852,58,1,21.46
14562,5853,17,2,63.23
14563,5853,9,2,234.89
14564,5854,54,2,5.86
14565,5854,22,2,41.98
14566,5854,59,1,24.67
14567,5855,38,1,38.97
14568,5855,57,3,22.42
14569,5855,24,1,42.02
14570,5856,59,2,24.67
14571,5856,26,3,84.32
14572,5857,21,1,65.85
14573,5857,10,3,236.19
14574,5857,15,3,42.56
14575,5858,10,3,236.19
14576,5858,21,3,69.32
14577,5858,14,1,39.32
14578,5858,38,2,38.97
14579,5859,23,1,34.05
14580,5859,51,1,4.82
14581,5859,3,2,42.57
14582,5860,19,1,116.13
14583,5860,33,3,33.47
14584,5860,32,2,13.9
14585,5860,57,1,21.3
14586,5861,11,3,62.04
14587,5861,22,3,41.98
14588,5861,43,2,37.07
14589,5861,5,1,167.38
14590,5862,16,2,117.45
14591,5862,11,3,62.04
14592,5863,38,2,38.97
14593,5863,24,2,39.92
14594,5863,5,3,176.19
14595,5863,52,1,34.98
14596,5864,4,3,343.75
14597,5864,18,3,124.11
14598,5865,44,2,75.69
14599,5865,51,3,4.82
14600,5866,20,3,102.52
14601,5866,34,2,35.16
14602,5866,16,1,117.45
14603,5867,58,3,21.46
14604,5867,6,1,289.07
14605,5867,59,3,24.67
14606,5867,48,1,101.61
14607,5868,35,1,6.33
14608,5868,48,3,101.61
14609,5868,15,3,40.43
14610,5869,55,3,25.2
14611,5870,48,1,96.53
14612,5870,23,1,32.35
14613,5870,30,1,30.51
14614,5870,41,3,116.68
14615,5871,11,3,62.04
14616,5871,1,3,166.25
14617,5872,24,2,42.02
14618,5872,54,1,5.86
14619,5872,26,2,84.32
14620,5872,45,1,174.61
14621,5873,44,1,75.69
14622,5873,24,1,42.02
14623,5873,32,3,13.9
14624,5873,23,1,34.05
14625,5874,43,1,37.07
14626,5874,36,2,10.96
14627,5874,55,3,25.2
14628,5875,16,1,117.45
14629,5875,3,3,40.44
14630,5875,28,2,9.66
14631,5875,22,1,41.98
14632,5876,60,1,13.97
14633,5876,13,3,71.35
14634,5876,41,3,116.68
14635,5877,37,1,13.06
14636,5877,42,3,76.5
14637,5877,51,3,4.82
14638,5878,11,1,58.94
14639,5878,40,1,58.6
14640,5878,54,2,5.86
14641,5878,22,3,41.98
14642,5879,16,3,117.45
14643,5879,6,3,289.07
14644,5880,6,3,289.07
14645,5880,10,1,236.19
14646,5880,57,1,22.42
14647,5880,58,3,21.46
14648,5881,41,2,116.68
14649,5881,58,2,21.46
14650,5882,21,1,69.32
14651,5882,13,1,71.35
14652,5882,59,3,23.44
14653,5882,39,3,59.27
14654,5883,51,3,5.07
14655,5883,40,2,58.6
14656,5884,31,2,34.1
14657,5884,39,1,59.27
14658,5885,2,2,118.54
14659,5885,42,2,76.5
14660,5886,42,2,76.5
14661,5887,31,3,32.4
14662,5887,6,1,274.62
14663,5887,4,3,326.56
14664,5888,1,3,166.25
14665,5889,51,1,4.82
14666,5889,14,3,39.32
14667,5889,53,1,8.99
14668,5890,18,1,124.11
14669,5890,44,1,75.69
14670,5891,21,3,69.32
14671,5891,1,3,166.25
14672,5892,20,1,102.52
14673,5893,24,1,42.02
14674,5893,36,2,10.96
14675,5893,42,1,76.5
14676,5894,53,2,8.99
14677,5894,60,1,13.97
14678,5894,12,3,114.16
14679,5894,30,1,30.51
14680,5895,59,2,24.67
14681,5895,37,3,13.06
14682,5895,12,3,120.17
14683,5896,28,2,9.18
14684,5896,32,1,13.9
14685,5896,16,3,117.45
14686,5896,6,3,274.62
14687,5897,33,1,35.23
14688,5898,40,1,58.6
14689,5898,56,3,15.32
14690,5899,52,3,33.23
14691,5899,1,3,166.25
14692,5899,38,3,38.97
14693,5900,43,3,37.07
14694,5900,54,3,5.86
14695,5900,8,3,175.41
14696,5901,19,2,110.32
14697,5901,56,1,15.32
14698,5901,40,2,58.6
14699,5902,52,2,34.98
14700,5902,57,1,22.42
14701,5902,18,2,124.11
14702,5902,19,3,116.13
14703,5903,8,3,166.64
14704,5903,5,3,176.19
14705,5903,41,2,116.68
14706,5903,40,2,58.6
14707,5904,57,3,22.42
14708,5904,19,2,116.13
14709,5904,60,3,13.97
14710,5904,30,2,28.98
14711,5905,50,1,53.01
14712,5905,7,1,97.14
14713,5906,11,1,62.04
14714,5906,57,3,21.3
14715,5906,60,3,13.97
14716,5906,15,2,42.56
14717,5907,51,1,5.07
14718,5907,43,1,37.07
14719,5907,6,2,289.07
14720,5907,59,2,24.67
14721,5908,47,2,130.34
14722,5908,22,1,39.88
14723,5908,8,2,175.41
14724,5909,8,2,175.41
14725,5909,2,3,118.54
14726,5909,15,1,42.56
14727,5909,53,3,8.54
14728,5910,13,2,71.35
14729,5910,7,3,97.14
14730,5911,44,1,75.69
14731,5911,16,2,117.45
14732,5912,31,1,32.4
14733,5912,4,2,343.75
14734,5912,16,1,111.58
14735,5912,2,3,118.54
14736,5913,49,2,88.65
14737,5914,56,3,15.32
14738,5914,30,1,30.51
14739,5914,12,2,120.17
14740,5915,20,2,102.52
14741,5915,48,3,96.53
14742,5915,36,1,10.96
14743,5916,46,1,167.04
14744,5917,49,1,88.65
14745,5917,59,2,24.67
14746,5917,34,2,33.4
14747,5918,56,2,14.55
14748,5918,17,3,63.23
14749,5918,13,1,71.35
14750,5918,34,1,35.16
14751,5919,23,2,34.05
14752,5919,39,3,59.27
14753,5919,24,2,39.92
14754,5920,5,2,176.19
14755,5920,35,1,6.33
14756,5920,13,1,67.78
14757,5920,51,1,5.07
14758,5921,1,1,166.25
14759,5922,36,1,10.41
14760,5923,36,1,10.96
14761,5923,41,1,116.68
14762,5923,19,1,116.13
14763,5923,2,1,118.54
14764,5924,16,2,117.45
14765,5924,60,2,13.27
14766,5924,45,3,174.61
14767,5925,59,3,24.67
14768,5926,33,1,35.23
14769,5926,21,3,69.32
14770,5926,22,2,39.88
14771,5926,42,2,76.5
14772,5927,44,1,75.69
14773,5927,56,2,15.32
14774,5927,32,2,13.21
14775,5928,30,3,30.51
14776,5929,36,3,10.96
14777,5930,13,2,71.35
14778,5930,56,2,15.32
14779,5930,58,3,21.46
14780,5931,57,2,22.42
14781,5931,47,1,130.34
14782,5931,37,1,13.06
14783,5932,2,3,118.54
14784,5932,18,1,124.11
14785,5932,6,3,289.07
14786,5932,4,3,343.75
14787,5933,46,1,167.04
14788,5934,3,2,42.57
14789,5934,32,1,13.9
14790,5934,57,2,22.42
14791,5934,11,3,62.04
14792,5935,40,2,55.67
14793,5936,57,2,22.42
14794,5936,39,1,56.31
14795,5937,46,3,167.04
14796,5938,34,2,35.16
14797,5938,25,1,41.66
14798,5938,41,2,116.68
14799,5938,29,1,16.83
14800,5939,26,2,84.32
14801,5939,1,1,166.25
14802,5940,60,1,13.97
14803,5940,49,3,88.65
14804,5940,16,2,117.45
14805,5940,56,3,15.32
14806,5941,3,2,40.44
14807,5941,9,3,247.25
14808,5941,30,1,30.51
14809,5941,56,1,15.32
14810,5942,22,2,41.98
14811,5943,16,3,117.45
14812,5943,38,1,38.97
14813,5943,9,3,247.25
14814,5944,49,2,88.65
14815,5944,42,1,76.5
14816,5944,27,2,58.96
14817,5945,31,2,34.1
14818,5945,25,3,41.66
14819,5946,57,1,22.42
14820,5946,38,3,38.97
14821,5946,16,2,117.45
14822,5946,17,2,63.23
14823,5947,34,3,35.16
14824,5947,48,2,96.53
14825,5948,37,1,13.06
14826,5948,43,3,35.22
14827,5948,28,2,9.66
14828,5948,48,1,101.61
14829,5949,3,2,42.57
14830,5949,15,1,42.56
14831,5949,51,1,5.07
14832,5949,13,1,71.35
14833,5950,51,3,5.07
14834,5950,31,1,34.1
14835,5951,34,2,33.4
14836,5951,15,1,42.56
14837,5951,59,2,24.67
14838,5951,23,3,32.35
14839,5952,54,3,5.86
14840,5952,49,2,88.65
14841,5952,14,2,39.32
14842,5953,45,1,174.61
14843,5953,29,2,17.72
14844,5953,37,1,13.06
14845,5954,50,1,53.01
14846,5955,12,1,120.17
14847,5955,40,3,58.6
14848,5956,37,2,12.41
14849,5956,52,2,34.98
14850,5956,45,3,174.61
14851,5956,33,3,35.23
14852,5957,53,3,8.54
14853,5957,11,3,62.04
14854,5957,44,2,75.69
14855,5957,14,3,39.32
14856,5958,40,1,55.67
14857,5958,60,2,13.97
14858,5959,50,2,53.01
14859,5959,31,1,34.1
14860,5959,22,3,41.98
14861,5960,23,1,34.05
14862,5960,7,3,97.14
14863,5960,37,3,13.06
14864,5961,56,1,15.32
14865,5962,59,2,24.67
14866,5963,53,3,8.99
14867,5964,2,2,118.54
14868,5965,27,2,58.96
14869,5965,59,3,24.67
14870,5966,50,3,50.36
14871,5967,54,1,5.86
14872,5967,18,2,124.11
14873,5967,1,3,166.25
14874,5968,29,2,17.72
14875,5968,5,3,167.38
14876,5968,44,2,75.69
14877,5968,4,1,343.75
14878,5969,43,3,37.07
14879,5969,46,1,167.04
14880,5969,35,3,6.33
14881,5969,57,1,22.42
14882,5970,55,1,25.2
14883,5970,3,2,42.57
14884,5971,50,3,50.36
14885,5972,54,2,5.86
14886,5972,19,3,116.13
14887,5973,28,2,9.66
14888,5973,34,2,33.4
14889,5974,6,2,289.07
14890,5974,13,1,71.35
14891,5975,8,1,175.41
14892,5975,48,1,101.61
14893,5975,24,2,39.92
14894,5975,25,1,41.66
14895,5976,48,2,96.53
14896,5976,40,3,55.67
14897,5977,30,2,30.51
14898,5978,32,1,13.9
14899,5978,17,2,63.23
14900,5979,6,2,289.07
14901,5979,3,3,42.57
14902,5980,25,1,41.66
14903,5980,17,3,63.23
14904,5981,15,3,42.56
14905,5981,6,3,289.07
14906,5981,39,2,59.27
14907,5982,41,3,116.68
14908,5982,45,1,174.61
14909,5982,50,1,53.01
14910,5983,18,2,124.11
14911,5983,40,2,58.6
14912,5983,38,2,38.97
14913,5983,21,3,69.32
14914,5984,16,2,117.45
14915,5984,36,3,10.96
14916,5985,9,2,234.89
14917,5985,46,1,167.04
14918,5985,28,3,9.66
14919,5985,11,3,62.04
14920,5986,43,1,37.07
14921,5987,12,3,114.16
14922,5988,45,1,165.88
14923,5988,19,3,110.32
14924,5989,14,2,39.32
14925,5989,51,2,5.07
14926,5989,41,3,116.68
14927,5990,46,3,158.69
14928,5990,32,2,13.9
14929,5990,43,2,37.07
14930,5991,41,3,116.68
14931,5991,35,2,6.33
14932,5991,38,1,38.97
14933,5991,24,1,39.92
14934,5992,43,3,37.07
14935,5992,53,3,8.99
14936,5992,15,1,42.56
14937,5993,27,3,56.01
14938,5994,16,2,117.45
14939,5994,30,3,30.51
14940,5995,25,3,41.66
14941,5995,50,2,50.36
14942,5995,54,2,5.86
14943,5996,20,2,102.52
14944,5996,2,1,118.54
14945,5996,5,1,176.19
14946,5996,46,3,167.04
14947,5997,44,3,75.69
14948,5997,36,2,10.96
14949,5997,17,2,63.23
14950,5997,48,2,96.53
14951,5998,10,3,236.19
14952,5998,9,3,247.25
14953,5998,26,1,80.1
14954,5999,7,1,92.28
14955,5999,54,1,5.57
14956,6000,16,2,117.45
14957,6000,18,2,124.11
14958,6000,29,3,17.72
14959,6000,41,1,110.85
14960,6001,4,1,326.56
14961,6001,29,1,16.83
14962,6001,14,1,39.32
14963,6002,35,2,6.33
14964,6003,46,3,167.04
14965,6004,54,2,5.57
14966,6004,36,1,10.41
14967,6004,52,1,34.98
14968,6005,38,2,38.97
14969,6005,5,2,176.19
14970,6005,48,2,101.61
14971,6005,59,2,24.67
14972,6006,27,1,58.96
14973,6006,40,3,58.6
14974,6007,8,2,175.41
14975,6007,11,3,62.04
14976,6007,3,3,42.57
14977,6008,43,3,37.07
14978,6008,19,3,116.13
14979,6008,31,1,34.1
14980,6009,57,1,22.42
14981,6010,46,3,167.04
14982,6010,15,1,40.43
14983,6010,18,1,117.9
14984,6011,14,2,39.32
14985,6012,30,3,28.98
14986,6012,23,3,34.05
14987,6012,8,3,175.41
14988,6013,35,2,6.33
14989,6014,51,2,5.07
14990,6014,25,3,41.66
14991,6014,38,2,38.97
14992,6015,26,1,80.1
14993,6015,42,1,76.5
14994,6015,6,2,289.07
14995,6015,11,1,62.04
14996,6016,18,1,124.11
14997,6016,34,1,35.16
14998,6017,39,2,59.27
14999,6017,22,3,41.98
15000,6017,8,2,166.64
15001,6017,31,1,34.1
15002,6018,35,3,6.33
15003,6019,7,1,97.14
15004,6020,6,1,289.07
15005,6020,59,3,24.67
15006,6020,8,1,175.41
15007,6021,56,2,15.32
15008,6021,42,2,76.5
15009,6021,4,1,343.75
15010,6022,50,2,53.01
15011,6022,11,3,62.04
15012,6023,24,1,42.02
15013,6023,57,2,22.42
15014,6024,56,2,15.32
15015,6024,45,3,174.61
15016,6024,46,1,167.04
15017,6025,13,1,71.35
15018,6025,24,2,42.02
15019,6025,54,1,5.86
15020,6025,33,1,35.23
15021,6026,55,3,25.2
15022,6026,36,2,10.41
15023,6026,60,3,13.97
15024,6027,52,1,34.98
15025,6028,54,2,5.86
15026,6028,26,2,84.32
15027,6028,27,3,58.96
15028,6028,52,1,34.98
15029,6029,19,3,116.13
15030,6029,22,1,39.88
15031,6030,5,1,176.19
15032,6030,17,1,63.23
15033,6031,14,3,39.32
15034,6031,59,1,24.67
15035,6032,57,3,21.3
15036,6033,9,3,247.25
15037,6033,24,1,42.02
15038,6033,49,3,88.65
15039,6034,22,1,41.98
15040,6034,19,2,116.13
15041,6035,29,2,17.72
15042,6035,12,3,120.17
15043,6035,9,3,247.25
15044,6035,10,3,236.19
15045,6036,53,1,8.99
15046,6036,13,2,71.35
15047,6037,19,1,116.13
15048,6037,57,1,22.42
15049,6037,53,1,8.99
15050,6037,13,3,71.35
15051,6038,13,1,71.35
15052,6039,24,3,39.92
15053,6040,56,1,14.55
15054,6040,52,1,34.98
15055,6041,59,3,24.67
15056,6041,38,2,38.97
15057,6041,26,3,84.32
15058,6042,58,3,20.39
15059,6043,40,3,58.6
15060,6044,20,3,102.52
15061,6044,37,2,12.41
15062,6044,56,2,15.32
15063,6045,10,1,236.19
15064,6046,4,3,343.75
15065,6046,2,1,118.54
15066,6046,33,2,35.23
15067,6047,58,1,21.46
15068,6048,29,2,17.72
15069,6048,47,1,130.34
15070,6048,7,2,97.14
15071,6048,34,1,35.16
15072,6049,51,1,5.07
15073,6049,33,2,35.23
15074,6049,32,2,13.9
15075,6049,31,3,34.1
15076,6050,41,2,116.68
15077,6050,27,2,58.96
15078,6051,15,1,40.43
15079,6052,12,2,120.17
15080,6052,24,2,42.02
15081,6052,43,3,37.07
15082,6053,24,2,42.02
15083,6053,59,2,24.67
15084,6053,32,3,13.9
15085,6053,43,1,37.07
15086,6054,18,2,124.11
15087,6054,53,3,8.54
15088,6054,48,1,96.53
15089,6054,15,3,42.56
15090,6055,53,1,8.99
15091,6055,28,1,9.66
15092,6055,45,2,174.61
15093,6055,20,1,102.52
15094,6056,20,2,102.52
15095,6056,59,3,24.67
15096,6056,48,3,96.53
15097,6057,27,3,56.01
15098,6057,10,3,236.19
15099,6057,23,2,34.05
15100,6057,13,3,67.78
15101,6058,60,2,13.97
15102,6058,22,2,41.98
15103,6058,12,2,120.17
15104,6058,52,3,34.98
15105,6059,8,2,175.41
15106,6060,26,3,84.32
15107,6060,47,1,130.34
15108,6060,21,2,69.32
15109,6061,29,1,16.83
15110,6062,54,3,5.57
15111,6062,44,3,75.69
15112,6062,57,1,21.3
15113,6062,40,3,58.6
15114,6063,20,2,102.52
15115,6063,46,2,167.04
15116,6063,19,1,116.13
15117,6064,49,2,88.65
15118,6064,35,1,6.33
15119,6065,43,1,37.07
15120,6066,56,2,15.32
15121,6066,19,2,116.13
15122,6066,27,2,58.96
15123,6067,2,1,118.54
15124,6067,36,2,10.96
15125,6067,40,1,58.6
15126,6068,38,2,38.97
15127,6068,12,2,120.17
15128,6068,53,1,8.99
15129,6068,34,1,35.16
15130,6069,34,2,35.16
15131,6069,59,1,24.67
15132,6069,36,3,10.96
15133,6070,17,1,63.23
15134,6070,41,3,110.85
15135,6070,18,1,117.9
15136,6070,47,2,130.34
15137,6071,25,1,41.66
15138,6071,7,1,97.14
